id,Label,clean_tweet_v2
1,-1,मध्ये करत खरंच करत हेच कळत राव
2,-1,अबे येड्या कळतो तुला
3,-1,बरं झालं लिहिले आजच बावनकुळे असते तुमचे
4,-1,किव्वा चे द्यावे नमो च्या नावाने आहेच विमानतळ सुद्धा होऊन जाऊदे आम्ही सुद्धा तुमच्या सारखे जोक्स मरतो राव
5,-1,वी नापास नांगरगठ्ठ्या देशाचा पंतप्रधान होऊन बसलाय तोच विज्ञान तंत्रज्ञान विभागाचा मंत्री पुरस्कारांचे नाव बदलतोय मठ्ठाड चोंगे म्हणतात बर झाल बदललं
6,-1,राधे राधे
7,-1,हरमी साले
8,1,इकॉनॉमिस्ट इकॉनॉमी यांचा काडीचा संबंध
9,-1,दिवसापूर्वी अल्फा च्या ट्विट वर चे पंतप्रधान त्यांचे सोबती हिंसेचे पुजारी यांचा व्यंग फोटो टाकला केलं डिलीट
10,-1,सारे बैंगर पेलु अकॉन्ट्स
11,-1,२ मिनिटे मला सोसायटी महाराष्ट्र परप्रांतीय ब्राह्मण सुशिक्षित व्यक्ती फडणवीस अडाणी चित्र उभे राहिले मला पहिले वाटले व्यंग मध्ये भारी टोमणा मारला नंतर तुमचा बायो पाहिला
12,-1,व्यंग कुत्र्यांच्या डोक्यावरून जाणारा
13,-1,काहीही म्हणा राहुल गांधींचा व्यंग अंदाज एकदम भारी
14,-1,आरटी दे भोसडीके
15,-1,आतापर्यंतचा सर्वात निष्क्रिय पी यम
16,-1,फेकू कोंबडा पायउतार होणे हीच मोठी मदत सध्यातरी
17,-1,प्रत्येकाला मत जुळणारे लोक आवडतात ट्विटर वर व्यंग च्या नावाखाली जास्तच टोमणे असतात
18,-1,तुझ्या सारखा रोजाने कामाला
19,-1,कोन शिकवणार जे सतरंज्या उचलुन ४० पैसे पर ट्वीट करणार शिकवणार मला स्वअनुभवातुन
20,-1,रे मला टाईम रिकामा तुझ्या सारखा तेव्हा एवढा वेळ घालवत नेट वर तुम्हा लोकांना वर्कर च ४० पैशाने पेमेंट चालु तेव्हा तुच कर
21,-1,फेक आयडी वाल्या ट्रोललर ला ४० पैसे पेंमेट मिळालं वाटतं
22,-1,आलास लायकी वरतीतुमच्याकडे मुद्देसूद बोलायला नसतं मं आयाबहिणींवर येतात यावरुनच कळतात संस्कार झालेच नाहीत स्वतःला शिवभक्त समजतात याला भंपक शिवभक्त बोलतातबिना आईबापाची पोरं असंच बोलणार अपेक्षीत तुझ्याकडूनकळाला
23,-1,तुला व्यंग सांगतो मग ऐक तुझ्या आईची शारीरिक जडणघडण वेगळीच कसा
24,-1,मला वाटतं व्यंग तुला कळत असो
25,-1,असाच किस्सा महाराष्ट्र मध्ये हॉस्टेल वर झालेला बायका पळवणारा समजून काँग्रेसच्या किरकोळ नेत्याला मारला व्यंग त्याच्याच बायकोने मारला आपण दखल घ्या
26,-1,मॉर्निंग प्रा
27,-1,कोन बांगर क्वीन
28,-1,गुड मॉर्निंग सर यही
29,-1,सत्य गुरुजी
30,-1,पाणी वळवून माथेरानला जायला पाहिजे
31,-1,बघ असं तुझं खरं बोलावं व्यंग म्हणे
32,-1,नाचता येईना अंगण वाकडे असंच वाटणार मग कोणती गाडी चांगली वाटते तितच जाऊन ज्ञान पाजळा
33,-1,बरोबर मग निवडून देताना नीट द्यावं ना कश्याला घटनेला जबाबदार ठरवायचं
34,-1,बापानं पोरासाठी किती कष्ट घ्या पोर शेवटी हेच म्हणत माझ्यासाठी केलंय संविधानाने तुम्हाला दिलंय पणतरीपण आमच्या फायदाच असाच तुणतुणं मिरवणार
35,-1,अहो शेठ घटना किती मोठी किती लहान यापेक्षा चालवणार्या च्या हातात असती आधी सांभाळा मग नाव ठेवा
36,-1,असती जगातील सर्वांत मोठी घटनाच नसती कधी मन मोठं दाखवा शेठ
37,-1,व्यंग च्या नावाखाली काहीपण बोलत
38,-1,जय शिव शंभू
39,-1,मला वाटतंय व्यंग ट्विट
40,-1,गुड मॉर्निंग मालिक
41,-1,मागच्या वेळी आपण शिवराज सिंग चौंहानांचा एडिट व्यंग तयार होताटिका कराय खर मंद बुद्धीचे शेणा कार्यकर्ते फोटो खरा समजून वरून सोबत हाथभर लेख लिहूनअभिमानान फिरवत होतेमी भरपूर ठिकाणी पाहिलंलय्
42,-1,त्याला व्यंग म्हणतात
43,-1,पुढच्या निवडणुकी द्वारे पुन्हा जनतेची सेवा करायला सांगितले जाते
44,-1,गुड मॉर्निंग किंग
45,-1,उपवासाचे खाऊन अजीर्ण होणे सगळ्यात मोठी व्यंग
46,-1,गुड नाईट
47,-1,उपवासाचां खाऊन अजीर्ण होणे वेगळीच व्यंग
48,-1,अरे याला व्यंग पद्धतीने समाचार घेणं म्हणतात
49,-1,त्यांच्या मरणाची ब्रेकिंग न्यूज जोवर श्वास तोवर त्यांचं अस्तित्वही नव्हतं
50,-1,बाय कींग बाबा
51,1,२ पर्याय सुचले मला १ मुंबईचे भौगोलिक स्थलांतरण करुया समुद्रापासून लांब २ जुलै महिन्याच्या सुरुवातीला मुंबईतील किनारपट्टीवर हीटर लावायचे जेणेकरुन मुंबईच्या आजुबाजूला जास्त्ं दाबाचा पट्टा निर्माण होऊन पावसाचे प्रमाण नियंत्रि
52,1,बातम्या पाहत होतो सगळीकडे मुंबई कशी तुंबली दाखवत अचानक जोरात उचकी लागायला लागली केल्या राहिणा आई ह्याचा नाव घ्यायला लागली कुणी आठवण काढली राहत नव्हती शेवटी मीच ९किमी ढगाची आठवण काढली आश्चर्य उचकी राहिली
53,-1,मराठी लिहायला शिक आगोदर मग चर्चा कर
54,-1,कुणाच्या मंगल प्रभात लोढाच्या प्रवीण दरेकरच्या चित्रा वाघ यांचे पती किशोर वाघच्या
55,1,काल गल्ली मधले काका पोराला रागात म्हणत गाडीने नको जाऊ जवळ आहेपेट्रोल चे भाव बघितले हेच जे २०१४ अन् २०१९ मधे गल्ली मधे फिरून मोदी महागाई कशी होईल समजावून सांगत
56,-1,प्रश्न ज्या लोकांना व्यंग नावाची गोष्ट कळत चूतिये येतात इथे ट्विटरवर
57,-1,स्वतः नामर्द मर्द वर पोवाडा करतोय व्यंग
58,-1,विषय
59,1,आमच्याकडे अफवा पसरली लोकसंख्या नियंत्रनासाठी राहुल गांधीनी लग्न खरं
60,1,राणेना मिळालेलं मंत्री पद पाहून भाजप जॉईन करणार
61,-1,त्यासाठी व्यंग बद्दल असावं लागतं डोकं लावावं लागतं जास्तमग समजतात ट्विट
62,-1,हो माझ्यासाठी मालक तुझ्यासारख्या लोकांसाठी दूध आणून देणारा दूधवाला बाप असतो त्याला रेशनवाला अब्रूशून्य अक्कल शून्य स्वयंघोषित कलमवाला
63,-1,तू बोलतो शरद पवार मोठे नेते नाहीत बर ठीक मग अस तुझ्या घरात राशन आपण बोलतो आपण माणसाचा विरोध करतोय एवढं सांगा त्यांनी तुझं अस तू त्यांना मोठा नेता मानत सांग उगाच बडब
64,-1,राशन आणून दिले संपले तेवढंच टॅक्स सर्वच देताततू एखाद्यच्या घरात कधी गेला राशन त्यानंतर त्याचे प्रॉब्लेम
65,-1,आवडणे आवडणे वेगवेगळ्या गोष्टी तुला साहेब आवडत त्यावर प्रश्न कर उत्तर देतो विनाकारण हिंदी भाषा नको जपान चीन अमेरिका आपण कुणाबद्दल बोलतोय त्याच भान पाहिजे
66,-1,तुझ्या वडिलांना आदरणीय म्हटले तू चाटु बोलतोय शब्द तुझे कसे स्वयंघोषित कलमवाला
67,-1,तू अक्कल शून्य माणूस आहेस मला एवढंच बोलायचं
68,-1,तू निघालातू जस चांगल्या ला चांगले म्हणायची ताकद ठेवतो तसच आम्ही चांगल्या ला चांगलेच म्हणतो तुला सांगतो तू कविता लिही आहेस मेहनत आयुष्य अस शीर्षक देयाला राजकारण म्हणतातयात स्पर्धा आयुष्याची नसते टिकण्य
69,-1,तू कुणीही असला नसला फरक पडत नाहीतू महाराष्ट्राच्या बाहेर जा जरा देश फिरून ये मग साहेबांच्या बद्दल बोल पडळकर कर सारख करतो तू कलमवाला तुझं खरं
70,-1,तू नसेल ओळखत तू ओळखायला नको तुझ्या आदरणीय वडिलांना विचारशरद पवार कोण च पिल्लू
71,-1,हर हर महादेव सुप्रभात
72,-1,जेव्हा अल्लाउद्दीन खिलजी पुण्यातल्या पोरी शोधायला बाहेर पडतो
73,1,पंकजा ताईच्या समर्थकांनी राजीनामा दिला महाआघाडी वाले ताई खूप चांगल्या त्यांच्यावर कायमच अन्याय रोख भूमिका घेतली पाहिजे असं म्हणताना सपोर्ट करताना दिसतायेत त्यांचेच भाजपाचे लोक ताईचे कर्तुत्व स्वतः केलंय असं विरोधात बोलतायत
74,-1,चॅटिंग करताना ईमोजी वापरणं बंद केलं लोक व्यंग अन जोक्स सुद्धा सिरियसली घ्यायला लागतात
75,-1,मुमताज शम्मी च व्यंग नातीना आपण पाहतोय
76,-1,सुप्रभात
77,-1,ओ मिस्टर तुमचं सो व्यंग तुमच्या जवळ ठेवा महाराज म्हटल्यावर कोण मनात सगळ्यांना माहीत दुसरी गोष्ट ज्या बाजीराव पेशव्यांबद्दल तुम्ही बोलता आहात त्यांच्या बद्दल अजून मिळवा एकही युद्ध हरलेला राजा भारतात
78,-1,तुम्ही ज्याची चाकरी करता मामु फोटोग्राफी डिग्री उपमु
79,1,तुम्ही पक्षाध्यक्ष व्हा आमचा बिनशर्त पाठिंबा तुम्ही पप्पू पप्पू घोष लावा
80,-1,मित्रा व्यंग कळत बहुधा तुला
81,-1,जुलय अखिल भारतीय कोंकणी परिशदेचो वो वर्धापन दीस कोवीद महामारेक लागून कार्यावळ जाताकार्यावळ सगळ्या खातीर लायव आसतली आसतली परीशदेन दिल्या लिंकार वचून सगळ्यांनी हि कार्यावळ पळोवची
82,1,मोदी शहा भाजपची ढासळलेली प्रतिमा सुधारण्यासाठी मंत्रिमंडळात नवीन चेहऱ्यांना संधी देतायत त्यात राणेंचा नंबर लागलाय
83,1,व्यंग मराठी लोकांमधे मिश्किल कुच्छीत तिरसटसात मजली इ विश्लेषणे लावून हसणे असते जे इतर कोणाकडेच
84,-1,गुड मॉर्निंग
85,-1,खरं
86,-1,मेमर नाहीय मला व्यंग आवडत नाहीतर माझ्या ईज्जतीचा मार्केट मध्ये काढतील तुम्ही दोघ तुम्हीच दोघ
87,-1,सुप्रभात मित्र
88,-1,तुम्ही सिरीयस होऊन बोलताय व्यंग हेच कळतं
89,1,विशेष असले जातीयवादी शेरेबाजी करणारी महिला हि शिक्षिका सदरील शाळेने त्यांच्यावर संस्कार विभागाची जबाबदारी दिलेली शाळेतील मुला मुलींच्या डोक्यात किती जातीवाद पेरून ठेवला असेल ह्या बाईने सांगता आरतीकर्वे
90,-1,सवयच खोटं बोलणं अन् रेटून नेने
91,-1,जास्तच अभ्यास आहेस पाहत होतो गोपी शेट कडे किती शिकलेले लोक आहेतः
92,1,डाॅक्टर्स डे च्या कम्पाऊंडरला शुभेच्छा बरं देव माणसांना डाॅक्टरला कळतं
93,-1,बोलला ना पैसे वाला त्याला तोच आहेस तु
94,-1,तू पहिला स्वतःचा खरं नाव लाव
95,-1,बाळ सगळे जण बारामती मध्ये येतात भेटायला सांगतात उंगली पकड के मायने राजनीति सिखी है
96,-1,सतरंजी उचलणारे भाजपात वाघ कदम भातखळकर तुम्हाला असं वाटणं साहजिक आहेस्वतःचं नाव खरा वापर चाळीस पैशासाठी ट्विट करतोय
97,-1,सगळं केलं
98,-1,याच्यापुढे तुझ्या दिल्लीतल्या बापाची चालत
99,-1,तुम्ही फक्त मोदींच्या जीवावर उड्या मारा
100,-1,बघ माझे टोटल १६ फॉलोवर हाईतत्यात्तले रोज तिघेच असत्यातएक तुम्ही दुसरे मग कुणाला सांगू सगळ्यात भारी ट्विटर अकऊंट हाय इथ मनोरंजनाची व्यंग अनपेक्षित सुखद धक्के मिळण्याची शाश्वती कायम हाय करायला लागतेय
101,-1,इथ लोकांना व्यंग समजत नाहीत तिथं बोलीभाषा समजणार
102,-1,आमच्या घराजवळच मसाला कांडप केंद्र म्हणलं ज्या लोकांना स्वतावर सगळं ओढून शिव्या घालून वगैरे काढून खूप मजा असेल मध्ये पडलेलाच बरं ज्यांना कळत मस्करी कळत अ
103,-1,देशाला व्यंग पासून वंचित ठेवणाऱ्या मोदींचा निषेध
104,-1,मग त्यासाठीच हि पोस्ट ना ह्यालाच व्यंग म्हणतात हया सरकारला पब मालकांकडून हफ्ता वसुली मिळते बंद करणारच लाचार भिकारड महावसुली सरकार
105,-1,ॐ नमः शिवाय सुप्रभात
106,-1,दुरुस्त करा नंबरमध्ये चूक असेल
107,-1,सावर्णी
108,-1,जमदग्नी
109,1,मैलाचा दगड बातमी मध्य प्रदेशचा लसीकरणाचा रेकॉर्ड १३ वर्षाच्या मुलाचंही लसीकरण दुसरी बातमी
110,-1,शांडिल्य
111,-1,ताईं ना व्यंग च्या बिगरीत त्वरित धाडा
112,1,निवडणूकपूर्व युती नंतर विरोधी पक्षांबरोबर सत्ता स्थापन करणे व्यंग के सांगा
113,-1,मैडम ला कोणी इंग्लिश क्लासेस स्पॉन्सर करा रे नाहीतर व्यंग च अर्थ सांगा कठिन बुवा
114,-1,कोणा कोणा ले इकत घेसान कबूल करतो मंग मले काई काईमी तेच त सांगून रायलो कबुली व्यतिरिक्त अजून पुरावा सापडला बर ठीक हाय गुन्हा त अटक कौन नही अजून
115,-1,पुरावा दाखवा मंग च बोलजा फेसबुक वर हि भेटला असाच पुण्याचा बोलती बंद त्याले २४ गोष्टी विचारल्या त पुरावा भेटी दिवशी नक्की कर्जा मले तुमची माफी मांगीन दिवशी
116,-1,हाव एकटाच शहाणा कबूल करणे पुरावा ह्या गोष्टी मधील फरक समजते नाहीएखादा अधिकारी पकडल्या गेला त्यानं म्हटलं मोदी साहेबान संगतल त मंग भरोसा कसा करू शकत बावा पुरावा पुरावा बोंबलून रायलो गुन्हा सिद
117,-1,पुरावा देणं भाऊ सुशिक्षित अशिन तू त विचार त रिप्लाय दे लोकं अडाणी समजतीन ना तुलेकोण आरोप झालं कायसिद्ध त होऊ दे मंग वायफळ बडबड करन तू
118,-1,खरं सगळीकडे
119,-1,अस सर्वात प्रथम ग्रुप चा अधिकृत ग्रुप गोष्ट राष्ट्रवादी युवक कॉंग्रेस चे महाराष्ट्र सचिव यांनी स्पष्टपणे सांगितली
120,-1,राधे‌ राधे मित्र
121,-1,मला व्यंग आवडला इतकंच
122,-1,आंतर राष्ट्रीय विमानतळ नवी मुंबई
123,-1,खिचडी म्हणणारे महाराष्ट्र द्रोही
124,-1,भरोसा खरंच लावतील अरे बाबांनो व्यंग
125,-1,मग माज्याच गेली ट्विटर वरची
126,1,आम्हाला चिपको आंदोलन चालते आम्ही वनसंवर्धन झाडाझुडपांच्या दुर्मिळ प्रजातींचे पुरस्कर्ते रक्षणकर्ते आहोत परंतु आम्हाला वटपौर्णिमा बुरसट प्रकार वाटतो चुकीच्या रूढीप्रथांना जरूर विरोध असावा डोळसपणे
127,-1,ज्याचं जळतं त्यालाच कळतं
128,-1,सर तुम्ही तरुणाई तले आठवले साहेब बघितले अभ्यास ले आम्ही आठवले साहेबां चा आदर करणाऱ्या माणसा मधले आहोत आलोचक तुम्ही चुकीचा अर्थ घेतला असो आठवले साहेब नेहमी अदरणीय राहातील यात कोणती शंका समाज आप
129,1,करवटे बदलते रहे सारी रात हम आवाक्याबाहेरची स्वप्ने बघू नयेत शक्यतो रात्री झोपताना मच्छरदाणी लावून झोपावे
130,-1,मला व्यंग च्या उद्देशाने लिहिले
131,-1,तुला कधी अंधभक्त म्हटलं तू मला बोलला भक्त दिसतोस म्हणालो साधासुधा नरुचा अंधभक्त माझ्याबद्दल बोललो तुला अस वाटलं तुला उद्देशून बोलतोय लेकी बोले सुने लगे अस झाल तुझ सं
132,-1,गलिच्छ भाषिक एवढे येडे फक्त नरुभाई चे अंधभक्तच असू शकतात
133,1,कधी कधी मला पाताळात राहणाऱ्या लोकांचा खूप हेवा वाटतो आपल्याइथेच लोक असतात लोक त्याच्याही खाली असतात
134,-1,हॅशटॅग मध्ये व्यंग वाह
135,1,धंदा बिंदा विपिनजी पवार साहेब भारतातले सर्वोच नेते व्यंग त्यांना दिल्ली मध्ये सरकारी बंगला दिला साफ सफाई करायला गेले असतील
136,-1,हो भरपेट जेवून असलं सुचतय उद्या निर्जला एकादशी असेल कदाचित कारण पुढचं जेवण परवा दिवशी
137,-1,मेरे पास
138,-1,नरू च नाव घेतलेल त्यात
139,-1,खरच भिलो बर साधा व्यंग कळत चालले देशाच राजकारण
140,-1,बोलायचं ह्या नमाजिनना व्यंग समजत नाय
141,-1,बोलायचं ह्या भक्तांना व्यंग समजत नाय
142,1,व्यंग मधले सगळे टॉपर विध्यार्थी जिल्हा परिषद वरती शिक्षक जे मध्ये सगळी पास लग्नाळू बिनपगारी लोकांची गर्दी
143,1,अंथरूण पाहून पाय पसरणे डेबिट कार्ड अंथरूण पाहताच पाय पसरणे क्रेडिट कार्ड
144,-1,व्यंग घ्यायचं
145,-1,मैत्री करत असाल पाण्या सारखी निर्मळ करा दूर वर जाऊन सुद्धा क्षणों क्षणी आठवेल करा
146,-1,बर व्यंग लक्षात नसेल अलविदा
147,1,मटणाचा रस्सा स्ट्रॉच्या नळीतुन ओढणारा तु तुला शेपूची भाजी आवढते येडया तसाच
148,1,चा निबंध लिहायला लावतो शेवटी सांगतो भाई कुछ जमा नही तेको व्यंग
149,-1,साठी वाया घालवली आहेतच
150,-1,वाचता करणारे ट्विट व्यंग भयंकर मीम्स हसवणारे मीम्स मीम्स नवाब मलिक चे स्पेशल स्टेटमेंट लिखाण गोष्टी मजेदार ट्व
151,-1,मग केंद्रीय सौंस्था झाडू मारतायत
152,-1,पहिल्यांदा वाटलं व्यंग वैगेरे असेल अवघड याचं कशी जगत असतील लोक त्यांच्या आयुष्यात किती त्रास असेल यांच्या घरच्यांना
153,-1,त्याने योगीला टार्गेट करण्यासाठी व्यंग लिहिला त्याने लोक समजत नाहीत
154,-1,पहिल्यांदा वाचल्यावर मलाही नं लिहीलंय असं वाटलं होतं अकौंटचे जुने ट्विटस् पाहिल्यावर लिहीलं असण्याची शक्यता जास्त तसं असेल फार भारी व्यंग जमलाय
155,-1,सांस्कृतिक टूच्च वर्णियांवर व्यंग
156,-1,आमदार खासदार यांच्या संख्येवरून काहीच ठरत नसतं राव गेम चेंजर असावं लागतं कळलं
157,-1,हॅशटॅग नीट वापरा
158,1,महाराष्ट्रातील १ जबाबदार करदाता असुन शासनाच्या तात्काळ सेवेत नोकरीसआहे शासनास २ दिवसाचे वेतन देखील कोवीड मदत म्हणुन स्वईच्छेन् देत असुनअजुनही १ल्या लसीकरणाच्या प्रतिक्षेत
159,-1,मध्ये वेगवेगळ्या ग्रेड्स असतात ज्यामध्ये मॅग्नेटिक नॉनमॅग्नेटिक व्हॅरिअंट्स असतात इथे पोस्ट व्यंग लक्षात घ्या
160,-1,आनी आमची आई व्यंग ची घेवुन बसलिए
161,-1,स्त्यानास
162,-1,तुम्ही पुणेकर किती व्यंग बोलता ना पुणेकर त्याला टोमणा मारण असं बोलतात
163,-1,अत्याचार
164,-1,व्यंग ज्या व्यक्तीला कळत त्याच्यापासून ४ हात दूर राहावे
165,-1,मॉर्निंग सर
166,-1,तू क्यू
167,-1,सुप्रीमसी
168,1,ज्याच्या अंगाला जास्त खाज सुटत असेल त्याला खाजवर औषध देता नखं वाढवायला औषधं पाहिजे
169,-1,शिवाय नमः
170,-1,सगळी ब्रेक डान्स करताय गोविंदा स्पेशल व्यंग
171,1,राष्ट्रपतीच्या दिमतीला घोड्यांची टीम अजून आपण रॉयल वगैरे मेंटेन करतो यात फक्त जातींच्या लोकांना भरती करतात जाटराजपूत जाट शीख राष्ट्रपती दलित इतके घोडे दिमतीला अजूनही देशात दलितांना घोड्यावर बसू देत नाहीत
172,-1,आपण स्वतः पेपर मधे पास झालो वाल्यांच्या तोंडात आलेला घास ओढणे किती व्यंग
173,-1,वडेट्टीवार किरायाची सायकल खेळायला मित्राच्या गल्लीत गेले किरायाची सायकल स्वतःची फुशारक्या मारायला सुरवात केलीच दुकानदाराने मानगुट पकडली
174,-1,व्यंग भाई आपण जेव्हा बिहार बंगाल मध्ये जातो तेव्हां शिस्तीत शांत राहतो हीत दादागिरी करतात म्हणुन यांना मारतात आपली लोक
175,-1,मेरी फ्रेंड थी बंगाली
176,-1,हिंदीत ज्या पद्धतीने व्यंग प्रकारातील स्पेस असतात तशा पद्धतीने मराठीत स्पेस घेतल्या मुलांना नराधम घोषित जाईल चर्चासत्रात मुलींच्या वतीने बोलायला टीका करायला ताईचे दादा सर्वात जास्त अग्रेसर असतील
177,-1,बरं व्यंग होतं तुमचं
178,-1,एकच पर्याय भारताला गरज तरुण तडफदार हुशार कनवाळू अशा युवा नेतृत्वाची
179,-1,तुम्हाला कडून नोटीस
180,-1,भक्तांना व्यंग कळणार गोवऱ्या थापा
181,-1,बरोबरच माझा रिप्लाय व्यंग
182,-1,अडाणचोट इथे माहीत नव्हतं व्यंग समजत मारा रिपोर्ट
183,-1,ह्याला म्हणतात थेट व्यंग
184,-1,राहुल गांधी यांनी केंद्रीय गृहमंत्री केलेल्या कार्याबाबत माझ्या मनात शंका त्यांना अर्थमंत्री आरोग्यमंत्री म्हणूनही देशाची स्थिती नीट हाताळता आलेली त्यांच्या कार्याबाबत असमाधानी सर्व्हेश्वरांनी कृपया नोंद घ्यावी
185,-1,विदर्भ सुद्धा मोजत असतील देवेंद्र जी यांचं लग्न झालं विदर्भ स्वतंत्र असं
186,-1,च व्यंग मध्ये गंगा नदीत दिसणारे प्रेत जर इकडे दिसली असती भक्तांनी उडून उडून उड्यामारल्या असत्या
187,-1,बोलण्यामध्ये विडंबना टाकण्यासाठी असेल ठीक आहेपण इंग्रजी तारखे पेक्षा हिंदू तिथी जास्त असते सांगणे नं लगे महत्वाचं बुद्धाचा जन्म ज्ञानप्राप्ती महानिर्वाण तीनही वैशाख पौर्णिमेलाच झालं होतं
188,-1,तोच आंबा तोंडाला फासला पिंपल्स आंब्याचा गर काढून घ्यायचा त्यात लिंबू आलं मिरच्या ठेचून घाला कोरफड असेल उत्तम नाहीतर शेवग्याच्या शेंगा उकडून गर मिक्स करा छान फेस पॅक तयार होतो
189,-1,बॉट राष्ट्रवादीचा शेनेच्या पोलखोल करायला भाड्याने ठेवली तिला
190,-1,ट्वीटरवर लोकांना व्यंग समजतच नाहीत साला धडाधड शीव्यांची लाखोली वाहतात
191,-1,त्यो घटनातज्ञ आपण लॉजिकल कळल फुकटचे सल्ले द्यायला आधी आपली खायची सोय बघा
192,-1,फ्रस्ट्रेशन
193,-1,शेवटची स्पेस क्रॅश होण्याईतका काहीच
194,1,संजय राऊत चा माणूस जे बोलतात व्यंग असत ममु ना टोमणा शिव सेना संपवायचं मोदी शहा ला वर्ष लागले असते ह्यांनी वर्षात
195,-1,व्यंग चा प्रश्न येतोच कुठुन राजकीय आकस ईतका भीनलाय मनामध्ये हजारोवर्ष जुन्या ऊपचार पध्दतीला ५० वर्ष जुन्या पक्षावरच्या रागामुळे प्रश्न ऊपस्थित करताय दिसतय कोणाला गरज
196,1,उद्या रविवार सुट्टी कोणीही मामूला टॅग कुठलाही प्रश्न विचारू नये आधीच हृदयविकाराचे पेशंट थोडं सांभाळून
197,-1,म्हणे लोकांना हसण्यासाठी व्यंग कुठली गोष्ट अती तिची मातीच जोक करायचा गोष्टी मुली मुली सारखंच
198,1,टरबूज मध्ये फसणवीस नावाची व्हरायटी ट्राय करा वेळेनुसार रंग बदलते
199,-1,फनी शब्द व्यंग मध्ये बोललो
200,-1,काल पर्यंत सडेतोड असलेला पत्रकार सैनिकांसाठी दलाल प्रेश्या झालाय व्यंग
201,-1,बाई सारखी वाग चुकीचं केलं तिने तुला व्यंग कळत तुझ्या वर येऊन तुला बोलली
202,1,अंटार्क्टीका येथून आजवरचा सर्वात मोठा हिमनग तुटला बसा निवांत घराला धडकायला थोडाच
203,-1,मिडीयाने आमच्या रामराज्याची बदनामी थांबवावी योगीजी फार उत्तम करताय प्रत्येक घरात जाऊन करू शकत ना
204,-1,मुलींना वाईट म्हणतच मीपण मुलींना व्यंग कळतं नसेल अशा लोकांपासून दूर राहिलेलं बर
205,-1,पोलिस स्टेशन मध्ये गांधीचा फोटो व्यंग
206,-1,माफ करा मिटकरींना डिफेन्ड करत तुम्हाला यात व्यंग दिसला
207,-1,मतदान कार्ड काढा ताई
208,-1,
209,1,आत्मनिर्भर च्या गोष्टी करणारे भक्ताड च्या स्वागतासाठी सतरंज्या टाकून रेडी हाय
210,-1,तोड तुम्हाला वरच्या लेवल चा व्यंग सुसू ताई ला टॅग करा
211,-1,माझ्या मते करोना स्वातंत्र्य संग्राम एकत्र चर्चेचे विषय नाहीत अवधूत वाघ यांनीही केवळ १९४७ पूर्वी देशात कोण यावर व्यंग प्रतिक्रिया संबंध करोनाशी देशात याआधीही प्लेग साथ भोपाळ गॅस
212,-1,याचं नाव व्यंग होतं त्याने आत्ताच विष खाऊन आत्महत्या केल
213,-1,भाजप मध्ये प्रवेश घेतला आधी तुम्हीं देशद्रोही व्यंग खर असु शकत
214,-1,मोदीजी आल्यावरच भारताची प्रगती
215,1,माझ्या मम्मी पप्पाच्या लग्नात मीच बुंदी वाढायला होतो शेठ
216,-1,व्यंग टोमणा कळाला तुम्हाला समीर लक्ष्मण भोसले
217,-1,सर आकडे रोज टाकत जा शिल्लक नसतील द्या दिवशी आकडे टाकत नाहीत तुम्ही उगीच लोकांना तुम्ही राजकारण करताय असं वाटायचं
218,-1,ब्रेकिंग न्युज कवीवर्य ग दि माडगुळकर यांना नोटीस
219,-1,सरळ भाषेत नुसती बडबड करायची
220,-1,कधी करायचं बोल
221,-1,छे बाबा आपल्याला जमायचं असलं
222,-1,वाह मुलांना किती असतात असंख्य अगदी चित्रातून दाखवण्याचा अगदी नवीनच प्रयत्न
223,-1,कोरोना काळात मोदी यांच्या निवडणूक प्रचार सभेत झालेली गर्दी
224,-1,यावरून महानगर पालिकेचा भोंगळ कारभार समोर येतो मित्र परिजन बंगाल इलेक्शन पासून अमेरिकेच्या इलेक्शन पर्यंत चर्चा करतात हक्काचा रस्ता महानगर पालिकेकडून करवून घेऊ शकत व्यंग माननीय नगरसेवक साहेबांना विनंती आहेहे पूर्ण करण्यासाठी त्यांनी पुढाकार घ्यावा
225,-1,बातमीची सुरुवात करताना देशातील महान राष्ट्रपुरुष असं लिहिलंय घाबरून लिहिलंय व्यंग
226,-1,अरे तू इतके बोलू नको आम्हाला खरोखर च प्रश्न पडलाय विचारतोय व्यंग रिप्लाय नाहीय
227,-1,अजून महाराष्ट्रात लॅाकडाऊन सगळीकडे ‘चालूच’
228,-1,आशिषजी व्यंग एखादा भाजप नेता बंगालबाबत बोलला असेल मला सांगा २०१९ लोकसभेला पार्थ पवार पंढरपूरवेळी अदृश्य हात कुठे अदृश्य असेल अदृश्य हात बहुमत मिळावं स्वतःच्या पक्षाला बरं मदत करत नसेल
229,-1,व्यंग खरंच बोलतायत समजत राव
230,-1,मला दीदी सारखी निवडणूक जिंकून फंतप्रधान व्हायचंय
231,-1,आयुष्यातला फ्रुस्ट्रेशन लोकांचा वर काढू नका स्वतःला व्यंग कळत नसेल मे जा मला करू नकोस तू
232,-1,तुम्ही व्यंग करत खर बोलत तेच कळत नाहिये
233,-1,चालणार असल्या उडत्या बातमीवर विश्वास ठेवावा त्यांचे नावपत्ते सांगा खरोखरच आजारी पूर्ण बरे डॉक्टरांच्या व्हिडीओची लिंक जोडा किमानपक्षी खरं असल्याची लोकसत्ताची बातमी दाखवा मगच आम्ही
234,-1,तेच आहेपण व्यंग होतं ट्विट
235,1,मुंबईमध्ये लस महोत्सव पुढील दिवस लसीकरण बंद
236,-1,भाड्याला दाखव
237,-1,स्वतःच बनवतो आपल्याला शिकवतोय
238,-1,खरं बोलला अगदी आपण जसकाय काहि मदतच करत नाहीये
239,-1,तुला समजत असत व्यंग उद्योग नसते
240,-1,अरे इंस्टा हवा सोडतो
241,-1,लय हो व्यंग वापरायचं काहीही लिहाल भाजपला ५ जागा ५ वोट मिळतात पहा
242,-1,अरे खोक्याचे पोस्टर बनवतो आपल्याला शिकवणार याने आपल्याला बद्दल आभार माना
243,-1,पोर मोठे बापाला विसरतात
244,-1,हो पादल्यावर ना
245,-1,बेन बनवतो म्हणे
246,-1,हो हो हाच
247,-1,अरे तोच ना वाला ज्याला हनुवटीवर शेट्टासारखे केस
248,-1,चेतन बाबा
249,-1,बघ ना लोकां सांगे ब्रम्हज्ञान स्वतः कोरडे पाषाण
250,-1,पहिली पावती फाडा याचीबिना मास्क च ग्यान चोदताना आकाश चोप्रा
251,-1,ह्याना सांगा जरा अरे केळ्या बेड्स ऑक्सिजन साठी सुध्दा आम्ही खूप पोस्ट केल्या असले चाळे करण्या पेक्षा बेडस ऑक्सिजन साठी
252,-1,ये बंदा फूल गाइज् फ्राड फुल फ्राड
253,-1,ऍड कंपनीविरुद्ध काँग्रेस समर्थकांच्या कारनाम्यामुळे बोटावर मोजता येईल इतक्याच लोकांना माहीत असलेली जाहिरात सगळा देश बघणार
254,-1,२०१४ नंतरच
255,1,नासा १९ चा इलाज शोदु शकत एलियन शोधत कदाचित त्यांचं नसावं
256,1,महाराष्ट्रावर अन्याय केंद्र सरकार चांगल्या नर्स पाठवत
257,-1,सर तुमचा व्यंग अगम्य चा टक्केवारी पप्पूच्या टक्केवारीची चेष्टा करायला टाकली तुम्ही
258,1,ऐपटीची गोष्ट करता राव पॅरॅसिटामॉल भरून दिलेल्या रेमडेसिव्हिर ची किंमत माहीत हजारांन मध्ये असं ऐकलं
259,-1,सध्या देशात वर्हाड निघालय लंडनला एकपात्री नाट्याचे व्यंग प्रयोग झालं हिच्यामुळे केंद्रामुळे झालं
260,-1,भुरटा उकीरड्यावरचे उष्टे वडापाव खाणारा तकलिफ हुवा है बेचारे को बोलने दो
261,1,सर वर्षी दिलेलं धान्य आणखीन संपलं आणी लगेच परत पाच किलो
262,-1,हाहा साहेब व्यंग मुद्दाम लिहला होताशेठजी तासा प्रेस कॉन्फरन्स घेत अचानक टीव्ही वर पितळ उघडे पडले ना
263,-1,प्रचंड आशावादीविचारवंत व्यंग असलेले हँडल यांना करा
264,-1,भाऊ व्यंग आपलाच माणूस
265,-1,त्यांना असं व्यंग कळत
266,-1,भाई पहिला मुद्दा यात ना माझ्या नेत्यांचा संबंध ना तुमच्या नेत्यांचा संबंध विषय मदतीचा मदत करता नसेल व्यंग विषयात राजकारण आणू नक
267,-1,एखाद्याचा नातेवाईक ऍडमिट त्यास साठी पोट तिडकीने मदत मागतोय इतर लोकं त्यात व्यंग राजकारण आणताय तुला पटतं पक्ष राजकारण बाजूला ठेवून सांग जरा
268,-1,बिनङोक समोर नक्कीच
269,-1,वरील ट्विट उपरोधिक हास्य व्यंग प्रकारातील समाजप्रबोधनासाठी पद्धत वापरतात चांगली हस्यसमज असणाऱ्यांना ट्विट मधील मतितार्थ समजेल चुकीचं वाटणार
270,-1,अरे मला वाटले व्यंग
271,-1,पुण्यातील देव तसाच म्हणेल मराठवाड्यात देव सुद्धा इतका व्यंग नाहीये
272,-1,काळजी घ्या चंद्रकांत आणी देवेंद्र फडणवीस यांच्या नादी लागु नका आंदोलन करा असंच सांगतील
273,1,अधिकृत फेरीवाल्यांना एकवेळ १५०० रुपये देणार मामु फेरीवाल्यांकडूनच १० रुपयांची पावती फाडून गोळा केलेलेच पैसे मामु त्यांनाच परत करणार
274,1,मधे जाऊ नका भाऊ सरळ फाट्यावर मारा
275,-1,काल व्यंग मध्ये बोललो होतो केंद्र सरकार ने अमलात आणलं शहरा शहरात भेदभाव चालू
276,1,एवढे आदेश जर शाळेत पाळले असते ना नक्कीच चार ट्रॅाफीज माझ्या घरात असता गुणवंत विद्यार्थ्याच्या रोज नवीन निर्बंध
277,1,२०१४ राष्ट्रीय मालमत्ता विकण उपाय २०२१ राष्ट्रीय मालमत्ता विकण हाच पैसे बनवण्याचा मार्ग लावला देश धंद्याला
278,-1,व्यंग बघावं आपण लोकांना संधी दिलीय त्यांना नक्कीच देऊ शकतो
279,-1,भाऊ एकदम बरोबर भाजपाचेच षडयंत्र म्हणूनच देवेंद्र फडणवीस राऊत छुपी भेट असेल दिलेल्या टिप्स वर असेल
280,-1,खेळात राजकारण साहेबांनी आणले बाकी माझे ट्विट व्यंग तू जाणतोच
281,1,कपिल सिब्बल सिंघवी ह्यांच्या उत्पन्नात प्रचंड वाढ होण्याची महाराष्ट्र शासनाची तरतूद पुढच्या अर्थसंकल्पात सुद्धा भरीव निधीची व्यवस्था करावी विनंती
282,-1,पटेल महाराष्ट्राबद्दल किती खर सांगणार म्हणा
283,-1,जन्मसिद्ध अधिकार
284,-1,व्यंग सासीन ने मला ब्लॉक केल्याच्या पोस्ट वर मला लाईक्स मिळालेत हि पहिल्यांदा मला त्याचे आभार मानावे लागतील
285,1,लोक पैदाशीच बैल बुद्धीचे असतात एकीकडे गर्दी करू नका बोंबलत बसायचं दुसरीकडे गर्दी जमवली शेठची वाहवा करायची
286,-1,उत्तप्पा ट्विट व्यंग
287,-1,सर लोकांना केंद्र सरकारचे किती पैसे मिळाले माझ्या गावात खूप श्रीमंत झालीत लोकं पैशातून
288,-1,तुम्ही एकूणच बद्दल घेता बोलत आहातत्यामुळे थोड्या व्यंग केल्याआपल्या प्रोफाइल मध्ये तुम्ही आ आंबेडकरांचे आंबेडकरवादि मराठा नाव घेतले एकूणच तुमच्या
289,1,कुणी कौतुक करायला लागलं विचारावं वाटतं व्यंग कधी शिकला बे
290,1,चंद्रकांत साहेबांचा चष्मा बदलावा लागेल त्यांना काहीच चांगल दिसत
291,-1,तुम्हाला व्यंग बोलणं समजत नसेल मेंदू चेक घे भक्तांसारखे अर्धवट विडिओ फिरवू नका पूर्ण भाषण बघा चाटु कुठला
292,1,लहाने फार मोठा माणूस
293,-1,उपरोधिक बोलणे भाई बोलतात त्याला
294,-1,ट्विट चा खाली टाकायला विसरला वाटत
295,-1,तू कायच्या व्यंग ब्वा देखील ठीक
296,1,परीक्षा नको आंदोलन करण्यासाठी विद्यार्थी रस्त्यावर उतरले
297,-1,हात जोडून विनंती अहो चौथ्या स्तंभाचे शिलेदार ना तुम्हीविनंत्या मिनतवाऱ्या कसल्या करता हेच मोदी असते वाढलेल्या दाढी पासून बांगलादेश दौऱ्याबाबत व्यंग केलं गेलं असतं
298,-1,कळेल कळेल बी जे पी करेल
299,1,केंद्राकडे चा परतावा वसूल करण्यासाठी ला पाठवणार प्रॅक्टिस करत सूत्र
300,-1,मला वाटतंय ह्यात खंडणी ह्या शब्दाने घोळ घातलाय कारण लोकांनी अयोध्येची स्वेच्छा वर्गणी खंडणी म्हणलं संपूर्ण व्यंग आणायला अजून शब्द रचना बदलली पाहिजे जसे ह्याच धर्माच्या नावावर वर्गणी गोळा खंडणी
301,1,प्रेमी लोकांनी एप्रिलला आय लव्ह यू बघावे चांगलेच नाहीतर म्हणायचे एप्रिल फूल
302,-1,हो लोक अजून व्यंग सुद्धा व्यवस्थित समजू शकत नाहीत इथे
303,-1,तू सायको आहेस मनोज तुला व्यंग जोक विनोद टिंगल टवाळी सुद्धा कळत मला वाटलं तू असशील नाहीस मागे सांगितलं सांगतो रणगाडे तुझं जे असेल भूतकाळ तू त्याला विचार मला टॅग नको कर
304,-1,नाहीतर बाइला म्हणा पवारांची धुनि भांडी कर
305,-1,माझा व्यंग कोणीच समजुन घेत
306,-1,ह्या मुर्खांना व्यंग कस समझवायचं
307,-1,हो व्यंग ठीके ना अक्षय ला उगाच द्यायला कोणी सांगितलय
308,-1,आत्ता चेंज केलेल्या ब्याट मध्ये
309,-1,काँगो भाई
310,-1,अंतर्गत चालू गोष्टी आम्ही बंद करत आहोत
311,1,किती व्यंग नाव लोकांना लावत निर्बंध
312,-1,व्यंग भक्तांनी परमोच्च पातळी गाठल्याने ओळखणे अशक्य
313,-1,च्या वर चा लावणारी त्याला बोलली आरशात जाऊन थोबाड़ं बघं
314,-1,मला वाटलं वरून व्यंग पोस्ट केलयं खरी बातमी
315,-1,तुझ्याकडे बघूनच घेतलो
316,-1,तशी सवय तुम्हाला सावरकर पासूनच परंपरा चालू अशीच चालू ठेवा बेस्ट लक
317,-1,फक्त सांगितलं तुला तुझ्या चेहऱ्यावर त्रास दिसतोय मला
318,-1,तूच म्हणलं ना चमचे बिळातून अनुभव तुझा
319,-1,बिळ एवढं मोठं नको घेऊ त्रास होईल परत तुलाच
320,-1,व्यंग वैगरे समजत असं दिसतय
321,1,वर्षात केलं विचारणारे वर्षात उभ्या केलेल्या संस्था विकून पैसे उभारत
322,1,मोदीला दोष देणारे सुद्धा अंबानीच्या सपोर्ट करतील
323,-1,व्यंग असत रे दादूस ह्यालाच कदाचित टायपो एरोर म्हणत असावेत
324,-1,संगीता यांनी व्यंग लिहिली
325,-1,संगीता जी तुम्ही झणझणीत अंजन घातले डोळ्यात आमच्या खरच तुम्हाला जे व्यंग जमल मला सुचलं याच अतीव दुःख झालाय मला मला माफ करा
326,-1,तुम्ही जे दिस भर करता कायच नी मागिर असली नाटका जातले नी
327,-1,चाकण्य मध्ये ठासून व्यंग भरलय
328,-1,तेच म्हटले व्यंग समजण्यासाठी कल्पक बुद्धीची आवश्यकता असते
329,1,कोणी कधी कस बदलू शकत सांगता मोदी च बघ बायको सोडली देश विकायला काढला अंबानी अडणीचा कामगार निघाला तडीपार गृहमंत्री
330,-1,मालकाने त्याचे चे रुपये कट असतिल ईथे राग काढत
331,-1,अरे भाऊ व्यंग नसेन कळतं राहू दे प्रत्येक गोष्टीला मनावर नसतं घ्यायचं
332,-1,तुले मिर्ची लागली
333,-1,ज्यांना मधला व्यंग कळत त्यांनी बादलीत च्या बॉटल मध्ये जाऊन जीव द्यावा कुठून येते यांना एवढे शहाणपण कळत
334,-1,अरे येडपटांनो व्यंग म्हणत्यात त्याला मिश्टेक शोधताय गावंढळ कुठले
335,-1,भाऊ कोणत्या पक्षाचा बाजूने रे बोलत फजत तपास बद्दल बोलतोय हो सरकार यांचं मग विरोधात तेच ना
336,-1,अनपढ बेअक्कल म्हटलंय मोदी अंडभक्ता यांचा अक्कलेचा संबंध येतोच कुठे
337,1,आजकाल देशात स्वयंभू लोकांची संख्या दिवसेंदिवस वाढत चालली स्वयं भू स्वतःहून भूंकणारे
338,-1,सर व्यंग समजून घेत जा
339,-1,सुमारसद्दी पत्रकारिता करणारे लोकं दुर्गबाई किंवा कुरुंदकरांना शोभेल वैचारिक लढाई वैगेरे बोलायला लागले व्यंग ला सुद्धा रडू येतं
340,-1,भाऊ व्यंग समजायला थोडा वेळ लागतो
341,-1,अजून ह्या हून मोठी व्यंग ह्या च्या घरात सोयऱ्यांत एकाहून अशे हुशार लातूर मध्ये अन् आमचे भावी नेते साहेबांचे दोन्ही लिव्हर खराब झाल्ते म्हण
342,-1,खान्देशात ले पाटिल असतातफक्त पाटिल लावतात कुळी चा अर्थ समजून घे
343,-1,ज्यांना व्यंग कळत त्याला आपण करणार लोक कधी कधी टैग करुण इज्जत घेत असतात
344,-1,कुळी नराधमा तुझ्या सारखा खोट नाव नाय हिंडत दम लागतो
345,-1,सगळे लोक मध्ये बिनकामाचे ज्ञान पाझळत व्यंग घेऊ शकत पोस्टला
346,1,पुण्यात रहात असताना व्यंग बघायची गरज रहात
347,-1,जर व्यंग लिहून सांगावं लागत असेल शेट्ट अर्थ राहिला त्याला
348,-1,आजही विचार आपल्याला अपील करत असतील आपण बऱ्याच सामाजिक प्रश्नांना थोडं होईना खतपाणी घालतोय माझ्यासाठी व्यंग प्रचंड किळसवाणी आपण आपल्याच महापुरुषांना लाज वाटेल असं वागतोय विचार अजिबात करू नका चालू द्या
349,-1,मिळाली तू पौष्टिक व्यंग आहेस
350,-1,आईशी दिवसात बोलत तितक तासाभरात बोलून मोकळे होतात बोलण्यात क्षेमकुशल गावच्या गप्पा जास्त बर बोललो मोठ्या तोंडी लहान घास जाताना मलाच सांगतात आईची काळजी घे
351,-1,त्यांना व्यंग कळत उलट आपल्याला पटत अजून होतात
352,-1,एकच नंबर रिप्लाय दादा फक्त त्यांना व्यंग समजण्याएवढी बुद्धी असावी अंधभक्ती सुटत काकांना
353,-1,आम्ही तुम्हांला सांभाळतो तुम्ही आम्हाला सांभाळा येड्या जनतेला कश्याला मध्ये आणता
354,-1,भारतात सायन्स व्यंग च
355,-1,टुरु हॉटी पाई
356,-1,मग व्यंग चुकलाच ना
357,-1,व्यंग कारण प्रत्येकजण आर्थिक बौद्धिक कुवत मार्कानुसार ठरवतो कोणत्या शाखेत प्रवेश घ्यायचा अस मला वाटत
358,-1,आजचे वरचे ट्विट पाहून व्यंग जास्त वाटत
359,-1,बऱ्याच कालावधीत तुझ्याकडून चांगले दर्जेदार व्यंग ट्विट बघून वारे वाटले
360,-1,इंग्रजां विरोधात लढणाऱ्या यांना पिवळ्या पुस्तकावाले नावे ठेवतात च्या स्वराज्या विरोधात बेंइमानी इंग्रजां साठी लढणाऱ्या च्या समर्थनार्थ दर वर्षी मोर्चे सभा भाषणबाजी वगरे करतात
361,-1,तुम्ही व्यंग ची डांग मारली चालुद्या तुमचं
362,-1,पब्लिक प्लॅटफॉर्म वर पर्सनल मॅटर
363,-1,जो माणूस शरीराने धडधाकट स्वतः वर्षे भीक मागून खात त्याच्याकडे रोजगार मागायचा ट्रेंड करणं व्यंग चा कळस
364,-1,हया जगात दोनच गोष्टी अशा ज्यांना अंत त्यातील पहिली परमेश्वर दुसरी टीव्हीवरील मराठी मालिका
365,-1,लादणे शक्य यापुढे गर्भितार्थ तुम्हाला आम्ही व्यंग समजून घ्यावा अपेक्षा आमचा गर्भितार्थ तुम्ही शब्दश घेणार
366,-1,बापरे शब्दश घेतलं तुम्ही बाळासाहेब आम्ही व्यंग घ्यावं बरं बुआ
367,-1,बरं पर्यंत व्यंग च्या समुद्रात पोहत होतात तुम्ही
368,-1,किती टाकू सांग फक्त सगळेच व्यंग च्या श्रेणीतले किती केविलवाणा तर्क
369,-1,इति बेड़म् गर्की कार्यक्रम अति संपन्नम् भव अंत कांग्रेसाय पुडुचेराय सरकाराय भयेस्वाहा व्यंग
370,-1,लॉडि
371,-1,ट्विट जर कोणत्या काँग्रेस पदाधिकाऱ्यांना व्यंग वाटत असेल देव तुमच्या आत्म्याला शांती देवो
372,-1,अरे फुकणीच्या भिकारी बघ व्यंग तुझ्या बुडात घाल नंतरआधी इज्जतीचा पंचनामा झालेला बघ मंद क्षितिजयेड छाप
373,-1,मग आपल्याला कुणी चुकून कधी कुणी म्हटले आपण आधी मज़ाक करतोय आधी बघू मग व्यंग असेल करायला आरशात स्वतःला पुन्हा पुन्हा बघू मग बस पुढे जाऊ
374,-1,कुठेतरी राजकीयट्विट्स किंवा साहेब चाट्यांंमुळे भारी असलेले हँडल दबलेत किंवा सोडून गेलेत साहेबांची चाटून मिळते यांना तेही समजत
375,-1,याला आपण म्हणू शकतो
376,-1,ज्ञुठी लडकी
377,-1,येवढा व्यंग चांगला रे
378,-1,भोसडीच्या व्यंग कर गुगलला लयच येड्या गांडीचे मोदी समर्थक
379,-1,पर्सेन्ट पुरविली जाणार
380,-1,आऊट ऑफ स्टेट सुविधा पुरवली जाणार
381,-1,आम्ही द्यावं अड्रेस आमच्यासाठी चालू ऑफर
382,-1,अॅड्रेस पाठवा पार्सल येऊन जाईल
383,-1,असं नुसतं फोटो मधे दाखवून फायदा
384,-1,गोट इट
385,-1,एकमेवाद्वितीय मध्ये फार जास्त व्यंग वाचला
386,-1,आजुन सुधारला नाहीस व्हय भाड्या कोण किंमत देणार तुला कशाला सगळ्यांच्या फोटू खाली जावून तोंद मारतोय
387,-1,वरच्युअली दिखी
388,-1,बॉयकॉट
389,-1,सर व्यंग होतं फॉर अ चेंज बीजेपीच्या बाजूने २ न्यूज दाखवल्या २२ मार्च जनता कर्फ्युची स्तुती
390,-1,मॅडम जोक वेगळे वेगळे व्यंग वेगळाच जरा अभ्यास पडतोय लका तुम्ही लय मागय राव काळाच्या
391,-1,इथे निम्म्या लोकांना व्यंग समजवावा लागतोय तुला
392,-1,आस्था व्यंग बाबतीत माझ्या आई सारख्या मग त्यांना आस्थामाँ बोलू शकतो माझा पंप आणा रे कोणी
393,-1,कालपर्यंत जे वाल्याना सुशांत सिंग चे खुनी समजत तेच लोक वाल्याना देशप्रेमी म्हणत
394,-1,दिवसापूर्वी आखा भारतवर्ष बद्दल बोलत
395,-1,मला व्यंग कळतो जो तुला कळला
396,-1,आस्था व्यंग समजून घे समजत नसेल कंमेन्ट करण्याआधी इतर कंमेंट्स बघायच्या कशाला शोभा घेता
397,-1,सगळं ठेवा झाकून व्यंग पहा वाकून
398,-1,तू तुला व्यंग समजला
399,-1,तुम्ही आधी व्यंग असतं समजून घ्या
400,-1,तुमच्या पारखी व्यंग नजरेतून तिच्या वर लक्ष्य ठेवा बाई आपोआप ताळ्यावर येतील
401,-1,रे वरुनच तु अजुन शालेत आहेस सीद्द झाल आणी राहिले पगाराच बाबाज़िने एवधि प्रगति नहीं शालेत जन्हार्या मुलाला कोनी कोनी चांगल्या पगाराचि नोकारी देइल
402,-1,प्रांजळ मत मांडण्याआधी पोस्ट मधले हॅशटॅग वाचले असते व्यंग कळलं असत असो
403,-1,फक्त भक्तांना ह्यातील व्यंग कळावं
404,-1,अरे सारकाझम व्यंग समजत नसेल करता कशाला रे तुझा ट्विट माझा रिप्लाय त्यावर तुझा ट्विट लॉजिक सॉरी फशविसेनेला कुठून लॉजिक लॉजिक चा शिवसेनेचा दूर दूर संबंध
405,-1,उद्धव ठाकरे ला विज बिल मराठा आरक्षण बद्दल बोलाव वाटत घडे मुद्दे काडत केंद्रशसित करा करा म्हण त त कानडी लोकं नी म्हंटल केंद्रशासित करा मागितल त्यांनी जसा स तस उत्तर दिलं व्यंग
406,-1,उद्धव ठाकरे ला विज बिल मराठा आरक्षण बद्दल बोलाव वाटत घडे मुद्दे काडत केंद्रशसित करा करा म्हण त त कानडी लोकं नी म्हंटल केंद्रशासित करा मागितल त्यांनी जसा स तस उत्तर दिलं व्यंग मंद बुद्धी बाई
407,-1,व्यंग दिसलं तसं असो खूप शुभेच्छा
408,-1,अहो अक्का व्यंग असतंय तुमच्या मामु चे बौद्धिक घेतलंय यात सगळं समजावा ह्या दगडांना
409,-1,मराठी भाषेत ह्याला व्यंग असं म्हणतात
410,-1,आमच्या ईथे होलसेल दरात सेकण्डह्यांड टायर मिळतील वैशिष्ट्ये वजनाला हलके गळ्यात सहज टाकू शकता लगेच आग पकडतात किमन तास जळतात
411,-1,पत्रकार परिषद वेळापत्रकात नसलेली प्रजासत्ताक दिनी इंग्रजांच्या पंतप्रधानांचे कौतुक करण्यासारखी व्यंग जे
412,-1,जेव्हां च बापू नेहरू ला सांगत तेव्हा दोघं बोलले अहिंसा सही मार्ग है सुभाष व्यंग गांवर पोकळ बांबू चे फटके देऊन ह्या नवीन खांग्रेसी कार्यकर्त्याला पाहिजे पहिलं
413,-1,घरी कोठेही बाहेर
414,-1,थोडं व्यंग असतं समज शिक मग बोल
415,-1,बघा सतरंजी केक उचला तुमच्या अगाध ज्ञानाला २१ तोफांची सलामी बाळा व्यंग करण्या इतपत अजुन तुमची बुद्धी तयार ना तुम्हाला थाळी घंटा टाळी ह्यामागील कारण समजणार कारण फाशवी सेना असो किंवा केक उचले तुमची कुवतच हो
416,-1,शरद पवार साहेबांचा पूर्णाकृती पुतळा कधी उभा राहणार बाळासाहेबांच्या बाजूलाच जागा करावी दो हंसो जोडा शोभेल
417,-1,अरे देवा व्यंग होतं सर तुम्ही घेतलं
418,-1,आधी मला वाटलं व्यंग नंतर बघितली
419,-1,नवीन पिच व्यंग बोलता डीपी मध्ये जो फोटो जबाबदारी लक्षात ठेवा
420,-1,सगळेच कांग्रेसी मंदबुद्धी असतात ‘’ मध्ये लिहीलेली गोष्ट उपहासात्मक व्यंग असते एवढं कळत असो तुमचा दोष
421,-1,परत तेचतुम्ही कराल व्यंग आम्ही केलं धर्मकारणवा रे वा
422,-1,भोसडीके
423,-1,व्यंग देशात मोकळ्या श्वासात उपहासात्मक होऊ शकत
424,-1,एकदा व्यंग चा ट्याग तुम्हाला लागला पोर कितीही गंभीर परिस्थिती असली वाट लावतात
425,-1,धन्य झालो मला मिळाला
426,-1,रिव्ह्यू दररोज लोकं चांगलाच ऑनलाइन करतात पिक्चर रिव्ह्यू करतो व्यंग
427,-1,छान जणांना व्यंग कळणार त्यांच्यासाठी एखादी तळटीप टाकायला हवी
428,-1,ह्याला इंग्रजी मध्ये व्यंग म्हणतात
429,-1,चालतंय काहीना आवडते काहीना आवडत बाकी भाऊ ची कॉमेंट व्यंग घ्या
430,-1,जण व्यंग व्यंग म्हणत त्यासाठीच व्हिडिओ टाकलाय कुठून व्यंग दिसतंय देव जाणो
431,-1,नावाचं बसलाय साहेब इथं विशाल नावाच पोरंग उंची मुळे पोलिस भरतीत नापास होतंय
432,-1,सिरमचे स्टेटस ठेवले लस पहिली तुम्हांला भेटणार नोंद घ्यावी
433,-1,च्या देवा यांना थोडी सद्बुद्धी दे
434,-1,जेव्हा अमेरिकेला लादेन सापडत नव्हता तेव्हा साहेबांनीच पुढाकार पाकिस्तान सरकार मध्ये दिलं मग पुरावा जे लादेन च्या मुलाचा घेण्यासाठी डॉक्टर पाठवला बारामती च्या मेडिकल कॉलेज मध्ये शिकलेला
435,-1,लिहायची गरज नव्हतीसगळे तुम्हाला जोक म्हणूनच घेतात
436,-1,लोक म्हणतात विरोधकांची धडधड वाढवणारा मुख्यमंत्री व्यंग विरोधकांमुळे ह्यांचीच धडधड वाढते एवढी सुरक्षा फिरतात
437,-1,ताले तमीने
438,-1,बाळ बद्दल बोलला तू त्याच उत्तर दिलंस तुझ्या शेठ सारखं पळपुटे पणा करायला
439,-1,चमचे देवाच्या ओठाजवळ जाऊ शकतात भक्त पायाजवळ तुझी लायकी पायाचीच
440,-1,ट्विट दाखव माझं ज्यात मला करा अस बोललो इथ भक्तांची उडवायला आलोय जमवायला स्वर्गीय सुख मिळते जेव्हा तुझ्यासारखे भक्त चिडतात
441,-1,यूपी चा गधे लीध मसाला खाणाऱ्या गोबर भक्तांपेक्षा जास्त अक्कल असते त्यांना
442,-1,अरे राजा ऑक्सफर्ड युनव्हर्सिटी कंपनी केंद्र फक्त लोकांचं झाट्ट मोजायच करत
443,-1,प्रॉडक्शन ऑक्सफर्डने किंवा केंद्र सरकारने केल
444,-1,आयुष्यभर द्वेष करायचा घालुन पाडून बोलायचं निवडणुका आल्या कि गाजरं दाखवायची पक्षांना लोकांना चांगलच जमतं साहेब लोक हुशार तुम्ही द्याल फाफडा खातील मत त्यांना पाहिजे त्यंनाच देतील सत्यवचनी सामान्य माणूस
445,-1,बातम्या व्यंग वाटायला लागल्यात बंगाल चा मुख्यमंत्री आमचाच
446,-1,टोमणा तथा व्यंग समजून घ्या उगीच सक्षम महिलांच्या शाब्दिक वादात पडू नका त्यातल्या महिलेने आधीच तुमच्या पक्षाला सोडचिट्ठी कार्यपद्धतीमुळे एकमेकींना उत्तर देतील आपण सरकार विरोधी पक्षाच्या कामाकडे ल
447,-1,अरे भुसनाल्या पिसारा नीट बसव आधी तुमचे भक्त म्हणत बघ मूर्खा
448,-1,अरे चोमु तुझे मोराचे पीस नीट सांभाळ चे नेते बोलत बघ बस खाली
449,-1,अरे व्यंग समज रे जोक
450,-1,चोमु जरा स्वतःच गोदी मीडिया मंत्र्यांचे स्टेंटमेंट बघ बस खाली
451,-1,पैसे मालक देते मग घर मोदींची कुठलं लॉजिक कुठे चालत बाळा
452,-1,व्यंग समजायला अक्कल लागते फक्त पवार नाव लावून तुम्ही फक्त धरणात मुतायचे बघा
453,-1,अरे बाळा प्रोड्युकॅशन करायला मेहनत लागत कंपनी बघून देतेत मोराला बघून
454,-1,अरे व्यंग मराठीत लिही ना त्याला उपरोधिकपणा म्हणतात
455,-1,दादा आपल्याकडून असल्या बालिशबालबुद्धी वक्तव्याची अपेक्षा नावाचा प्रकारच माहीत
456,-1,दादा ला कुणी व्यंग शिकवा रे यांना तरुणांचे नेते म्हणता तरुणाची भाषा कळायला पाहिजे ना यांना यांना फक्त भाषा कळते
457,-1,असतं रोहित दादा पवार पार्थ पवारांसारख तुम्हाला अपरिपक्व केलं साहेबांनी व्यंग समजायला
458,-1,मंद आहात सर तुम्ही तुम्हाला व्यंग कळत
459,-1,भाऊ व्यंग अर्थ आधी तू समजून घे जर तुला वाटतय मंदबुद्धी ची महाराष्ट्र निवडणूकची आठवण घे जिकडे यांनी
460,-1,कळत
461,-1,केंद्रात काँग्रेसी जनुकीय वंशज श्रीराहुल गांधींच्या तैलबुद्धीमुळे पसरलेल्या प्रकाश तेजस्वी महाराष्ट्रातील उत्तराधिकाऱ्यांमध्ये चारचौघात बालबुद्धीच्या पणत्या पेटविण्याची चढाओढ अरे उपहासात्मक टिप्पणी समझो अंकल
462,-1,साहेब व्यंग नावाचा प्रकार असतो हो
463,-1,असहमत पोस्ट लिहिली असेल मला कळला व्यंग
464,-1,तू कायले रिप्लाय देऊन राहिला कर अन दे सोडूनआता व्यंग त्यांच्या डोक्या बाहेरचा त्यात तू कायले रडतो
465,-1,तुझ्या ट्वीट मध्ये सांगीतल बघ तु विचारल व्यंग दुसयाची चुक दिसते स्वताची
466,-1,त्याच व्यंग च्या देवाला ठिणगी ठिणगी वाहून घे
467,-1,मुंबईकरांना सोडून सर्वांना सुप्रभात
468,-1,राव भक्तांना व्यंग कळत नाहीअसो
469,-1,बाई माणसाने पुरुषांनी काहीही बोललं चालते ट्विट व्यंग एव्हडं सुद्धा कळत तुम्हाला
470,-1,शिक्षण सामग्री
471,-1,आम्ही कुठे म्हटलंय तेच जर काका चे तरुण असतील मग पुतण्या व्यंग
472,1,४ खासदार असलेले पवार साहेब २२ खासदार ममता ला सल्ला देणार ३०३ खासदार आणणाऱ्या अमित शहा ना कसं हरवायचं
473,-1,कर्तुत्व शून्य असलं असं होतं नुसता जळफळाट निदान महाराष्ट्रातील संतांना न्याय मिळवून दिला असता पुरे होतं मंदिरे बंद ठेवून बार उघडे साध्य केलं अजानीच्या स्पर्धा केलं वरून जगाला धडे देणार
474,1,फॅमिली शो आहेजर फॅमिली सोबत बसून पाहावा वाटत असेल पहिला राखी सावंत ला बाहेर काढा शो मधून
475,-1,सर आमचे प्रेरणास्थान व्यंग मधल्या ध्रुवताऱ्याच स्थान कुणीच घेऊ शकत
476,-1,फक्त बीफच्या शंकेवरून लोकांची मॉब लिंचिंग हत्या करणारे जेव्हा बीफ फक्त गोमांस स्पष्टीकरण देत व्यंग
477,-1,माग
478,-1,जाऊदे विंग्रजी कच्ची उफाळून आलेल्या मुळव्याधीला व्यंग म्हणतात असं त्याला वाटतंय शिक्षण अंडवा भक्तांचं ना
479,-1,यांनी महाराष्ट्रातील बेरोजगारीवर तब्बल आठ तास चर्चा यांचा पणा दाखवून दिला
480,-1,अरे मूर्खानो विषय बोलतेय व्यंग कळत नसेल चेक घे एवढ मनावर घायच नसतं रे चोंग्या सहन नसेल बगू नको
481,1,डिजिटल इंडिया नसतं भारतात ब्रॉड बॅण्ड कधीच आलं नसतं
482,-1,ट्विटमध्ये टॅग वापरायला हवा फक्त भामटे वापरला
483,-1,आई मला मुलगा जन्माला नाय घातला आई अग ज़र माझ्या हातात असल असत तुलाच जन्माला घातला नसत
484,-1,राजकारण सोडून व्यंग साठी चित्रपट साठी
485,-1,व्यंग जरूर करावे व्यंग फक्त स्तर सोडू नका संस्कारांचे स्मरण राहू द्या पु लं ना आठवा बास लिहिते व्हा
486,-1,अंध भक्तांना व्यंग कळेल ना बाकी मोदी विरोधी माझी ज्युपिटर अव्हरेज देत नसेल
487,-1,तुम्ही इतकं व्यंग नको
488,-1,लस घेतल्याने व्यंग सुद्धा वाढ़ते
489,-1,बंधू तुम्ही व्यंग चे क्लासेस घ्या जागेची अडचण असेल आपले नवी मुंबई वाले सरांचा हॉल
490,-1,अत्यंत
491,-1,कोण फडणवीस नितीन गडकरी वाले त्यांना होउ देणार नाहीत
492,-1,काहीही उदाहरण दाखवता तर्क स्पष्ट सांगता एखादी गोष्ट भविष्यात चुकीची ठरेल गृहीत धरून विरोध करणारे लोक स्वतःला बुद्धिजीवी म्हणवतात
493,-1,तुमचे व्यंग आमच्या डोक्यावरून जातात
494,-1,२०२० मध्ये व्यंग ह्या गोष्टी कराव्या लागत असतील धन्य तुला कळलं असेल ने ट्विट नंतर मोर्चा दुसऱ्या विषयात वळवला
495,1,आपला देश प्रक्रिया श्रीलंका बांगलादेश नेपाळ ला देतोतिकडे आपल्यापेक्षा इंधन स्वस्त यापेक्षा मोठी व्यंग असावीसामान्य जनतेची लुट चालू सरकारकडून
496,-1,आवो काका बँक दूरध्वनी सेवा केव्हापासून द्यायला लागल्यात मग एरटेल आयडिया बँकिंग सेवा देणारेत मोबाईल बँकिंग ला दूरध्वनी सेवा म्हणणे किती भाबडेपणा अव्यवहारीपणा
497,-1,अध्यक्ष महोदय चुकीच निवडणुका च्या मार्फतच झाल्या पाहिजे
498,-1,आयुष्मान भव
499,-1,हरियाणा
500,1,एके काळी बाळा साहेब ठाकरे तुमचा दाऊद आमचा गवळी स्थिती बदलली तुमची कंगना आमची उर्मिला
501,1,व्यंग यांचा भोजपुरी सुपरस्टार खेसरीलाल यादव मुंबईत राहतो बॉलीवूडला मध्ये जायची भाषा करत वा वा
502,-1,मला वाटलं व्यंग कमेंट केलीय भाऊंनी म्हणलं लै झालं
503,-1,याला म्हणतात व्यंग शुभेच्छा
504,-1,सही उत्तर है ३ ऑक्सीजन ऑफ लाइफ ज्वॉइन
505,-1,व्यंग बिहार इलेक्शन साठी ज्या महाराष्ट्राला बदनाम त्याच्याच पायाशी यायला लागले पुर्वी इतिहासात औरंगजेबाचा माज इथल्याच मातीने उतरवलाय
506,-1,व्यंग लोकांमध्ये राहतेस तू
507,-1,कांदा मुळा भाजीअवघी विठाई माझी
508,-1,महाराज सगळ्या वरी शेतकऱ्यांचे जेवण जेवायचे कांदा भाकरी पिठल
509,-1,माझ्या वर्गातले कृतघ्न चू आधी मला लेक्चरमधून रिमूव्ह करतात नंतर माझ्याकडूनच नोट्स मागतात
510,-1,कोन करिया सि
511,-1,सामंतांनी व्यंग मध्ये खास कोर्स केलेला दिसतोय
512,-1,अनेकांचे लेखस्टेटस ट्विट्स मागच्या वर्षीही येणाऱ्या वर्षात फडणवीसांनी खिजवण्यासाठी असतीलही गोष्टींमध्ये एकच गोष्ट अधोरेखित तुम्ही मागच्या वर्षी शिव्या दिल्या वर्षभर कौतुक केलं थोडाफार व्यंग वापरताय
513,-1,कोण असन ठीक आपल्याले व्यंग कळत
514,-1,विज्ञान इतके प्रगत एकाचवेळी हजारो भक्तगण जगभरात मोबाईल वर संपुर्ण वायरलेस जलद गती इंटरनेट वापरून व्हिडिओ पाहू शकतात याचं समर्थन करू शकतात च्या देवा
515,-1,सगळे पुरुष दिना च्या शुभेच्छा देत चांगलं त्यातही व्यंग
516,-1,उत्कृष्ट बिकासे बन्न आवश्यक पर्ने भाषा
517,1,मराठी अस्मिता उल्लेख सणासुदीला करायचा असतो मला वाटायचं फक्त सीमाप्रश्न महाराष्ट्रकर्नाटक पुतळा विटंबना मुद्दा रोजगार हमी परप्रांतीय मुद्दा अशा वेळीच फक्त मराठी माणूस मराठी अस्मिता यांचे महत्व असते
518,-1,तुमचा व्यंग डोक्यात उतरायला थोडा वेळ लागला माझं लक्ष एन्ट्री कडे जास्त गेलं
519,-1,केंद्रीय मंत्री
520,-1,माणसाचा व्यंग सत्य यातला फरक समजणे अशक्य अंगावर आलं त्याला व्यंग झटकलं असणार याने याचे विचार कसे लोकांना समजले असेलच
521,1,बायको नवऱ्याची फाटकी बनियन पाहून अहो सना वराला नवीन कपडे घ्या नवरा आपले चे पैसे केंद्र सरकार कडे घेतो
522,-1,काटे तुम्ही सुदर्शन चे पत्रकार ह्याचे उत्तर तुम्ही दिलेतुमच्या व्यंग बोलणे समजत बाकी जीवाला बरे वाटावे जानेवारी वाईट ची जागा भरू
523,-1,काटे तुम्ही सुदर्शन चे पत्रकार ह्याचे उत्तर तुम्ही दिलेतुमच्या व्यंग बोलणे समजत बाकी जीवाला बरे वाटावे जानेवारी वाईट ची जागा भरून काडत आहात दिवाळी सांगत
524,-1,जर तरुण मुलगी मध्ये बघून गालातल्या गालात हसत असेल समजून घ्या चांगल व्यंग करतीये
525,-1,सुप्रीम कोर्टावर भगवा फडकवणारच
526,-1,पेपर कधी होणारेय आम्ही आमचे मार्ग बघावेत खरं व्यंग करायचा मार्गही आम्ही आमचाच बघितला होताआता परत मार्गाकडे नकोशेवटचा प्रयत्न करुयात विचार होतातो प्रयत्न सफल होण्याची लक्षणं दिसेनात
527,1,बिहार मध्ये कोणीही जिंको आम्ही विकणार पाणीपुरी वडापावच बिहारी भैय्या सूत्र नेहमीचाच
528,-1,कमाल बाईंची व्यंग सुद्धा कळत
529,-1,पॉल मॅडम व्यंग ट्वीट वर धन्यवाद म्हणते
530,1,वाघ गेला वाघनखं बोथट कोथळा काढण्यापेक्षा पुतळा बांधणं जास्त सोयीचं
531,1,कमला हॅरीस मुळतः भाजपच्या कारण त्यांच्या नावामध्ये कमळ
532,-1,अहो सर व्यंग कमेंट तिच्याबद्दल बोललो असतो चार मुर्ख ताईज्यांना केलेल्या कमेंट मधील उद्देशाचा गंध नसतात्या बेअकली रिप्लाय करायला आल्या असत्या त्याबरोबर दादा त्यांच्या कमेंटला लाईक करायला असतेत्यापेक्षा आपल्यातच कमेंट केलेली बरी ना
533,-1,याला व्यंग अस बोलतात रे जाऊदेत समजणार
534,-1,जाऊ दे अवघड विषय
535,-1,चल तु कमित मला कबुल विद्वान म्हणूनआता याला व्यंग म्हणुन स्वतची हलकी नको करुन घेउ
536,-1,साहेब मराठी माणसाचा जीव गेलायएक मराठी महिला विधवा झालीय मराठी मुलीचं छत्र हरपले आहेआणि तुम्ही च्या गोष्टी करता होईल महिला सबलीकरण
537,-1,अन्वय नाईक यांच्या आत्महत्येवर व्यंग करण्याची इच्छा तुम्हाला होतेयात सगळं आलं
538,-1,भारतात निवडणुकीच्या दिवशी सुट्टी म्हणुन बाहेर हिंडायला जाणारे संयुक्त संस्थाने अमेरिकेत कोण जिंकणार ह्याची चर्चा करताना बघून व्यंग च्या देवाचा हृदयाचा ठोका चुकला असावा
539,-1,त्यात व्यंग कुणालाही तसुरभर सुध्दा लाज वाटतं नाहीय ची पूर्ण
540,-1,माझ्या मित्राला हॉटेल मधला खूप आवडतो सारखा व्यंग मागत असतो
541,-1,चमच्यांची ची उर्जा शाब्दीक तिळमिळ बघून चमच्यांना बैठकीत मिळत असेल ह्याचा विचार येतो मग केवळ केवळ कीव येते मग हसू येतेकिंबहुना येतेच
542,1,भक्तांची मोदीजींनी हालत ठेवली ना मोबाईल किंवा अँप बॅन भक्त मोदीजींचा उदो उदो करतात हेच भक्त अँपल परवडत ऍमेझॉन वर सेल लागल्यावर तेच मोबाईल मोदीजींचा उदो उदो करतात
543,-1,व्यंग आधी चा चा असल्या लोकांवर हसू कि रडू कळत
544,-1,गाणं कोणतं मेन्शन कर ब्रो
545,-1,वर्षानुवर्षे जातीवर राजकारण करणारे बिहार ला जंगलराज्य बनवणारे लोकच बेरोजगारीवर बोलतायतं
546,-1,अरे राजा दादा व्यंग नावाची गोष्ट त्याला मुजरा म्हणत
547,-1,व्यंग खरी तक्रार
548,-1,सामाजिक सलोखा माणुसकीचा संदेश ईद च्या शुभेच्छा बरोबर देणे यासारखे दुसरे व्यंग भाऊ
549,-1,हो उडता तिर पुगळी घेणे मिरगी चे दोरे येणे सगळ्या सवय तुम्हाला आजोबा च्या नावाखाली विसर नाचे प्रमाण वाढले वाटते आजोबा काळजी घ्या
550,-1,ह्याच गोष्टीला नारायण रणे दुतोंडी गांडूळ संबोधले परवा व्यंग व्यंग अशा गोंडस नावाखाली मनातील विचार प्रकट करायचे आपला प्रोपोगांडा पुढे रेटावा दोन्ही कडचे लोक खुश आये ना मज्जा नी लाईफ
551,-1,कदाचीत चिनचे मांडलिकत्व पत्करल्यास भारत स्वतंत्र धोरण राबवू शकेल
552,-1,अरे तू भविष्याचा किती विचार करतेय किती समोर लग्न उरकुन गेलं तिकडे अस म्हणतोय एवढं विचार नको करू म्हणायचंय व्यंग बोललो बाबा सुर्या भाई को नही समजता ये
553,-1,ह्या वाक्याला वेगळा दैवी आयाम मिळाल्याचे वाचले बुचकळ्यात पडलेत असं होऊ शकतं अजुन डरकाळीतून येणं बाकी देव जाणे
554,1,बांधकाम मजूर कारखान्यात करणारे कामगार स्वच्छता कर्मचारी परिचारिका वाहन चालक रोजगार हमी योजनेअंतर्गत करणारे मजूर आदी सर्वांना करण्यासाठी शोध लावण्याचे आवाहन जगातील शास्त्रज्ञांना करत
555,-1,इत्ता संस्कारी काहे हो
556,-1,चांगला माणूस असणं पक्ष चालवणं राज्य चालवणं ह्या तीनही वेगळ्या गोष्टी त्यांचा एकमेकांशी काहीही संबंध सगळ्यांनाच सगळं जमतं असं एैकायचं मजा येते तेवढीच दुसरीकडून कानानी सोडून द्यायचं
557,-1,लोकांना तुमचा व्यंग समजला
558,-1,ज्या मेहनतीने तुम्ही खोटं अकाउंट बनवून व्यंग पणे विरोध करत आहात त्याच इमानदारीने ट्विट दाखवा जिथे मोदी सरकारच्या चुकीच्या एखाद्यातरी निर्णयाचा विरोध केलाय अंधभक्त म्हणतो तुम्हाला हिंदुत्व देश सग
559,-1,व्यंग ज्या राज्यात निवडणका त्यांना सगळ फुकट मिळणार ह्या अश्या जुमल्यांना वैतागून लोक भाजपची आई बहीण काढणार लक्षात ठेवा
560,-1,अरे व्यंग मध्ये सुद्धा लॉजिक हवं ना तोंडावर पडलं व्यंग बोलत होतो म्हणणारे तुझ्यासारखे लोकं जन्मातच पुष्कळ पाहिलेत
561,-1,मला पहिले व्यंग वाटला म्हटलं सतरंजी उचले ट्रोल करतील
562,-1,मटण करी सारखे जातीवादी उथळ लोक यांचे प्रवक्तेज्यांच्या कर्तृत्वाचा हिशेब चिल्लर सुद्धा जास्त वाटेल असले दर्जाहीन केवळ द्वेष वाढवण्यासाठी नेमलेले आमदारयांना आमदार स्वतःला बेड मिळाला सांगणार
563,-1,ह्या मुलाने गहाण ठेवली बापाकडे बाप मित्राला वाटत मुलाच्या ऐवजी
564,-1,गुलाम चा जोश्या व्यंग विडिओ चा फॅक्ट चेक करणार मालकाच्या प्रति आपली एकनिष्ठता सिद्ध करणार
565,-1,सर असेच चालू राहिले दिवसांनी टाकून टाकावी लागेल
566,-1,कमेंट वाचल्यावर गोष्ट समजली लोकांना व्यंग नावाचा प्रकार असतो अजिबात कल्पना
567,-1,आमच्या व्यंग च राहू द्या तुमचे भाषेचे संस्कार एकदम उत्तम
568,-1,ला व्यंग कसोटीवाले चिडवत होतो ह्यांनी सिरियसली घेतलंय
569,-1,ठिकाणी उमेदवार उभे पाहिजेत मग नंतर लोळतील मग त्यातून निवडून येतील साहेब उभे आम्ही असतील मूळात युतीमुळे तुमचा व्यंग कळलं बुवा चं
570,-1,व्यंग उपजत चल वाढदिवसाची पार्टी देतो
571,-1,धन्य आहात तुम्ही कुठचे कुठे भक्तांच्या लायनीत उभे राहू नका सत्तेत असतात त्यांनाच बोलणार ना टीका व्यंग वाह तुमच्या दृष्टिकोन बदला समजले मग भक्त घोषित घ्या स्वतः ला
572,-1,सत्ताधारी बाहेर पडत वाक्य विदर्भ वेळी प्रमुख नेत्यांनी लक्ष दिल वेगळं त्याने अप्रत्यक्षरित्या राज ठाकरे प्रमुख नेते नाहीत असं सुचवलं हो अभ्यास वाले दादा व्यंग कंमेन्ट
573,-1,जर असं असेल बॅन करा नाटकपथनाट्य सगळं बंद करायचं तुम्ही कोणत्या चष्म्यातून बघताय तुमचा प्रश्न आयुष्यात व्यंग नावाची गोष्ट असते कायम गँभीर होऊन चालत
574,-1,सर सगळ्या गोष्टी जर तुम्ही ने बघणार असाल जगण्याला अर्थ हो रोज आपण कितीतरी बघतो निव्वळ मनोरंजनात्मक हेतूने टाकण्यात आलाय जर भावनांना ठेच पोहोचली असेल योगायोग समजावाकारण यात रोजच्या जीवनातलं
575,-1,तुला व्यंग कळत माझा प्रॉब्लेम पूर्ण ला विचार हो दुसऱ्याचे बघणं थांबावं तुला त्याचे पैसे मिळतात
576,-1,चा व्यंग जबरदस्त असतो अनिल भाऊ नाहीत
577,-1,रे ताई
578,-1,मुंबईकरांनो अंधाराचा फायदा घ्या तशी जागा नसते तुमच्याकडे
579,-1,काकातुमचा उद्देश पोस्ट मधील लोकांना कळला नाहीते व्यंग होतं कडक भाषेमुळे लोकांना तुमच्यावर रोष मला करायचे नव्हतेफक्त लोकांच्या भावना दुखवू नये अपेक्षा
580,-1,च्या प्रतिकृतीमागचा कटाक्ष व्यंग सगळ्याना माहित ह्याच हैबिटेट स्टुडियोत माझ्या धर्माचा माझ्या शिवरायांचा होणारा अपमान असल्या गोष्टिना तुम्हीं प्रोत्साहित करत आहात तुम्हालाच माहित फक्त राजकारणासाठी महाराजांचे नाव वापरू नका
581,-1,परमबीर सिंह मराठी
582,-1,खबरदार त्याला शिव्या द्याल काहीही झालं हिन्दू आमच्या हिंदुत्वाचा अपमान आम्ही सहन करणार दिपक शिरसाट ला शिव्या घालणारे जिहादी संघी धर्म
583,-1,खबरदार त्याला शिव्या द्याल काहीही झालं मराठी माणूस आमच्या मराठी अस्मितेचा अपमान आम्ही सहन करणार दिपक शिरसाट ला शिव्या घालणारे आहेतचिवसैनिक
584,-1,अणि माणसाने डिअर कॉम्रड सारखा चित्रपट केलाय व्यंग च्या देवा
585,-1,भाई सॉरी नको म्हणू समजलं मला रिप्लाय व्यंग मध्ये सुचला
586,-1,द्यायला समोरच्याने फॉलो करायला हवं
587,-1,किती जुने व्हायला हवे
588,-1,नक्की करणार दिवस थोडं जुनं होऊ द्या तुमचं
589,-1,बहूतेक अर्नब ला गुवाहाटी मतदारसंघातून निवडणूक लढवण्यासाठी मुंबई पोलिसांची चाल
590,-1,फोटो मॉर्फ ज्ञानदा मॅडम खरंच हिम्मत असेल राज्यसरकरच्या मविआ च्या ढिसाळ कारभारावर बोलून दाखवा प्रश्न विचारून दाखवा तिथे तोंड बंद होतं राहुल जी च्या केस च्या वेळेस तुम्हाला अनुभव असूनही तुम्ही कोणाच्या बाज
591,1,केवळ घराणेशाही जातीयवादामुळे राजकीय गादीवर बसलेल्या साहेबांचा ला कडाडून विरोध ला ताकीद भोळ्या जनतेने मानले आभार केवळ व्यंग चा भाग कोणत्याही सत्य घटनेशी संबध जुळल्यास केवळ योगायोग समजावा
592,1,ज्यांच्यावर स्वतःच्या सुनांना छळण्याचे घरगुती हिंसाचाराचे आरोप झालेत तेच महिला अत्याचारांना प्रतिबंध करण्याचे कायदे करणार म्हणे
593,-1,अक्कल लोकांना हिंदुत्वासारख्या ज्वलंत मुद्द्याला उचलून धरताना आपल्याला गरिबीची बेरोजगारीची पडलीये फालतू लोक्स
594,-1,अजिबात करणार भाऊ थोर खरंच व्यंग सेनापती लढायला तयार असेल सैन्यात सामील व्हावं इथे सेनापती सदासर्वदा पांढरं निशाण उभा कशाला लढायचं
595,-1,चिकेन मास्टर चिकन मसाला
596,-1,मला वाटतं व्यंग असणार
597,-1,जय महाराष्ट्र
598,-1,व्यंग तुम्ही समजून घ्या
599,-1,अरे ये व्यंग कंमेंट था यार
600,-1,त्यांना व्यंग वगैरे कळत
601,-1,जगण्याचा त्रास टीप लेख उपहासात्मक व्यंग बिनडोक भक्त अंगावर आल्यास शिंगावर ढोंगी नाथांच्या जंगलराज प्रदेशात फेकण्यात येईल
602,-1,असेना म्हणणं
603,-1,काका साधं व्यंग ज्यांना कळत त्यांच्या आकलेबद्दल बोलणार
604,-1,फार वाईट मागची बॅकग्राऊंड
605,-1,माझा रिप्लाय व्यंग नसून वाचकांनी नोंद घ्यावी
606,-1,उतरली त्यांची स्टोक्स च पाहिजे मध्ये
607,-1,नव्हत त्याला केलं वाचलो
608,-1,सगळ्या मॅचेस वर खेळवा मग
609,-1,जमलंय
610,-1,आयुष्य खूप सुंदर फक्त आपली बॉलिंग असताना राहुल तेवातीया पाहिजे
611,-1,प्रतिक्षा गैरसमज आरक्षणाच्या समर्थनातच त्याला तुझ्या बोलण्यातल व्यंग कळाल
612,-1,नॉटी मा राज्यपालांना भाज्यपाल म्हणतो नंतर कमरेत वाकून व्यंग नमस्कार करतो आधी चुका करतो मग सारवासारव करतो
613,-1,अररर गणितच चुकलं माझं आई चार लोक म्हणतील
614,-1,आजच्या डबल मिनींग संवादांना येवले क्रीमरोल भाऊजींचा गॉगल वैगेरे व्यंग च नाव देऊन त्यांना ग्लोरिफाय करणाऱ्या सोशल साईट्स वरील विचारवंतांच्या दृष्टीने कसलं अभिरुचीसंपन्न कसलं कदाचित गावस्कर सरांच चुकलंच
615,-1,व्यंग बघा नुकतीच प्रायव्हसीच महत्त्व ओळखलेली आपली पिढी सार्वजनिक व्हायला लागलीय एकूण सगळंच मध्ये
616,-1,अष्टाविंशतितमे युगे कलियुगे कलि प्रथमचरणे भूर्लोके जम्बूद्वीपे भारत वर्षे भरत खंडे आर्यावर्तान्तर्गतै बिहार क्षेत्रे असुर श्रेणे लट्ठ धारे क्रोध पारे भगवा धारम खूब मारमलोकतन्त्रे रक्षकः ॐ विश्वगुरुवे नमः व्यंग
617,-1,कांदा रु किलो टोमॅटो रु किलो अजून किती पाहिजेत अच्छे दिन कुरबुर करायची विकत घेताना तिकडे सीमेवर सैनिक खडा पहारा देत असतात आपल्यासाठी तुम्ही कांदा टोमॅटो साठी रडताय कांदा टोमॅटो खाता राहू शकत देशद्रोही कुठचे
618,-1,ट्विट खर व्यंग पटकन लक्षात
619,1,मध्ये सहभागी होऊ इच्छितो नेमका फोटो कोणासोबत टाकू यक्षप्रश्न माझ्यासमोर शशी थरूर
620,-1,महाराष्ट्र के लोग बहादुर मोदी जी मला माहीत फार व्यंग वाटतंय मोदींना दया असेल आपल्यावर महाराष्ट्र संकटातून जातोय
621,-1,आमचं व्यंग डोंबोलीच्या ट्राफिक जाम मध्ये वारलं
622,-1,शर्म हया इज्जत
623,-1,निर्मला अक्कांनी दाखवलाय ताईंचं स्टेटमेंट खरं जरी असलं लोकांना व्यंग च वाटतंय
624,-1,तु चुकीचा नंबर दिलास तिने त्यावर कॉल प्रश्न मिटवला
625,-1,याला म्हणतात व्यंग उत्तर
626,-1,याला व्यंग म्हणतात
627,-1,अरे व्यंग होतं सांगायची वेळ येते राव
628,-1,अरे रे
629,1,व्यंग बेरोजगारसुद्धा टिव टिव करत त्यांच्याकडे फोन कॉम्पुटर डेटा अजुन पाहिजेत
630,-1,शारीरिक मानसिक
631,-1,चला दिवसाची सुरुवात छान बातमीने
632,-1,जखमेवर मीठ घालून फोडणी दिला राव
633,-1,कररेक्ट
634,-1,त्याला उत्तर दिलेलंपण सगळे बोलले व्यंग फसला आहेमग डिलिट केलं
635,-1,व्यंग करायला गेले भलतंच लिहून बसले ने वाट लावली
636,-1,यावेळी मारतोय
637,1,ज्याचं स्वतःच च अस्तित्व नसेल त्याने दुसऱ्याला संपवायची गोष्ट करने यालाच व्यंग म्हणावं
638,1,मोदी सत्तेत आल्यापासून भारतात वाढतोय देशविरोधी बोलल्यावर लगेच अटक केलं जातंय अभिव्यक्ती स्वातंत्र्याची गळचेपी जातेय काँग्रेसच्या काळात असं नव्हतं
639,-1,ट्विट मुद्दाम केलेलें काल व्यक्तिने त्यांच्या ट्विट मध्ये लिहिले आरक्षण घेणारे लोकं मोबाईल मजा करतात ट्विट त्यांना त्यांच्या ट्विट च वाकडं व्यंग उत्तर दिलं बाकी सुरूवात तिकडून
640,1,लहानपणी गोष्टीची सुरवात नेहमी असायची गावात गरीब ब्राह्मण राहत काळ बदलत गेला गोष्ट बदलत गेली सवर्ण मुलाला मार्क आरक्षण वाल्याला मार्क इथे सवर्णाचे च मार्क राहतात आरक्षण वाल्याचे
641,-1,व्यंग ठेवतो भक्तांची खूप जळते मग
642,-1,भावा तुझ्या व्यंग ला तोड़
643,-1,कळलं नव्हतं मला आधी
644,-1,अले अले मेला बाबू इत्ती जोर से रोया
645,-1,व्यंग उपहासिक पूर्ण वाचा
646,-1,अरे मित्रा व्यंग नावाचा शब्द ऐकला आहेस कधी इथे चालू आहेस आम्ही तुझ्या विचाराचेच आहोत
647,-1,आजची व्यंग बालासाहेब स्वतः कार्टूनिस्ट आणी कार्टून वरुण च मारामारी
648,-1,कोल्हापूरी मिसळ तांबडा पांढरा वरण वाल्यांना फुटपाथजवळ ठेवले असते पान बनवता येते व्यंग मजेने घ्या उगीच होऊ नका
649,-1,आजकाल होईल कळणार
650,-1,भक्तांना त्यातला व्यंग समजला असेल नाहीतर खरं मानून बसतील
651,-1,खरंच आश्चर्य कंगणाच्या बोलण्यातला व्यंग पत्रकारांना कळू नये पावसाळ्यात नी खड्डयांवर गाणे बनवले तेव्हा दादागिरी केलीभूतकाळात कित्येक पत्रकारांवर हल्ले केलेत यांनी नेते बाप ह म्हणतात कंगनाच घर २४ तासाच्या आत पा
652,-1,भाऊ माझा मुद्दा कळला ना व्यंग भांडा मला फक्त शब्दाला शब्द वाढतो सांगायचं
653,-1,तोडफोड होणे के बाद
654,-1,भावा माझा ठरलेला स्लोगन बस बाकी गेलं तेल लावत
655,-1,जाऊदे भाऊ किती बोलणार आपण आपल आपल बघायच
656,-1,ह्यांची चालातच राहील आपण करत राहायचं द्यायचं कोणाला कधी आवडेल कधी देत राहायचं सगळ्याच लिहिलेल्या गोष्टी लोकांना आवडू शकत फक्त एवढं डोक्यात ठेऊन चालू सगळं
657,1,कितीही काहीही झालं आपण कंगना रिया सुशांत वर अडून रहायचं बाकी कोरोना बेरोजगारी पूरस्थिती सगळं भंकस
658,-1,जर असेल ह्या वेळेस तुम्ही तोंडावर आपटणार
659,-1,मस्त तुमची मराठी शेफाली बाई खरं राऊत सारखी माणसं शिवाजी महाराजांना दिल्या गेलेली शिवी जेव्हा राऊत सारखा कंगनासारख्या स्त्री ला निर्लज्जासारख उघडपणे हरामखोर म्हणणारा माणूस शिवाजी महाराजांचं नाव घेतोतेव्हा स्वतः
660,-1,कंगनाला म्हटलं बाईला तुम्ही कसा म्हणू शकता बोलून तिच्या समर्थानात बोलणारे लोकं रियाचा आई बाप काढतात तिला वैश्या म्हणवतात आपला आपले मतं ठरवता नक्कीच
661,-1,फक्त सारख्या विद्यापीठांवरील खर्च च्या पैशांची उधळण
662,-1,दोघेही क्रिएटिव्ह व्यंग अजून
663,-1,टोमणा थोडी
664,-1,गोड बोलून टोमणे
665,-1,समजल
666,-1,याला म्हणतात तत्त्वज्ञान
667,-1,अरे बैल अंधभक्ता सारखा वागतोय तुला व्यंग कळालं ट्विट मधलं इथं बोंबलत हाफचड्डी चाट्या घरी जाय चड्डी अन घे घालूनअसं लोकांच्या ट्विट खाली भक्तांसारखा बिना पॅन्टचा येऊ नको
668,-1,कधी कधी उपहास करता असच वाटत आम्हाला
669,-1,मंग तुले समजला काका माया मधला व्यंग
670,-1,बर तू म्हणतो तस
671,-1,तू आर्मी कॅडेट घंटा मंद भक्ता जोक्स व्यंग चा अर्थ कळत नसेलच तुला अर्धवटराव हो मग च्या नेतृत्वात जी युद्धे जिंकली त्यात पंतप्रधानांचे योगदान असेल कर भक्
672,-1,आलेपाक राजगिऱ्याचे लाडू व्यंग
673,-1,व्यंग ट्विट केलं एडझवे ना वाचत पागल अरुण यादव ने रिट्विट मारलं चुत्याने
674,-1,मध्ये व्यंग अगोदर समजून घ्या
675,-1,एवढा डीप व्यंग कसा कळायचा राव
676,-1,तात्या व्यंग होतं प्रत्येक विनोद कोणाला कोणाला वाटू शकतो विनोदाला सीमारेषा नसते विनोद करण्याचा हेतू जर लोकांना हसवणे असेल त्यात गैर फक्त लोकांच्या भावना दुखावण्यासाठी तुमची आसरा घेत अ
677,1,देशाबाहेर होऊ शकते मग अंतिम वर्षाच्या परिक्षा होऊ शकत सरकारने अंतिम वर्षाच्या परिक्षा घ्यायलाच हव्या नाहीतर यासारख्या हुशार विद्यार्थांनी केलेली मेहनत वाया जाईल
678,-1,मला व्यंग वाटतो
679,-1,छत्रपती शिवाजी महाराज
680,-1,नक्कीच व्यंग अभ्याच कौतुक सध्या नंदुरबारलाय
681,-1,गाण्याचा भेंड्या खेळू
682,-1,व्यंग इथे वेळ संदर्भात बोललो
683,-1,आधुनिक यंत्र
684,-1,हो बरोबर मग स्वताचे नाव ठेवता दूसरे व्यंग नाव ठेवायचे ला
685,-1,मेस्सी बॉल फेकेल लाताळेल
686,-1,ह्या बिनडोक भक्तांना व्यंग कळतं शिवसेनेवर टीका वाटेल यांना
687,-1,व्यंग सगळ्यांना माहीत मोदीजी त्यांच्या कामाच्या विस्तारावर निवडणूक लढविणार जिंकणार देखील
688,-1,मराठी ट्विटर वरील जनता व्यंग ला करायला घाबरत असेल बरं कारण त्यांना खात्री देशात व्यंग लाच खरं मानणाऱ्या ढ लोकांची संख्या दिवसेंदिवस वाढतच
689,-1,शुभेच्छा ला व्यंग वेगळ्याच चा ज्याच्यात आगरीकोकणी माणसाचा झळकतो भुताच्या गोष्टी गजाल्या वाचतो
690,-1,शुभेच्छा ला ज्याचा व्यंग वेगळ्याच लेव्हल चा पद्धतशीर पणे ट्विट मधून ठासत असतो सर्वांची
691,-1,शुभेच्छा ला ज्याचा बघितला हसू आवरत त्याचे व्यंग प्रमाणेच ब्लॅक कॉमेडी
692,-1,काण्या वाघ नंतर वाट्टेल ट्विट करताय कोणता ब्रँड वापरतात चौकशी करा
693,-1,तू वाटत मध्ये
694,-1,पुन्हा येईल
695,-1,तरीच
696,-1,चेहरा च जास्त व्यंग वर येतील फक्त बघून
697,-1,ला लोकांना पांचट बोलायचे ला मग व्यंग चे खेळायचे मग ज्यांनी ज्यांनी ला लाल माती चाटवली सगळ्यांना करायचे अपन इसपे इतना बोलेगा इथून पुढे शिस्तीत राहतील अपेक्षा
698,1,माजी मुख्यमंत्री कम गृहमंत्री यांनी स्वतःच्या ५ वर्षांच्या कार्यकाळात सीबीआयला दाभोलकर तपासाची कधी साधी चौकशी नसणार तेच माजी मुख्यमंत्री कम गृहमंत्री कम विद्यमान विरोधीपक्षनेते सुशांत सिंह राजपूतच्या तपासाचा मागोवा सीबीआय घेणार आनंदोत्सव साजरा करत
699,-1,पुणेकरांचे साधे बोलणे सुद्धा व्यंग पेक्षा
700,-1,नवीन होतो कधीकाळी धंदे कधीच
701,-1,तासापूर्वी तुमची आठवण काढली
702,-1,छोरा पकडा गया पर्यंत ठीक पुढच्या २ ने सगळा प्लॅन फ्लॉप
703,-1,तुला समजलं मला सांग
704,-1,पहिलच ट्वीट अस केलय नक्कीच नवीन नाहिए
705,-1,माझे म्हणणे सिंपल तू असशील मोठ्या हॅण्डल वाला तुझ्या घरी लोकांना पांचट बोलायचे बोलून पुन्हा व्यंग धकवायचे
706,-1,स्पॅमर तंत्र मित्
707,-1,फक हार्ड
708,-1,सत्यवचनकोणाला यातला मधला रस्ता माहीत
709,-1,त्याला व्यंग किंवा व्यंग बद्दल शिकवा समजेल
710,1,व्यंग हाच माणूस दिवसापूर्वी दुसऱ्याला कोरोना म्ह्णून मजाक उडवत
711,-1,माझं जाऊद्या तुम्हाला यातलं व्यंग कळलं नक्की
712,-1,जा असं सांगावे लागले किंवा व्यंग असेल माहित
713,-1,वाचाळवीराला व्यंग कळत कुठं नेऊन ठेवला महाराष्ट्र माझा
714,-1,नक्की वाट लावली त्यांच्याच आमदार खासदारांना भाजपात प्रवेश दिला त्याबद्दल सरकारी संस्थाच खासगीकरण केल वाट लावण वाटत तुला पासूनचा निच्चांकी विकासदरमग प्रधानसेवक बेस्ट कसा
715,-1,तू जी तुलना आहेस त्यावरून घटनेचं गांभीर्य दुर्भिक्षता समजू शकतो
716,-1,मला फुटबॉलमधलं श्याट कळतं काल काहीतरी हृदयद्रावक घटना घडली एवढं नक्की
717,-1,तुझ्या इंग्रजीत लागू पडत त्याला करू शकत मध्ये बनतो अर्थ कळला पाहिजे त्यात व्यंग झेपलं लाव डोकं
718,-1,पिद्दी चाटुगिरी थांबवा थोडं व्यंग कळेल तुमच्या मध्ये इस्लाम संबंधी गोष्टी दिसतायेतगुणधर्म तशेच दिसतायेत लिहिलंय थांबवा जाउदे पप्पुचा अंकी असल्यावर
719,1,व्यंग आकाशवाणी एकदाच वाक्य लोकं १०० वेळा बोलतात
720,-1,खरंय भावा नाय मजा
721,-1,तेजोमहालय
722,-1,यामध्ये कदर असं कुठे दिसला तुम्हाला काका समजतं असेलच तुम्हांला असं समजतोचिखलात तुम्ही पहिल्यांदाच दगड मारला अंगावर उडालं पुन्हा मारणार ठाऊक मलाकमळ चिखलातच उगवतो माहि
723,-1,सर्वजण सत्यासाठी लढत कोणीही को
724,-1,आपण वापरलेली भाषा
725,-1,माहित मला शेवटचा शब्द
726,-1,शब्द जपून वापरा मुलीच्या ट्वीट ला र
727,-1,ना केलय बिंदास टाका ना
728,-1,घरातले म्हणत दादा मराठीतील सुपरस्टार त्यांनी सलग ९ हिट चित्रपट दिले दादांची विनोदी शैली नेहमीचा पोशाख व्यंग अभिनय वेळी खुप मजेदार वाटत अशा ह्या सोंगड्या ला जन्मदिनानिमित्त अभिवादन
729,-1,भावा तुझ असेल बघ
730,-1,स्वतःच्या नावाची कंमेंट करणारा मटेरियल होतोय र लोकांचा व्यंग खरच झालाय
731,1,झाडे लावा झाडे जगवा आपण कागदावर लिहितो
732,-1,सांगतोय व्यंग
733,-1,असल्या व्यंग ला कोल्हापूरी चप्पल ने हाणला पाहिजे
734,-1,एव्हढ कळतंयमग कशाला टार्गेट करायचं येऊन
735,-1,अगगयाय इंग्लिश
736,-1,भक्त बोलले चुकीचं बोललो अस वाटत मलाअसोजो स्वतःच्या कुवतेप्रमाणे अर्थ घेत असतो
737,-1,करोना काँग्रेस चे लोक बघून होतो तिकडं अमित भाई ना बी झालाय
738,-1,गरज दुसऱ्याच्या प्रोफाइल वरून मला टार्गेट करू नकाआणि कोणत्या परिस्थिती वर हसायचं याला अक्कल लागतेतुम्हा लोकांना खर नाव लावता दुसऱ्यांना टार्गेट करणे बर जमत
739,-1,आम्ही मधे आहोत पेशंट निघालेतसर्व सिल आहेज्यांना आनंद झालाय त्यांचं अभिनंदन
740,-1,थोडा अजुन व्यंग राहिला असता पहिल्या वाचनात कळाला असता प्रामाणिक मत पहिल्या वाचनात तुमचा व्यंग समजला आशिष भाऊ ने वेळा वाचला तेव्हा समजला
741,-1,कारण माझा मित्र दवाखान्यात स्वतः असं असताना राम म्हणणार साजरा करा
742,-1,श्रीराम श्रीरामराम श्रीरामश्रीरामश्रीराम श्रीरामश्रीरामश्रीरामश्रीराम श्रीरामश्रीरामश्रीरामश्रीरामश्रीराम श्रीरामश्रीरामश्रीरामश्रीरामश्रीरामश्रीराम श्रीरामश्रीरामश्रीरामश्रीरामश्री राम श्रीरामश्रीरामश्रीरामश्रीराम श्रीराम
743,-1,दादा व्यंग चा प्रश्न नाहीये सत्य हेच मुस्लिम शांती अशक्य गोष्ट जेव्हा मुस्लिमांना शांतीदूत कोणीही संबोधित करतो मला राग येतो कारण जो मुस्लिम त्याला शांती ह्या शब्दाचा अर्थच कळला नाहीये
744,-1,हो भावा आपण जणांनी जरी केल ना त्याच
745,-1,तुमच्या व्यंग ला सलाम ऑस्ट्रेलियात कोरोना चा प्रादुर्भाव वाढतोय लक्षात येतंय तुमच्या ट्विटवरून काळजी घ्या चा योग्य वापर करा
746,-1,तुमचं खालच्या पातळीच व्यंग त्यातला टोमणा कळतोय उद्या हीच वेळ तुमच्यावर नवऱ्यावर आई वडिलांवर बेस्ट फ्रेंड वर तुम्हाला कोणी असं बोललं खेळू नका झालं जय श्रीराम
747,-1,मित्रामी इथे ना हि कोणाला इंप्रेस करायला आलोय खूप दुधात मुरलो सिद्ध स्वतःला कट्टर भाजप वाडी दाखवायला भाजप समर्थक जरी असलो दिवस भर अति सिरीयस ट्विट करू शकत व्यंग
748,-1,कसलं व्यंग ह्यातत्याने पातळी सोडली आपण सोडायची कामग त्याच्यात आपल्यात फरक राहिलातो वेडा आहेपण भावा तुझा हेडर बघमग तू असलं व्यंग केलंस तुला उत्तर तसच मिळेल कीविरोध करापण ज
749,-1,लोकांना व्यंग कळत राव उगाच भक्त टॅग लावतायत मला पहिलं शेवटचं सांगते इथे कुठल्याही पक्षाचं किंवा राजकीय व्यक्तींचं समर्थन करत विचार पटत नसतील करू शकता माहितीस्तव सांगते मतदान सुद्धा ला केलं होतं
750,-1,काँग्रेस नेते आयात करुन काँग्रेस कशी संपणार हो
751,-1,तुम्ही संपणार कांग्रेस संपणार
752,-1,अरे महामूर्ख बितमी कायमाझी कमेंट आणी तुझ्या थुकरट टिळी आणी थाळी च्या कमेंट वरची व्यंग कळत नसेल तुला तुझा मेंदू उचल आणी जा शिकून ये आधी
753,-1,चुक तुझीच व्यंग समजायला असावा लागतो शिवसेना व्यंग विरोधाभास शब्द
754,-1,तुला व्यंग कळत सचिन टिचुकले
755,-1,दिवसांपुर्वी मिम केलं होतं बऱ्याच जणांना खटकलं अनफॉलो गेले व्यंग नावाचा प्रकार असतंय सांगावं लागतंय लोकांना असो गेले उडत
756,-1,बबड्या निघाला
757,-1,असले मराठी ला डावलायच तू मराठी आहेस अगोदर सांग मग तुला पुढचं बोलतो
758,-1,ताई पत्रकारिता इतरहि करतात तु त्याच्यांकडून शिकल पाहिजे शब्द कसे वापरावे शब्दानीं माणस जोडता येतात तोडता हि येतात भडकावू बोलुन जर स्वतःच्या खालच्या पातळीवरचे ट्विटला न्याय देऊ पाहत आशील योग्य जमत नसेल करू नये गुप
759,-1,जमलं
760,-1,जर कोना साध्वीला विरोध करायचंय खुशाल करापण व्यंग वापराल कायदेशीर कार्यवाही ला तयार रहा आम्ही व्यंग होऊ नका
761,-1,कुठे कसा वापरायचा कोणी झालं म्हणायचं तुम्हाला करता अरे लाज बाळगा तुम्ही लिहिता अर्थ निघतो जर जे पब्लिसिटी साठी असेल उद्या स्वतःच्या घरच्यांबद्दल व्यंग नवल नको र
762,-1,करणे ठीक येवढ्या खालच्या पातळीचे व्यंग नको कोण बोलला हनुमान चालिसा वाचा माणसावर तुम्ही बोलायचे बोला हनुमान चालीसा ला हनिमून वगेरे शब्द वापरण्या इतके मजल मारू नका येवढे मोठे कोणी
763,-1,यत्प्राणेन प्राणितियेन प्राणः प्रणीयते तदेव ब्रह्म त्वं विद्धिनेदं यदिदमुपासते केन० यन्मनसा मनुतेयेनाहुर्मनो मतम् तदेव ब्रह्म त्वं विद्धिनेदं यदिदमुपासते केन०
764,-1,सावंत साहेब तुम्हाला व्यंग कळत म्हणुन तुम्हाला आमदार करण्याची जनता अन पक्ष दोघे घेत नाहीत
765,-1,अहो तुम्ही त्यांना लेखू नका नक्कीच होईल तुम्ही बघा कदाचित व्यंग असेल
766,-1,मुद्द्याच बोलला तु
767,-1,नको देऊ वी चा मराठीचा पेपर रिकाम्या जागा भरायला
768,-1,त्याने शिव्या दिल्याच तुम्हीच रिकाम्या जागा भरल्या वाटत
769,-1,टच झालं मला खूप
770,-1,फाॅलोअर वाढवण्यासाठी कोणत्याही ट्विट मधे जास्त फाॅलोअर मेंन्शन करणे जास्त फाॅलोअर असणार्यांच्या ट्विट काहीतरी असंबध रिप्लाय देणे विविध चाळे करणाऱ्या फिंद्र्या जेव्हा म्हणतात मला महत्वाचे व्यंग तिथेच फाशी घेते
771,-1,गोटी गोळे चुकून वर आलेत
772,-1,दुनियदारीशी संबध तुझा म्हणायचा
773,-1,ह्या गोट्या कपाळातून बाहेर येताना चा फोटो
774,-1,वेड्या मुलगी
775,-1,आपला व्यंग असाच वाढत जावो शुभेच्छा कॉंग्रेट्स
776,-1,एकूण परिस्थिती पाहता रुग्ण ठणठणीत बरा होईल रुग्ण बोलेल त्यापेक्षा घर बरे
777,-1,मला सुचलं टाकलं मला आनंद तुमच्यासारखा व्यंग मला जमायला लागलाय
778,-1,कारण भारत नेपाळ मधेच येते बोले मग कसली टूर
779,-1,खरं ह्या ताईला हजारो फाॅलोअर्स हवेत कारण तिचे व्यंग बेस्ट असतात भुसा भरलेल्यांना फाॅलोअर्स भेटत राहतात
780,-1,महोदय विधाने दोनच भारत सरकार पैसे देत नाहीये दुसरे भारत सरकार पैसे देऊ शकत दावा करायला कोर्ट व्यंग होतदावा ह्या शब्दाच्या वापराबाबत दुर्दैवाने तेही आपणास समजलं त्यास विधान धरून बसलात
781,-1,व्यंग चा नादात चे नुकसान करु नका
782,-1,असायला हवं ना संपायला तरीपण
783,-1,असं नका लिहीत जाऊ ओमला व्यंग वाचताना त्रास होतोच
784,-1,व्यंग खूप अडचणी जीवनात त्यांना सामोरे जायची ताकत बाप्पा फक्त तुझ्यामुळे येते
785,-1,तुमच्या सोबत माझे विचार खुप मिळतात तुम्ही जे भाषेत व्यक्त व्यंग
786,-1,तुम्ही जिव्हारी लावुन घेतल समझुन घ्या आम्ही शेतकरी च आहोत राहीला प्रश्न दिप आमवसेचा शोध वर्षात च लागलायआम्हाला जस कळतय तस आम्हाला दिवस गाटारी म्हणुनच माहीत
787,1,कोरोमा वरील रामबाण उपाय एकच छंद गोपीचंद
788,-1,मला प्रश्न पडला ठोक्या मुलांना मनता येईल मुलीना मानव
789,-1,आपण आपलं प्रयत्न शेवट पर्यंत करायचे खरंय नाय
790,-1,कोणाची ठोक्याची ना
791,-1,दाजी ला विचारा नक्की मला सांगेल मला तिच्यावर
792,-1,मला अनुभव नक्की सांगेल तुम्हाला
793,-1,लावली वाट
794,-1,दुसऱ्याच्या अनुभवातून समजलं मला सांग नक्की
795,-1,सर मला
796,-1,समजलं वणीने सांग मला
797,-1,मग कसं विचारावं बोलेल अन हो म्हणेल
798,-1,मला बा अनुभवींना विचारलं उत्तर देतील
799,-1,नाहीच बोलणार
800,-1,बोलणार मग
801,-1,मग खरंय
802,-1,बघेल बघेल
803,-1,हो मिळालं कडून अत्ता च
804,-1,तू म्हणतंय खरंय
805,-1,बोलणार एव्हढ नक्की
806,-1,मुलीला तुला अस विचारता तुला ठोक्या हाय अस विचारलं
807,-1,शब्दशः अर्थ घ्यावा
808,-1,आपला असेल सांग
809,-1,विषयच त्यांचा कोणी नाद करूच नये
810,-1,येतोय पेक्षाही झांगडगुत्तीचा वाटतोय
811,-1,सोडून हॉलिवूड मूव्ही बघितली अजून
812,-1,सर्रास बोलल्या मुलगी धोका देऊन गेली मग गटारीत पडण्याचे उद्योग होतात
813,-1,तुझा ठोक्या चुत्या निघाला त्यात आमचं चुकलं
814,-1,एकाच नेत्याला तास ट्रोल केल्याशिवाय ट्विट सुचत मध्ये व्यंग लिहायचं
815,-1,हो मग मदत लागली तेव्हा मात्रं आठवतात राज ठाकरे
816,-1,यातलं व्यंग समजता भक्त कॉपी पेस्ट करतील
817,-1,याचं मूळ तुमच्या आडनावात तुमच्या पोस्ट पाहून प्रोफाइल पूर्ण चेक व्यंग ना करायच्या अगोदर
818,-1,कदाचित मुलगा असेल
819,-1,राज ठाकरेंच्या तोडीचा कोण महाराष्ट्रात नक्कल व्यंग च्या बाबतीत
820,-1,अरे यार तुम्ही व्यंग समजत जा बे
821,-1,नॉटी अमेरिका
822,-1,मला वाटतं माझ्यासाठीच बनवला गेला असावाशब्दांपेक्षा चेहऱ्यावरच्या हावभावांनी व्यक्त हायला मला जास्त आवडतंआपण हजारो शब्दांनी पोहोचवू शकत नाहीतेच डोळ्यांतूनहावभावांतून परफेक्ट पोहोचवू शकतो प्रेमवेदनाकृतज्ञताराग माझा आवडता इमोजी
823,-1,मग धारावी मॉडेल चे यश राज्यसरकारचे ना वा रे वा रे करे करे क्या बोले बोले क्या
824,-1,खरं २०२०पासुन आरोग्य विभाग केंद्र सरकारच्या अधिपत्याखाली येतो नवीन फतवा महाराष्ट्र सरकारने काढला असावा
825,-1,जर तुम्ही व्यंगात्मक लिहिले असेल ठीक व्यंग त्याला मंत्रीपदी बसवायची जरूर च जो माणूस पंतप्रधानांचा आदेश त्यांच्यासमोर च फाडून टाकतो त्यांचा बॉस होतो अश्या व्यक्त
826,-1,असं लीहायला विसरलात
827,-1,पुन्हा एकदा व्यंग मध्ये मध्ये चुकायचं माफी मागायची
828,-1,कधी कधी व्यंग अंगाशी येतं तू छान लिहितोस दुसरी गोष्ट केव्हा केव्हा आपणही चुकू शकतो कारण आपण देव नव्हे
829,-1,पुणेकरांना सांगा
830,1,कितीवेळा सांगावं लागेल पुरणपोळी ला पोळी म्हणतात चपाती ला चपातीच
831,-1,डावा गट उजवा गट अर्थ घ्यावा त्यांचे कोणी नेते नाहीत ट्विट व्यंग
832,-1,राव
833,-1,तुमचे सगळेच ट्विट आम्ही व्यंग म्हणूनच घेतो टाकायची गरजच कोणी तुम्हाला सिरीयसली घेत तुमचा पक्ष सुद्धा
834,1,कोरोना टेस्ट करायला असाल २ वेळा करा पाहिले चांगले कपडे घालून टेस्ट पॉझिटिव्ह येईल नंतर फाटके कपडे घालून जा टेस्ट निगेटिव्ह येईल
835,-1,तुमचा व्यंग वाचून लोक पोगो बघायला लागतील हना मला प्रवक्ता म्हणा
836,-1,भक्तांना समजण्यासाठी अदभुत ला शेवटी हॅशटॅग वापरून व्यंग असं लिहावं लागतंय
837,-1,अंडी मंडी संडी ज्यांनी गुन्हा केलाय पुढं नाहीत त्यांची
838,-1,आयुष्यात खूप पाप केलीत मित्राला सांगून चुतीया बनवला तुझ्याकडे बघत
839,-1,परीक्षा झाल्या पाहिजे पालक मुलांना घराबाहेर सोडू शकत घरून परीक्षा सुद्धा घेता ज्यांना परीक्षा द्यायच्या नंतर देऊ शकतात याशिवाय तुमच्याकडे सगळ्यांना पटेल जमेल अस
840,-1,उपहासात्मक फारसं कळत अशा अर्धवटरावांना सांगावं लागतंय व्यंग
841,-1,वय पैसा ओळख वाढली लगेच माणसाला माज चढतो
842,-1,साहेब जिथे तुम्ही येऊन सगळे बोलून गेले जळगाव तिथली सत्ता आमदार खासदार सगळे भाजपचेच बर आणी तिथली परिस्थिती अत्यंत चिंताजनक
843,-1,तेच ना लोकांना माझं व्यंग कळतंच नाहीए वाटत
844,-1,पालकमंत्री अजितदादाचा लाॅकडाऊन मग साॅकडाऊन टास्क त्यांचा घराबाहेर किंवा गॅलरीतून मुता
845,-1,तीनही गोष्टी व्यंग असू शकतात तिसरी नक्कीच
846,-1,लोकांना व्यंग समजायला वेळ लागतो
847,-1,जेव्हा गोष्टी व्यंग करण्याच्याही पुढे जातात
848,-1,तुमच्या बोलण्यातील व्यंग मला समजत नाहीये खरा समर्थक कुणीच मोदी सेठ म्हणत
849,-1,अरे चुतीया तुझ्या सारख्या हिजड्या लोकांना कधी समजणार व्यंग घाल तुझ्या गांडीत
850,-1,पप्पू मूत्र पिने वाले
851,-1,अरे तुला व्यंग कळत नसेल बारक्या अभ्यास कर कारण कुणीही म्हटलं ची होणारच अभ्यास करता डिग्री देत कुणी मग बसणार कितीही करा परीक्षा होणारच
852,-1,विषय एकेरी बोलण्याचा अनादर करण्याचा व्यंग समजत आम्हाला
853,-1,स्वतःच्या मनात ईतर धर्माच्या विषयी एवढा द्वेष चाल्ले महाराजांबद्दल बोलायला खरा अपमानतर तुमच्या सारखे करतात त्यांच्या विचारांचा
854,-1,माझ्या साठी तुला फुकटात मिळालेल्या वरून ४४ उत्तरं करावी लागतात यावरून तुझी लायकी आपोआप सिद्ध तुला माझी मुळ कमेंट त्यातील व्यंग समजू शकला आधी वाचायला शिकडोक्याचा तेवढाच वापर
855,-1,म्हंटल सगळ्या वाचा रिप्लाय करा मराठीत त्याला व्यंग मगणतात व्यंग व्यंग
856,-1,त्याला इंग्लिश मध्ये व्यंग व्यंग म्हणतात मराठीत व्यंग म्हणतात कोपरापासून नमस्कार
857,-1,आणखी जण म्हणाला शिवाजी महाराज बोला त्याला लगेच केलं हशा व्यंग नाहीय स्मारक व्हावं व्हावं २ वेगळे विचार नक्कीच आक्षेप कलाकाराने जो मुद्दा त
858,-1,भाऊ चिकित्सा अवश्य करावी काहीच चुकीचं चिकित्सा करणं चेष्टा करणं यात फरक मधे जे व्यंग चुकीचं वाटलं मला ज्याचा जो मान मिळावा असं वाटतं मला
859,-1,आणखी जण बोलला शिवाजी महाराज म्हणा त्याला फॉलो व्यंग बरोबर नाहीय लोकप्रिय होण्यासाठी कन्टेन्ट दर्जेदार करा महाराजांना मधे आणायची काहीच गरज नवती
860,-1,उपहासात्मक लिहिलंय मागे एकाने फेसबुकवर थाली बजाओदिये जलाओ इव्हेंट्सवर उपहासात्मक पोस्ट्स केलेल्या बऱ्याचजणांनी भक्तीभावाने व्हायरल केलेल्या व्यंग टाकला पाहिजे पोस्ट करताना समजण्यासाठीपण जर ब्रे
861,-1,प्रिय कानोळे तुमचा कायमचा चाहता अक्षय मागील बऱ्याच दिवसांपासून तुमचं नाव लावून इथे जगतोय म्हणजेच तुमचंच प्रतिबिंब असल्यावणी वावरतोय मनातल्या मनात कुठेतरी विचारांची घुटमत अन व्यक्त ओ तुमचा व्यंग पणा अंगिकारण्याचा प्रयत्न
862,-1,दादा जे बोललो माझ्या मनाला पटणार धोनी चाहता बोललो सारखं काहीच
863,-1,पेलुआसन
864,-1,कोणाला व्यंग उत्तर दिलं लोक लगेच करत डोक्यात येतात
865,-1,एकानं विचारलं काल ट्विटर वर नेहमी वापरला जातो त्याला मराठी चपखल शब्द कोणता माझ्या मते तिरकसतिरकस बोलणारा तुमचं मत
866,-1,पक्षाच्या अधीकृत खात्यावरून ट्विट केलं गेलंय बघा
867,-1,गंध पर्वत
868,1,लॅपटॉप मधील फॅन च्या लाईट मुळे असेल जास्त बिल २ सूट मिळेल
869,-1,तुला व्यंग समजला वर दुसरा कशावरही
870,-1,लायकी तेव्हाच कळली जेव्हा कटाक्ष किंवा व्यंग समजू शकला नाहीस सोड आधी स्वतःचा धर्म संविधान मानवी हक्क यासंदर्भात वा
871,-1,सौ रश्मीताईंचे वडील श्री माधवराव पाटणकर आत्ता आठवड्यांपूर्वीच वारले त्यांच्याकडून हास्याची अपेक्षा चुकीची पूजेला आल्या हेच पुरे त्यांच्यावर विनोदटिका करू नये खरी कानउघाडणी आदित्यची व्हायला हवी जातीने लक्ष देऊन त्याने आत थांबायला हवं होतं
872,1,आपण कुणालाच घाबरत बंदूक पिस्तूल तोफ रणगाडा आपण कुणालाच घाबरत छाटचुट
873,1,नसून असतं डॉक्टर व्यंग तोंडावर तेवढं पडू नका
874,-1,जेव्हा लोकांना व्यंग समजत तेव्हा आपल्याला खूप आपण त्यांच्याशी किती चुकीचं वागलो पटवून देण्याचा प्रयत्न करतात नाती संपवायची भाषा करतात जर मस्करी झेपत सुरुवात करतात
875,-1,दुसऱ्या दिवशी कळत गांड कशाने पुसेल तोंड कशाने पुसले मार्क ठेवलय
876,-1,मग फक्त स्वतःला समजलं व्यंग कामाचा
877,-1,कोणालाही दुखवता व्यंग ट्विट करणं महाकठीण
878,-1,अंघोळी नंतर तोंड गांड एकाच टॉवेल ने पुसतो
879,-1,नक्कीच सरांच्या व्यंग ट्विट्स ची बरोबरी होणे निव्वळ अशक्यच वाढदिवसाच्या खूप साऱ्या शुभेच्छा सर
880,-1,सर्वांना व्यंग कळेलच असं नाहीत्यामुळे भरपूर लाईक्स मिळतील पोस्टला
881,-1,तुमचं वाक्य व्यंग होतं खरंच एवढ्या प्रतिक्रिया अपेक्षित होत्या
882,-1,राजू जी तुम्ही काहीही म्हणा व्यंग वगैरे वगैरे मुलाखती नंतर बदललेला सूर आम्हाला दिसतोय बाकी तुम्हालाच माहित असणार
883,-1,उपहास मला यांना माहित व्यंग शिकून घ्या
884,-1,स्वतःच ट्विट त्याला स्वतःच व्यंग म्हणतोस
885,-1,अहो व्यंग म्हणतात त्याला
886,-1,चिमटा काडून पहिला झोपेत नाहीका उगाच आपला व्यंग
887,1,आरोग्यव्यवस्था बरबाद ठेवली मुंबई ची भाजप ने वर्ष महापालिकेवर सत्ता असूनही
888,-1,मराठी ट्विटर वर कोणते ज्यांचे ट्विट उपहासात्मक व्यंग असतात ज्या मध्ये शाब्दिक कोट्या मोठ्या प्रमाणावर असतो जे शाल जोडीतून हाणत असतात ओळींच्या मधून मनोरंजन करतात मला करायचं अशा अकाउंट्स नासुचवा
889,-1,अहो असले व्यंग मला करता येतात ना माणसांमधे भांडण लावायची संस्कृती माझी मराठी साहित्यात मोठा योगदान देणारे किती विदर्भातले साहित्यिक ज्यांची स्मारक उर्वरित महाराष्ट्रात विदर्
890,1,एकादाचं ठरवा पोरांना अप्पा बळवंतला जाऊन पुस्तकं विकायची
891,-1,मग म्हणतात आरक्षणाची गरज व्यंग
892,-1,मराठी वाचकाना कळत बहुतेक ट्विट आणी जणांचा विकेट
893,1,बरं झालं देवा जगबुडी नाहीतर शिवसेनेचा पंतप्रधान बघण्याची इच्छा अपूर्ण राहिली असतीबघा तेवढं जमतयं
894,-1,चुत्याला व्यंग कळला
895,-1,भक्त फेक न्यूज पसरवत खरी बातमी
896,1,घरगुती व्यंग फादर्स डे च्या केकसाठी पप्पांकडूनच पैसे घेतो
897,-1,व्यंग उपहासात्मक शुद्ध मराठी
898,-1,उद्या सांगेल
899,-1,ओ ताई माझा जन्म मराठी मातीतलंच तुम्हाला व्यंग कळतं असेल ठीक नाहीतर खेळा लुडो त्यांच्या कविता वाचल्या
900,-1,विषय व्यंग चा देशात राज्यात सर्वत्र
901,-1,शिवसेना वर्धापन दिन युथ आयकॉन राहुल गांधी यांचा वाढदिवसाच्या मस्त संयोग दोघांना खूप शुभेच्छा खान साहेब दिवसेंदिवस तुमचे व्यंग अफलातून चाललं
902,-1,तेच मग एकदा चीन मधून कायकाय येते बघा सर मग हवं डिबेट करूआणि ट्विट व्यंग होतं
903,-1,यामुळेच महाभारत घडत असतंय
904,-1,तुम्हाला अक्कल देशाच्या पहिल्या पंतप्रधानांना आजुन शिव्या देणारे करंटे तुम्ही आम्हाला शिकवणार पंतप्रधानपदाच्या मागे उभे रहा लाज वाटू द्या थोडी जनची मनाची स्वतः
905,-1,मला आधी वाटलं होतं व्यंग मग पहिली
906,-1,हो आमच्या कड़े कुकर मधे चहा शिजवता आणी परातित टाकुन पिता व्यंग
907,-1,पुस्तकातील वाक्ये जशीच्या तशी ढापणे त्यातून थ्रेड लिहिले एखाद्यावर चार कोट्या केल्या वाहवा मिळवली व्यंग च्या नावाखाली कुणाचा ना कुणाचा अपमान करत राहणे एकांगी राजकीय मतमतांतरे हेच रोजरोज निरंतर करत येणे वरून अभ्यासू घेणे हास्यास्पद
908,-1,जागतिक दर्जाचेच लिखाण फक्त मराठीत भाषांतरित केलेले अर्थात तुमचा उच्च दर्जाचा व्यंग गिरीशला कळल्याने त्याने बिचाऱ्याने आपण केलेले कवतिक भोळसटपणाने रीट्वीट
909,-1,प्रत्येक च्या पोस्ट खाली व्यंग सांगावे लागणे लोकांनी तुमच्याशी केलेला विनोद कि मस्करी
910,-1,व्यंग पु ल देशपांडे काकांनी ठेवलाच
911,-1,तुम्ही व्यंग करता सांगावं लागतं
912,1,सर तुम्ही नक्की कोणत्या घरात राहताय शासकीय खाजगी ह्याची शहानिशा करण्यासाठी असेल तुम्ही शासकीय घरात राहात असाल खाजगी टोलेजंग घर कॉविड हॉस्पिटल करता येईल बघण्यासाठी नसेल शाखा सुद्धा कोविड सेंटर झाल्या असं ऐकलं
913,1,कालच कसं माझ्या घरचा पत्ता सोशल मिडिया वर सार्वजनिक सारं चांगल चालल असं स्वत हून जाहीर करतोय
914,-1,भाऊ जेवले कुठल्याही पार्टीचा जाती धर्माचा नाव आडनाव लावला येते आजकाल राजकीय कल असेल कयास काढले जातात त्यांना २ दिवस अशे पास इत ऑन टाकत व्यंग
915,-1,वाघ साहेब नावातच कुत्र कुठचं लिहलय अरबी लोकं त्यांना म्हणतात
916,-1,तात्या व्यंग कशाला म्हणतात कळतं ज्या व्यक्तीला विचारलंय तिला प्रॉब्लेम नाहीयेतुम्ही उगाच बेगानी शादी मे अब्दुल्ला बनून कशाला घुसताय
917,-1,अहो सोनू सूद चा राग येणारच ना त्याने केलेल्या कामात शीटसेनेला ना कोठल्याही प्रकारे क्रेडिट घेता आल ना कामात कोठे हात मारता माणूस होणारच ना बर येवढं झाल्यावर गप्प बसावं कारण संजया ला अक्कल च सतत
918,-1,पाहिजे बाकी व्यंग अस असेल विग लावलेला दादा असू शकतो
919,-1,कोणी विचार करू शकत खरंच वाटत मिनिट वाटलं व्यंग लिहिलंय भूगोल शिकले नव्हते
920,-1,तुझी बौद्धिक पातळी तुझ्या मधून दिसतीये ज्याला स्वतःची गोची झाल्यावर व्यंग सुचतोय तुला बहुतेक भारत पाकिस्तान पचणार तू पोगोच खेळ
921,-1,व्यंग अरे किमान विद्यार्थांच्या आरोग्य सुरक्षा मध्ये तुमचं घाणेरडं राजकारण नका घुसवा विद्यार्थ्यांचं बरं वाईट झालं तुम्ही जबाबदारी घेणार
922,-1,नाटक चार नंतर तुम्ही नीट उभा राहू शकता पावसात थंडी वाऱ्यात घेतली थोडी तुम्ही एवढी टीका करणार
923,-1,सेम असाच टी शर्ट घातला काहीच फरक मला माझ्या चॉइस वर शंका येऊ लागली टी शर्ट फर्शी पुसायला देऊन टाकू
924,1,तेजिंदर बग्गा पासून अर्णब गोस्वामी अचंबित पात्रा पर्यंत सर्वांनी शालेय जीवनात यासंबंधीच्या प्रश्नाची धर्मनिरपेक्ष अहिंसा यया उत्तरांचीच घोकमपट्टी शाळेत शाबसकीही मिळवली असेल किती वाटतं आत्ताच्या समाजाचं नेमकं हेच झालय शाळेत जे वाचलं मनाला पटवून देता
925,-1,कळली तुझी अक्कल तुला व्यंग कळत नाहीये
926,-1,जे आपल्याला कंसात लिहावे लागतंय नात्यावरना ची लेवल कळालीच असेल कंसात लिहायची गरज तेंव्हाच पडते जेंव्हा माहीत असता ट्विट मध्ये हसण्यासारखं नाहींहा त्याने कळेल यावर हसायचं व्यंग वगैरे असं म्हनायचा प्रयत्न करू नये
927,1,जे पोर म्हणत आम्हाला फुकट डिग्री नको आम्ही लढून पास धन्यवाद सी एम साहेब म्हणतात ये
928,-1,सर डायरेक्ट पंतप्रधान जीं बरोबर चालेल प्रयत्न करतो
929,1,कोरोना योद्धांपेक्षा कोरोना योद्धा प्रमाणपत्रच जास्त दिसत
930,-1,आदर्श व्यक्तिमत्व अभियानात बोलत
931,1,काळजी नका करु ठाणे कळव्यात सगळ्यांना मोफत वाटलेले कोणालाही
932,-1,भोमसडी के
933,-1,सरकार भक्कम महत्त्वाचं मारणारे मरत राहतात त्यात एवढं
934,-1,आयला बाळा थोरात महाराष्ट्रातला सबसे बडा नेता ना कॉंग्रेसचा त्याला परबसोबत बसवून लायकीच काढली राव ची राष्ट्रवादीने बरोबर पात्रतेचा दिलाय थोरात आवरा एकट्या फडणवीसला उत्तर द्यायला महारथी
935,-1,आयला बाळा थोरात महाराष्ट्रातला सबसे बडा नेता ना कॉंग्रेसचा त्याला परबसोबत बसवून लायकीच काढली राव ची राष्ट्रवादीने बरोबर पात्रतेचा दिलाय थोरात आवरा एकट्या फडणवीसला उत्तर द्यायला
936,1,पाच वेळा खासदार ३ वेळा मुख्यमंत्री उत्तम संसद पटू यांना एकही राजकीय पद भूषवलेल्या यांनी शिकवावे
937,-1,उच्च दर्जाचे व्यंग त्यात चुकी ज्ञान नसल्याची माझी नव्हे
938,-1,अरे देवा ह्याला व्यंग नाव ज्याला बाकी भाषांचा द्वेष असतो कित्येक लोक मनसेत जे मूळ मुद्दा विसरून भरकटलेले असतात फक्त त्यांना गोष्ट लागायला हवी बाकी समजूतदार असणाऱ्यांना ह्यावरून आपत्ती होण्यासारखे काहीही लिहलेले नाहीये उगाच द्वेष करू नका
939,-1,व्यंग एवढे रगवण्यासारखे नाहीये त्यात काहीच
940,1,व्यंग तुमचं नाव कुशल असते आयुष्यात फक्त अमंगल गोष्टी घडत राहतात
941,1,लॉक डाऊन मध्ये दाढी मिशी आलेल्या माझ्या मैत्रिणींना ब्रदरस डे च्या हार्दिक शुभेच्छा
942,-1,अर्थातच तुला व्यंग कळत नसेल मंदबुद्धीच्या
943,1,सर तुमचा मतदारसंघ कोथरूड तुम्ही सद्या आहात कोल्हापूर मध्ये उद्धव ठाकरे साहेबांना बाहेर पडून करायला सांगताय
944,-1,वाईट तुला वाटतंय मित्रा नाहीतर व्यंग पोस्ट वर उत्तर देत बसला नसता
945,-1,मन शांत करण्यासाठी गेलेत
946,-1,बामनाला व्यंग कळला
947,1,महाराष्ट्राचे तुकडे करण्याची शपथा घेणारा विनोदी पक्ष नेता महाराष्ट्र वाचवा आंदोलनं करतोय
948,1,वारीत साप सोडणार वारीची परंपरा मोडणारा सध्याचा विनोदी पक्ष नेता करोनाच्या संकटात वारी करा म्हणतोय
949,-1,अरे फोनच प्रकरण अजून विसरलेली दिसत पब्लिक सकाळ पेपर मध्ये ब्रिटिश नंदी सादर यायचं त्यातली कमळाबाई सारखी रुसायची उद्धवजींवर खरं होतं आम्हाला वाटायचं व्यंग भले शाब्बास
950,-1,वारीत साप सोडणार ची परंपरा मोडणारा सध्याचा विनोदी पक्ष नेता करोनाच्या संकटात वारी करा म्हणतोय मागच्या वर्षीच्या वारीत साप सोडणाऱ्यांच झालं चौकशी कुठवर कि आजूनही अभ्यास चालू
951,1,यांच सरकार असतांना सामान्य नागरिकाला सोडाच भाजप कार्यकर्त्यांना देखील माहीत नव्हतं राज्याचा गृहमंत्री कोण होतं मोठमोठ्या गोष्टी करत
952,-1,चा अर्थ कळत तुम्हाला
953,1,महाराष्ट्रात नव्हे साया भारतात फक्त फक्त ऊसाचे पीक घेतले जाते भारतातील शेतकरी फक्त ऊस उत्पादन करतात एकदा ऊस उत्पादक शेतकऱ्यांचे प्रश्न सोडवले साया शेतकऱ्यांचे प्रश्न सुटतील देश सुजलाम सुफलाम होईल जय सहकारी साखर कारखाने
954,-1,मला नाई लहान पणी माझे मित्र मैत्रिनी बड़बडं कसाव म्हनायचे
955,-1,भाऊ इतक्या जोरात कान फटित मारली व्यंग
956,1,दिवस आलेत लोक स्वयंघोषित राष्ट्रभक्त जाहीर तेच लोक ज्यांचे मोबाईल चायनीज कंपन्यांचे
957,-1,सन्माननीय साहेब संजय राऊत व्यंग मध्ये बोलले जर वानखेडे स्टेडियम घेत असाल ब्रेबॉर्न स्टेडियम
958,-1,चिडचिड करणे विषयावर निलूभाऊ ने बोलणे व्यंग चा परमोच्च शिखर मला माहित रोहित पवार ने ब्लॉक केलं कधी असणार ट्विट पाहिलं उलट निलेश राणेंनी ब्लॉक केलेल्या लोकांची संख्या रोज किलो किलो ने वाढत उथळ पाण्याला खळखळाट फार
959,-1,मित्रच
960,-1,करा नको शहाणपणा
961,1,आजकाल फडणवीस शेलार नाहीत बंगल्यावर झालं पाखरू रुसलय वाटत आमच्यावर राज्यपाल विचारत विचारलं भक्तांनो तक्रार करू नका ट्रोल केलं व्यंग
962,1,कोविड योद्ध्यांनी पगार मागू नये अन्यथा तुम्हालाही महाराष्ट्र द्रोही हिणवलं जाईल
963,-1,तुम्ही मूळ ट्विट अस्तित्वात नसल्यामुळे बघत नाहीत नुसता रिप्लाय बघून रिऍक्ट चुकीचं शिवाय व्यंग बनिया लोकांच्या वृत्तीवर महाराष्ट्रावर आजकल
964,-1,मग तुम्हाला पहिली विनंती करेन असले व्यंग असल्या संवेदनशील विषयात नको मराठी लोक सहन घेणार नाहीत शिवाय तुमचं हँडल गुजराती भाषेत नक्की समजायचं जे असेल
965,-1,व्यंग ट्विट बनिया लोकांवर निखिल थत्ते चा अकाउंट ट्विट अस्तित्व तेव्हा एवढ्या जुन्या ट्विट वर बोलू नका
966,-1,सिरीयस गोष्टीला कुठेही नेत नव्हतो त्यात व्यंग हि नव्हता अर्ग्युमेंट सरकारचं आहेतुम्ही स्माईली कडे बघून गैरसमज घेऊ नका
967,-1,भाऊ आपण बस्स व्यंग मध्ये मजाक करतो आपली कुठं दुष्मनी वगैरे थोडी त्यांच्याशी
968,-1,ताई व्यंग जरुर असावा त्यात संवेदनशील पणा असावा हजारो डॉक्टर्स दिवस रात्र मेहनत घेताना अभिनंदन बोलणे त्यांचं अपमान समजतो
969,-1,सरकार उत्तम करत कोणीही राजकारण करू नये
970,1,कोमट पाणी प्या पत्ते खेळा मला आमदार करा युद्ध सुरुये भोंगा वाजलाय दारू दुकानं उघडीबंद
971,-1,कोणत्याही सुज्ञ माणसाला सहज समजेल तुम्हाला समजत नाहीयेतुम्हाला व्यंग ट्विट समजावेत यासाठी तुम्हाला शुभेच्छा
972,-1,तुम्हाला भक्त काहिही बोलतात चालतं व्यंग ट्विट चालत नाहीआणि मला जे योग्य वाटतं बोलतोजी जी करत बसायला कुणाचा नोकर नाहीमेटे साहेब जर ट्विटमध्ये चुकीचं बोलले असते त्यांच्यावर देखील टिकाच असतीपण ट्विट मध्ये त्यांना म्हणायचंय
973,-1,टाकताना पूर्ण ट्विटचा टाकत जावाआणि ट्विट चा अर्थ समजला पाहिजे व्यंग समजलं पाहिजे
974,-1,असं कसं म्हणताय तेथील सरकार अगदी व्यवस्थितपणे परिस्थिती सांभाळत त्यामूळ असं वाटतय उत्तरप्रदेश मधील सरकार लोकांना उत्तरप्रदेश मध्ये प्रवेश देणार त्यानंतर त्यांना विलगीकरण केंद्रात सुद्धा ठेवणार इतर राज्य
975,-1,याला मराठीत शालजोडा म्हणतात याव्यतिरिक्त खरे यांचा कुणाला संबोधावे याबाबतीतला शिष्टाचार सर्वश्रुत अवमान वगैरे प्रश्न निरर्थक
976,1,नर्मदा नदीचं पात्र सुद्धा असंच रातोरात गुजरात कडे वळवलं
977,1,सावरकर एकत्र व्यंग सावरकर माने हाफ चड्डी
978,1,मागच्या वर्षांमध्येच मोठं झालं बरं
979,1,दारूच्या दुकाना समोर होणाऱ्या गर्दीवर टीका करू नका करोनाला हरवण्यासाठी व्हायरस बददल तुमची वाढवण्यासाठी चा भाग
980,-1,अजून व्हिडिओ पाठवलाय पोस्ट नको करायला आई लैच व्यंग झालीय
981,1,असंच रातोरात सुरतला हलवल होतं
982,1,सर वर शोधू शकत नाहीयेत लोकांना मिळावे निर्णय घेतला असेल कदाचित पेग मारल्या
983,-1,स्वतः मिरवतात तसे करणाऱ्यांवर कारवाई मुस्कटदाबी करतात दंडुकशाही शिवशाही महाराष्ट्रात भारतात
984,1,असंच रातोरात गुजरातला हलवलं होतं
985,1,ज्या हिंदी बेल्ट मध्ये सर्वात लोकसंख्येची घनता आहेतिथले लोक हॅशटॅग चालवत
986,-1,व्यंग व्यक्ति स्वातंत्र्यावर गदा आशा आशयाच असेल अस अपेक्षित
987,-1,अगोदर आमदार मुख्यमंत्री झाल्यावर एकाच पक्षात राहायचे नंतर कुणी भाव दिल्यामुळे इकडे तिकडे उड्या मारायचे यांनीच तुमच्या वडिलांना मुख्यमंत्री बनवले हेच आमदार निवडून आणायचे व्यंग त्यांनाच वरून कराय
988,-1,आपण ज्या ट्वीट वर प्रतिक्रिया लक्षात घ्या
989,-1,मिटलंअनन्या मॅडमने फार सिरियस विषय चालू असताना व्यंग केलं सो लक्षात आलं
990,1,ज्या लोकांचे आदर्श कन्हया कुमारउमर खालिद असतात दुसऱ्याला दहशतवादी म्हणतायत व्यंग
991,-1,लवणासुर
992,-1,याला व्यंग असं म्हणतातजे तुम्हाला जमलं कळलं
993,1,पिण्याआधी व्यक्ती सद्गुणी असते पिल्यानंतर सगळे सद्गुण गायब राक्षस बाहेर व्यंग
994,-1,त्यांना माझ्या मधला व्यंग समजला
995,-1,व्यंग दारू शिवाय अवघड झालय
996,1,ज्या कट्टर लोकांनी जगद्गुरू संत तुकाराम महाराज यांचा खून त्याच वैकुंठगमन झालं अस सांगितलं कट्टर लोक पालघर मधल्या साधूच्या हत्येवर मगरमच्च के आसू रडत विरोध करा राजकारण
997,-1,अजित व्यंग समजून घेण्यासाठी अक्कल लागते अक्कल नसली मत मांडणारा प्रत्येक जण भक्त भाजप समर्थक ४० पैसे वाला वाटतो यात कुठेही कौशल सरांनी अर्णाब गोस्वामी ची बाजू घेतलेली किंवा कुणाल कामरा वर टीकाही केलेली नाह
998,-1,हं तुला माझं व्यंग कळालं
999,-1,भक्तांना मूळव्याध झालं मुसलमानामुळेच नि पोरं नसली तीदेखील मुसलमानांमुळे व्यंग नि यांचा नि भक्तांचा काडीमात्र संबंध नाहीहे माझं ठाम प्रामाणिकनि वैयक्तिक मत बनलं
1000,-1,वाहन चालक हिंदू लिहायच राहिलं वाटतं व्यंग
1001,-1,ट्वीटचा व्यंग टोन काहींना लक्षात काहींना अरुण गोविल ७००० वर्षे आधी नव्हते मलाही आहेअनेकांना कल्पना नसेलपण प्रश्न लगानच्या आधी आमिरआशुतोषला पडला काळात भुवन गुळगुळीत दाढी केलेला दाखवावा शेवटी आमिरची इमेज लक्षात निर्णय
1002,-1,मित्रा गोष्टी व्यंग लिहिल्या असतात अरुण गोविल ७००० वर्षे आधी नव्हते मलाही तुम्हाला माहित नसेल प्रश्न लगान शूटिंग च्या आधी आमिर आशुतोषला पडला काळात भुवन गुळगुळीत दाढी केलेला दाखवावा शेव
1003,1,योगी उत्तम करतात मग कौतुक चुकीच लोकं युपीला जा अस सांगतात तसच स्वित्झर्लंडने कौतुक त्यांना त्यांचे लोक भारतात जा अस म्हणतील
1004,-1,व्यंग विषय
1005,-1,लेख व्यंग आहेकौतुक नाहीये
1006,-1,व्यंग ना असेल ठीक भयानक ट्विट वाचलय
1007,-1,त्याला इंग्रजीत व्यंग म्हणतात
1008,-1,बऱ्याच जणांना यात सौम्य उपरोध जाणवला कारलं कितीही साखरेच्या पाकात घोळवलं कडूच शरीरातील मलमुत्र जसे दर चोवीस तासांनंतर बाहेर फेकणे गरजेचे असते व्यंग चे रोज अग्रलेख ताजा ज्यावर संसारची माझा
1009,-1,बऱ्याच जणांना यात सौम्य उपरोध जाणवला कारलं कितीही साखरेच्या पाकात घोळवलं कडूच शरीरातील मलमुत्र जसे दर चोवीस तासांनंतर बाहेर फेकणे गरजेचे असते व्यंग चे रोज अग्रलेख ताजा ज्याव
1010,-1,कारलं कितीही साखरेच्या पाकात घोळवलं कडूच शरीरातील मलमुत्र जसे दर चोवीस तासांनंतर बाहेर फेकणे गरजेचे असते व्यंग चे रोज अग्रलेख ताजा ज्यावर संसारची माझा त्यांनी थोडा आचरट
1011,-1,दोनदा वाचून व्यंग खरच कौतुक मध्यमवर्गाचे कळल आजकांदा मुळा भाजीअवघी विठाई माझी थोडा हावरटपणा हरकत
1012,-1,तुम्हाला वाटेल व्यंग
1013,-1,आम्हा डॉक्टर लोकांच अवघड झ
1014,-1,याला विपर्यास व्यंग म्हणतात समर्थन
1015,1,कोल्हापूर पुर परिस्थिती हलगर्जीपणे हाताळणारे उद्धव यांचा राजीनामा मागतायेत यूपीच्या मुख्यमंत्र्यांनी धर्मनिपेक्षतेच्या गप्पा करण्याएवढ व्यंग
1016,-1,तुला व्यंग समजलं फोटोच्या मागचं
1017,-1,पार्टी माझ्या कडून
1018,1,जयंतीदिनी श्रद्धांजली वाहून बाबासाहेबांच्या विचारांना तिलांजली देण्याची अनोखी व्यंग पद्धत
1019,-1,स्वतःच्या इतरांच्या आरोग्याची काळजी घेण्यासाठी मास्क वापरा
1020,-1,ओके माते
1021,-1,भावा असं बोलणं बरोबर मग जर एवढं लाज वाटतंय मग
1022,-1,राजातले जे करतात कौतुक करत मग
1023,-1,नव्ती भावा लोकांना असं वाटतंय कि दुसऱ्या राजातले चांगले म्हून त्यांना सांगितलं जायचं जाऊ शकतात महाराष्ट्र सोडून
1024,1,आवडतोय मला कारण इतक्या दिवसात संपूर्ण भारतात एकही बलात्कार
1025,-1,तुमच्या व्यंग मित्राला टॅग करा
1026,-1,काॅम्रेड तुमच्या ट्विट मधील प्रत्येक ओळ तुम्हीच परत एकदा वाचा यात व्यंग कुठेच साम्यवादाचे नेतृत्व जर ब्राह्मणेतरांच्या हातात नक्कीच फायदा होइल ब्रह्ममुखी पिलावळींच्या काॅन्टक्ट मध्ये असाल ब्रेनवा
1027,-1,भक्तांना एवढा व्यंग कळेल खुप बालिश असतात वो
1028,-1,भोसडीच्याअंगावर आलं व्यंग
1029,-1,तुम्हाला ट्विट डिलीट करायला कोणी सांगीतल असावा बरोबर लागेल दु तोंडी व्यंग चा फायदा बाकी तुम्ही सुज्ञ आहात तुमचा बेसिक पक्का आम्हाला समझवा आम्ही ज्ञाना ने पेक्षा कमीच आहोत
1030,-1,दादा व्यंग समजून घ्या
1031,-1,संजीव चपूर
1032,1,ह्याच शिवभोजन थाळीची खिल्ली उडवली ना लोकांनी भ्रष्टाचार स्वतःचे लाड कौतुककुचकामी योजना वगैरे म्हणूनआता तीच वेळा विचारत स्वतःच्या नावावर ठणठण गोपाळा कर्तृत्व वेगळेच
1033,-1,शेठ त व्यंग च्या देवाला लाजवल
1034,1,बस मिनिट थांबा बोलून दाखवतो
1035,-1,सर इतकी बुळबुळीत प्रतिक्रियाफक्त व्यंग नको जी भाषा समजते त्याच भाषेत उत्तर द्या निदान मुंबई चे सगळे आमदार राज्यपालांना भेटून निवेदन द्या कोर्टात केस होउ दे
1036,-1,चलाओ ना नैणो से बाण रे जान लेलो ना जाण रे भारी पृथ्वी जी ची चे भारी व्यंग अजय देवगण ला एवढं चिवत्या कधीच बनवलं गेलं नसेल जेवढं बच्चन ने मध्ये बनवलं एकंदरीत मस्त वाटली
1037,-1,दादा आधीच्या ट्विटमध्येपण अधोरेखित केलं मोजके सजेशन्स फार चांगले चांगल्या मार्गदर्शनातुन किमान पुस्तक संपूर्ण वाचून आशय शेअर करणार नेहमीच व्यंग लिहल्यान
1038,-1,मला किंवा व्यंग नाय वाटलं प्रश्न
1039,-1,ज्या दिवशी अंगावरती खाकी वर्दी चडवलीये ना दिवशीच माझी मरणाची भीती संपली महाराष्ट्र पोलीस
1040,-1,नव्याचे नऊ दिवस संपलेत तुमचे कठिन प्रसंगी तुमच्या सारख्या जबाबदार व्यक्तिने वक्तव्य करावे देशाचे पंतप्रधान एखादी अपील करतात त्यांना सहकार्य करण्याऐवजी मज़ाक उडवता उलट जनतेमधे तुम्ही जागरूकता निर्माण करायला पाहिजे
1041,-1,काहीच कळेना व्यंग कोणी सिरीयस पणे विचार करतो
1042,-1,च्या नावावर मोदी विरोधीच लोक असल्या फेक एकदम अडाणी बनवतात पसरवतात मोदी भक्तांनी असल शेअर केल आव आणतात स्वतःच हसतात मागच्या वेळी अशीच पोस्ट व्यंग नावाखली मोदी विरोधकांनी बनवली मोठ्या प्रमाणात शेअर
1043,-1,मला हेच कळत व्यंग लोक खरेच इतके आडानचोट
1044,-1,व्यंग मराठीत उपहास म्हणतात त्याला विचार करणं मोदींच भक्तांच नाहीच
1045,-1,पोलिस बांधवांवर दगडफेक डॉक्टर उपचारांसाठी गेले असता त्यांचावर हल्ले परीचारीकांन समोर अश्लील चाळे भडव्यांना उपचारांची भर चौकात नागडं जाळायची गरज
1046,-1,जनजागृती करणाऱ्याला फॉलॉवर ची ज्यांना जीवावर फॉलॉवर कमावतात
1047,-1,इतक्या पोस्ट बघितले कोण व्यंग करतय कोण लिहतय मेळच लागत नाहिये
1048,-1,अरे ने व्यंग टाकलं होतं पब्लिक ने फिरवलंय चं नाव बघितलं कैंडलीन केलडर
1049,-1,मान्य करतो विचित्र मेसेजेस सगळीकडे सोशल मीडिया वर तुम्ही फक्त आवाहन करू शकला असता एकत्र येऊ नका लाईट लावा घरीच रहा व्यंग
1050,-1,स्वादिस्ट व्यंजन ਸੁਆਦੀ ਭੋਜਨ मन प्रफुलित हुआ
1051,-1,तू सांगितलं फरक पडणार व्यक्ती कोण त्याला व्यंग म्हणतात तुझा करता तू जे गोष्टींमध्ये आटपाटनगर असते त्याचे नाव बाबरमती तिथला राजा जंतराजा
1052,-1,मार्मिक चा अर्थ समजतो सहितिकम्हणजे खरच ज्याच त्याच जग ज्याच्या बुद्धी एवढं
1053,-1,वाक्य व्यंग च्या पेजवरच बरी वाटतात
1054,-1,हो व्यंग जिथे आपण करूच शकत आपला राग निष्फल माहित असताना अश्याच प्रतिक्रिया दयायच्या
1055,-1,तोच व्यंग कळला नसावा कोणाला
1056,-1,ने जे व्यंग ने मला उत्तर दिलय ना मोठे पनांचं नक्कीच कौतुक करेन
1057,1,आश्चर्य वाटून घेऊ नये सतत विष ओकून ओकून थकल्याने काळात राजदीपकाका सोबत भांडी कोण घासणार यांवरून वाद झाल्याने राजदीप काकाला मुद्दाम डिचविण्यासाठी सागरिका काकू अचानक झाल्या दिवस जातील
1058,-1,ओ गजू सर तुमचे टोले कळतात बरका इथं व्यंग कळत नाहीत वाला बोर्ड उभं राहावं लागेल
1059,-1,श्रीकांत तुम्हाला सरांच्या भाषेतील व्यंग समजला नसेलआपण सरांची क्षमा मागा पुन्हा चूक आपल्याकडून घडणार अपेक्षा करतोआणि सर व्यक्तीशः माफी मागतोहे झालं
1060,-1,नको रे बाबा गावातील लोकांना व्यंग समजत जरी व्हाट्सएपला बोंबा मारतील अजूनही तारखेचा मोदी विमानातून दवाई मारणार तास मध्ये चमत्कार चा भूत डोक्यातून गेला
1061,-1,​महामृत्युंजय मंत्र​ ​​ॐ त्र्यंबकं यजामहे​​ ​​सुगंधिम् पुष्टिवर्धनं​​ ​उर्वारूक मिवबंधनान्​ ​​मृत्योर्मुक्षीय मामृतात्
1062,-1,वाचून गोष्ट पक्की व्यंग मध्ये मराठी नाहीत
1063,-1,एकाची उपहासात्मक व्यंग फेसबुक पोस्ट काल घडलं बघितल असेलचं लोकं ५ नंतर रस्त्यावर येऊन धिंगाणा घालत असावं काळ वेळ बघुन करा नाहीतर याचे परिणाम वाईट होऊन सगळ्यांनाच भोगावे लागतील
1064,-1,जग भराची परिस्तिथी बघून सुद्धा लोकांना त्याचे गाम्भीर्य कळत
1065,-1,मोदी तिचे आवडीचे नेते आवडते बरं मला तिला व्यंग समजत नि शालजोडीतून मारायला जमतंय हं मला
1066,-1,करायला अक्कल लागते फॅक्टस टाकून व्यंग नसतो तू व्यंग बिनडोक
1067,-1,तुझ्या सारख्या अडण्या ना भेटाय मला खूळ लागलय ज्याला व्यंग समजत आमची इज्जत काढतो
1068,1,सगळ्या देशाचे पंतप्रधान देशाला ह्या महामारीपासून वाचवण्यात लोकांना दिलासा देण्यात लोकांसाठी जास्तीत जास्त कोरोना टेस्ट किट कसे उपलब्ध होतील देशातील जास्तीत जास्त लोकांचे स्क्रिनिंग कसे होईल पाहण्यात व्यस्त दुसरीकडे पाहा
1069,-1,उपग्रहाची पोस्ट व्यंग बरेच मूर्ख भक्तांनी ओळखताच पोस्ट फॉरवर्ड
1070,-1,लिहिनर्याने टो व्यंग लिहिला
1071,-1,उपहास परिपूर्ण नसावा अपूर्ण असला तरच लोकांना कळतो फोटोशॉप किंवा व्हिडीओ एडिट करतांना एकदम शार्प करता थोडी अपूर्णता ठेवावी लागते जेणेकरून लोकांना त्यामागील भावना समजते नै धरा चा मारा होतो व्यंग
1072,-1,बाकी खूप लोकांनी ट्रेंडच्या समर्थनार्थविरोधात भावना व्यक्त केल्या गुरुजी फेम सुदर्शन चॅनलवाल्यांनी कुठं विरोध करावा बाबतीत आभाळ हेपलने
1073,-1,गुरूवर्य आपणास आम्ही एवढे जवळचे वाटतो आपण आमच्यावर व्यंग कटाक्ष टाकल्यासारखा टाकता गुरूवर्य गुरूवर्य
1074,-1,साधा व्यंग कळत
1075,-1,लोकांना पुणे तिथे उणे अभिमान वाटतो जगासाठी व्यंग झालंय
1076,1,आम्ही नी शैक्षणिक कर्ज काढून शिकायचं मुद्दलीच्या दुप्पट भरून कर्ज भेडायच आन सरकार लाखाच बिनव्याजी कर्ज आमदारांना देणार गाडी घेण्यासाठी पटतंय आर लाज कशी वाटत
1077,-1,दाते शेट्टीचं जाऊ द्या त्यांना जरा बाजुला ठेवु तुमचं डोकं ठिकाणावर शेतकरी हौस शेतमाल रस्त्यावर फेकतो लोकांच्या जखमेवर मीठ चोळने व्यंग असतो फालतूच्या मिडिया
1078,1,रोम मधील माणसाला आपले केंद्र सरकार व्यवस्थित करत कळाले होय त्याने रिपब्लिक चैनेल ला सांगितले तुम्ही देखील म्हणताय विरोधासाठी विरोध करू नये एकाच ट्विट मध्यें कीती व्यंग
1079,-1,ज्याला व्यंग समजत दुसऱ्याला लॉजिक शिकवत कुठून कुठून य
1080,-1,व्यंग फुली म्हणायला पाहिजे ना फुल्ली
1081,1,शिवसेना मंत्रिमंडळाचे आरोग्यमंत्री सांगतायत जमव करू नये शिवसैनिक लोकांना शिवजयंती साजरी करतायत
1082,-1,अगदी व्यंग ने बोलत अवघड आधी झी चे वार्ताहर अतिशुद्ध मराठी बोलतात
1083,-1,घ्या वाघ साहेब सापडले ट्विट मला खोटं बोलायची सवय वेळ गेला शोधायला सापडले तसही वरचं ट्विट व्यंग तुम्ही रिप्लाय केलात धन्यवाद तुम्ही वरच्या ट्विट मध्ये लिहीलेली एकही गोष्ट सहसा करत को
1084,-1,दादा व्यंग प्रत्येक वेळी चांगला वाटत प्रत्येक गोष्टीत राहुल गांधी खूप सोपा टार्गेट झालं कोना साठी
1085,-1,असलं समजून जायचं व्यंग
1086,-1,चायनामेड असणारच खात्री
1087,-1,व्यंग तसे भक्त कधी कधी असेच बोलता
1088,-1,व्यंग च्या देवा
1089,-1,संघी लोक असल्या मनुवादी विचारांचे कुठवर समर्थन करणार आपलाच
1090,-1,मग अशा ओळखणार्या लोकांच्या ट्विटखाली कशाला येता
1091,-1,अजून वाढवून द्या मुसलमानांना आरक्षण
1092,-1,मनुवादी सरकार अस होतंय इथं जर आमच्या साहेबांचं सरकार असत वेळ च नसती
1093,-1,वा व्यंग राव मला लक्षातच आलं तुमच्या अत्युच्च विनोदबुद्धी ला कुलूप लावा कुलूप
1094,-1,तू व्यंग समजण्याइतका मंदबुद्धी आहेस
1095,-1,मंडसैनिकांसारखं नको करू तू तोंडावर पडायचं नंतर म्हणायचं व्यंग
1096,-1,मराठीचे पापड दोघे व्यंग चे
1097,-1,भक्तांना व्यंग कळत नाहीत
1098,-1,व्यंग कळणं पुरोगाम्यांचा
1099,-1,मामा च्या तेराव्या ला यायचं हां
1100,-1,मागणी नामंजूर उलट २० पैसे करायचं विचार व्यंग उत्तर नाहीतर लगेच पहा पुरावा २०४० पैशाचा नाचतील काहीजण
1101,-1,जशास तसे मताची जर समोरचा पातळी सोडून बोलत असेल आपणही त्याला जागा दाखवली पाहिजे घाण कमेंट करणं व्यंग यामध्ये फरक मला दिसतोयमानसी ने ट्विट केलं मुलगी लाज सोडून बोलायला लागली जे जर तुम्हाला पटत असेल
1102,-1,सत्या वैक्सनम
1103,-1,समोरच्यानं व्यंग समझायला हवं नसेल समजतं गप्प बसावं
1104,-1,है हैगो
1105,-1,सुबोध चं सामाजिक मुंबई तील मराठी कलाकारांसाठीच गोष्टी आहेतच मिळमीळीत च्या बाता मारल्या व्यंग संपुर्ण मराठी चित्रपट सृष्टी सुबोध जरा जास्तच रोखठोक बोलतो म्हणतात
1106,-1,व्यंग ये सब तुने अग्रेझी मे लिखा
1107,-1,भाड्याना व्यंग समजत नाहीये
1108,-1,त्यांना व्यंग समजलं राष्ट्रवादी समर्थक समजून मारून देतील
1109,1,रासलीला करणारे लोकं च्या बाता मारत
1110,-1,व्यंग पवित्र अपवित्र प्रेम असतं प्रेम प्रेम असतं तुमचं आमचं सेम असतं
1111,1,रे तु धुळ्याचा आहेस मग तुझ्या घरी मराठी बोलतात नेहमी शुद्ध मराठीत बोला व्यंग
1112,-1,आपण हस्ताक्षरात पत्र पाठवलं असता बरं झालं असतं
1113,-1,आजघडीला वर सारखे बेस्ट चॅनल नाहीत्यात गोड बोलुन खोलात वाजवत असतो फुल सह
1114,-1,अरे व्यंग कळत नसेल अवघड कोण मनोज सांग त्याला आमच्यावर लक्ष ठेवण्यापेक्षा स्वतःच्या कामात लक्ष ठेव फायदा होईल जरा
1115,-1,व्यंग साठी इतर खुप उदाहरणं असतील ना दादा क्रुपया व्यंग साठी गर्भवतीमहिलांचे उदाहरण देऊ नका दादा तुम्ही ट्विट डिलीट करावा विनम्र विनंती अाहे
1116,-1,मंडळ आभारी म्हणायचे व्यंग
1117,-1,परेड चे लोक शरजिल इमाम च्या समर्थनार्थ घोषणाबाजी करत अरेयेड्यानो देश इस्लामिक स्टेट करू इच्छित जिथे तुमच्या सारख्या लोकांना वाळीत टाकलं जातं शरिया ला तुम्ही मान्य नाहीकरा अजून घोषणाबाजी खोदा स्वतःची कबर
1118,1,केंद्रात भाजपा आल्यापासून क्रिकेट टीम जास्तच फॉर्म मध्ये आलीय
1119,-1,खाली व्यंग टाकलं बरं केलत
1120,-1,विषय तुम्ही बोलताय इतका व्यक्ती प्रेम एखादा कसा करतो समजण्या पलीकडचे व्यंग वाटत
1121,-1,इथे आक्षेप सदाभाऊला व्यंग कळलेच
1122,-1,मुळात राजीव खांडेकर बालीश मनुष्य साधा प्रश्न विचारताना १०० वेळा अआउ करत बसतो राहुल खिचडी नामक पत्रकार एवढा व्यंग स्वर लावतात ऐकणाराला भोवळ उलटी एकदमच येते प्रसन्नला वाटते तोच धोरण ठरवतो एककल्ली क
1123,-1,कांचीपुरम तामिळनाडूचे दिवंगत नेते रामस्वामी पेरियार यांच्या पुतळ्याची समाजकंटकांनी कांचीपुरम विटंबना
1124,-1,कधीपण व्यंग मला माहित तुला तिर कुठ मारायचा
1125,-1,याला हिंग्लिश मंदी व्यंग म्हनत्यात
1126,-1,तीळ गुळ घ्या आणी व्यंग बोला
1127,-1,मोदी कर्मयोगी देशात शिवाजीसंभाजीलक्ष्मीबाई नाव ठेवण्यावर बंदी करावी लवकर हिंदूंचा ऱ्हास होईल
1128,-1,व्यंग हेच लोक पवार साहेबांना जाणता राजा म्हणतात
1129,-1,क चित्रपट तयार झाल्यावर माझ्या ट्विटर हॅण्डल सकट मला क्रेडिट द्यायला विसरू नये नाहीतर दावा ठोकेन
1130,-1,हरामी डेडबोडी
1131,-1,हो सल्ल्यासाठी धन्यवाद तुम्ही भाजपाच्या मित्रांना देखील विचारू शकता कि माझी टाईम लाईन कशी
1132,-1,त्याला व्यंग म्हणत नाहीतमतभेद असू शकतात कीतुला माझं पटलंच पाहिजे असं नाते मधून काढलस
1133,-1,व्यंग समजत त्यात करू शकत
1134,-1,तू तुझं बघ शिपूर्डे हेच विद्यार्थी पोलिसांना दगड घालत तेव्हा कुठं गेलती तुझी व्यंग माकडे
1135,-1,ठाकरे नावाशिवाय तुम्ही अधुरे फडनवीस आहात तुमचं पान हलू शकत ह्या नावाशिवाय ठाकरे जन्माला यायला पन लागते टीका औकात बघून करावी मानसाने व्यंग
1136,-1,वरचं ट्विट व्यंग अर्थात उपहासात्मक तेवढं किमान समजून घ्यायला पाहिजे आम्ही अर्थ लावायचा घेतला आंदोलन करणाऱ्यांचा पूर्व इतिहास बघता वेगळं सांगायला नको
1137,-1,भाऊ आहेहलकेच घे
1138,-1,यात महिलांचा अनादर अजूनही तुम्हाला व्यंग समजत नसेल
1139,-1,ताई व्यंग व्यंग समजलं ठीक सोडून द्यायचं ट्विटर वर कोणीही उठून सांगितलं अमुक अमुक नंबर वर कॉल करा होईल करायचाच असं ना तुम्ही कॉल
1140,-1,उपकारच मॅडमचे काल सावित्रीमाई च्या जयंतीदिनी पोस्ट केलं
1141,1,थंडीत सकाळी सकाळी नळातून एवढं थंड पाणी येतं कळत पाणी सोडलंय
1142,-1,शेंगोळ्या
1143,-1,शेंगोळे खावेच लागणार
1144,-1,चुकीचे काहीच नाहीजिथे विरोधी पक्षात बसावं लागलं असतं तिथे मंत्रिपद येता येता राहिलेसगळीकडे अशीच अवस्था
1145,-1,काहीपण होऊ द्या आम्ही पुणेकर सोडणार
1146,-1,मित्रा मीपण आंबेडकरी आपण बाबासाहेबांची कॉपीराइट विकत घेतल्या सारखं बोलणं थांबवलं पाहिजे उपहासात्मक विनोद थोडी विनोद बुद्धी वाढवायची गरज असं मला वाटतंय व्यंग
1147,-1,ह्या ट्विटला तूच रिऍक्ट केलास वरून व्यंग समजण्याची क्षमता तुझी दिसून लावतोय बरनोल काळजी नसावी
1148,-1,वाटतयं भाऊ तू पन त्याच मधला पोरगा म्हणूनच थांबयला बोलतोय
1149,-1,जणू मराठीचा ठेकाच घेतलायबरंट्विटमधला व्यंग कळेल वाचता येईल एवढीही बौद्धीक क्षमता मंदसैनिकांची नाहीमराठीचा अभिमान सर्वांनाच आहेपण आम्ही पक्षविशेषप्रमाणे भाषेचा बाजार मांडून ‘धंदा’ करत नाहीजा मॅमची मराठीतली पुस्तकं वाचा
1150,-1,निवडणूक निकाल लागला
1151,-1,सहमत दादा व्यंग ने बोललो कदम परिचारक दिसले त्यांना
1152,-1,पैसा सुखी समाधानी असल्याचं मिडीयम झालंय तुमच्या मनात किती जागा यापेक्षा तुमच्या लॉकर मध्ये किती जागा महत्वाचं
1153,-1,तुम्हां सर्वांच्या व्यंग वाचून भाबड्या राजु ला पर्यायच राहत ब्लॉक शिवाय
1154,-1,बॉलीवुड मधील फक्त दुसर्या फळीतील कलाकार विरोध करत पहिल्या फळीतील कलाकार फक्त चुकून केल म्हणुन माफी मागत
1155,-1,अरे भावा मला तुझ्या ट्विट्स मधलं व्यंग कळालं पहिल्यांदा
1156,1,जसे पुणेरी लोक वेगळ्या मूड मध्ये कधीही असू शकतात तशीच अवस्था पुणे लोकलची सुद्धा झालिये अक्षरशः भलं मोठं सामान २ क्लास मध्ये माणसं सामान कक्षेमध्ये
1157,1,ह्यांच्या स्वतःकडे विंडोज वापरायचं लायसन्स नाहीये आम्हाला लायसन्स नसणे हेल्मेट नसणे ह्याचे दंड मारतायत ह्याला म्हणतात लोका सांगे ब्रम्हज्ञान स्वतः कोरडे पाषाण
1158,-1,भाजपवाले एवढे भयानक व्यंग ला समजुन करतात वाईट असली मोदी है मुमकिन है
1159,-1,आजच फॉलो करा हलके यांना इंग्लिशमध्ये शशी थरूरला टफ देणाऱ्या पाटलांचे व्यंग वाले ट्विट तुम्हाला नक्कीच आवडतील आजच्या भंड कवितांच्या काळात निखळ मनोरंज करणारं विनोदी मार्मिक हँडल हलके पाटलांना नक्की फोलो करा
1160,-1,म्हणेल तेच बरोबर कळले ना गप बसायचे मला शिकवायचे व्यंग
1161,-1,हल्ली इमोजी शिवाय व्यंग कळत
1162,-1,प्रियंका चतुर्वेदी अमृता फडणवीस दोघींनीही देशाचं पंतप्रधान करा व्यंग
1163,-1,जाऊदे तुला व्यंग णाय कळणार त्यातला
1164,-1,६ डिसेंबर दादर मधील जमलेल्या गर्दीचा दाखला देऊन संपूर्ण दलित समुदायाला गलिच्छ फुकटे म्हणण्याचा राष्ट्रीय दिवस त्यात गुंडागर्दीवरून मुद्दा आरक्षणावर यायला वेळ लागतच आत्ता ग्रुपमध्ये दोघांवर व्यंग ची तोफ डागून आलोय
1165,1,शेजार्यांच्या घरातून येणार्या गाण्यांच्या आवाजाने चिडणार्या मला तेच गाणे ऐकून शांत वाटतंय
1166,-1,आम्ही स्वतः शेतकरी वर्गातील आहोत थोडं व्यंग बनलं अक्कल पाजळायला अता निघ भेंचोद चड्डीत रहा
1167,1,सगळ्यात व्यंग वर्षात सरकारमध्ये भले राजीनामे खिशात अस सांगतात म्हणजेच स्वत घेतलेल्या निर्णयांना तेच स्थगिती देत डोक्यावर पडले
1168,-1,मुलांना बरोबर बाहेर पहिला असतो त्यांना
1169,-1,परिस्थिती माणसाला घडवतेहिरे कोळशाच्या खाणीतून निघतात जास्त नका लोड घेऊ
1170,-1,तिने व्यंग ने म्हटले
1171,-1,व्यंग मार्मिक उपरोध समजून परिस्थिती मध्ये सुधारणा व्हावी
1172,-1,ट्वीटर वर आलो व्यंग शब्द ऐकुन काणात मरल्यागत झाल रनगाडे सर पुन्हा थ बोलेल मराठी ट्विटर चे आपले हक्काचे थरूर आणी इंग्रजी चे एकच गुरु पीटर दादांचे घनिष्ट प्रोफेसर बॅनर श
1173,1,अनुसार प्रत्येक दशकात आणी पिढीत मानवी बुध्यांकाची सरासरी वाढताना दिसत वाढलेले कुठे सापडतात कसे दिसतात सांगीतलेले फ्लीन यांनी
1174,-1,हर्षवर्धन अफाट भाषातज्ञ विरोधी पक्षनेते देवेंद्र फडणवीस यांचा त्यांनी सत्कार वैश्विक नेतृत्व व्यंग बातमीदार
1175,-1,अरे कंमेंट करणाऱ्या लोकांनी गंमत करत व्यंग
1176,1,दिवस अंघोळ करता रात्रंदिवस ब्रेकिंग न्यूज देऊन पत्रकारितेचा झेंडा मंगळावर फडकावणाऱ्या रश्मी पुराणिक खऱ्या
1177,-1,हल्ली लोकाना व्यंग सुद्धा कळेनासा झालाय
1178,-1,भलताच व्यंग आहेस मित्रा तू
1179,-1,स्मारकावर उभे राहुनशिक्षणाचे महत्त्व व्यंग
1180,-1,शेतकऱ्यांचे प्रश्न चुटकीसरशी सुटणार शेत मालाला भाव मिळणार सातबारा कोरा सरसकट कर्ज माफ शेतकऱ्यांचा कैवारी मायबाप पुन्हा सत्ता चालवणार विकास कामे वेगवान नोकऱ्यांचा पाऊस पडणार हो हिंदू सुरक्षित हीच वेळ
1181,1,फडणवीसांचं राज्याच्या राजकीय पटलावरचं करिअरच मुळात सिंचन घोटाळ्याच्या जीवावर झालं सिंचन घोटाळ्याचे प्रमुख आरोपी अजितदादा फडणवीस मुख्यमंत्री अजितदादा उपमुख्यमंत्री
1182,1,फडणवीस दादाचा पहाटेचा शपथविधी मीच पार पाडला पक्ष पवार साहेबासोबतच जोपर्यंत साहेब त्यांचे शेवटचे पत्ते ओपन करत नाहीत तोपर्यंत माझेपण पत्ते गुलदस्त्यातच
1183,-1,आजकल लोकांना करणे व्यंग कळतच अस झालय झालेत
1184,-1,बारभाईंचे कारस्थान रचण्यामागे हेच साडेतीन शहाणे ना मला नक्की संदर्भ आठवत नाहीयेत
1185,1,अजित पवार जो आमदार विरोधात जाईल त्यांच्या विरोधात पक्ष एकत्र होऊन निवडणूक लढवतील अजित पवार चं फुटले व्यंग
1186,1,नवीन स्थिर शासनासाठी महाराष्ट्राचे नवीन पप्पू मिळाल्याबद्दल शिवसैनिकांना मनःपूर्वक अभिनंदन व्यंग
1187,1,वाटसरू हेल्लो मला पत्ता सांगाल पुणेरी बदाम सत्ता
1188,-1,व्यंग साहेब माझी पाहून अंदाज लावायचा निदान
1189,-1,पुढच्या ‘समन्वय समितीच्या‘ बैठकीला राष्ट्रवादी काँग्रेस कडून आपण हजर असणार आहात सर तसे झाल्यास प्रश्न नक्कीच लवकर सुटेल महाराष्ट्राला पवार साहेबांच्या नेतृत्वात लोकप्रिय सरकार मिळेल
1190,1,कात्रज चौकातून पुढे आलं भारती विद्यापीठ जवळ नुकतंच पुन्हा झालं रस्ता नुकताच बनवला होताआता परत खोदून नवीन बनवत आहेकशासाठी कोणालाच माहीत
1191,1,माझ्यामते शिवसेना काश्मीरमध्ये बरोबर जाईल व्यंग
1192,-1,काकू याला व्यंग म्हणतात नव्हे गटारातून बाहेर
1193,-1,साहेब तुम्ही सुद्धा शिकले व्यंग हळू हळू
1194,-1,व्यंग हिटलर कोण आम्हाला माहित बोक्याचा कुत्रा भटका आत्मा मुम्ब्राचा
1195,1,शिवसेनेचा एकेकाळचा लाडका मुख्यमंत्री सेनेचाच मुख्यमंत्री होऊ नये प्रयत्न करणार
1196,1,शेतकऱ्यांचे प्रश्न चुटकीसरशी सुटणार शेत मालाला भाव मिळणार सातबारा कोरा सरसकट कर्ज माफ शेतकऱ्यांचा कैवारी मायबाप पुन्हा सत्ता चालवणार धरणे उन्हाळ्यात भरणार भ्रष्टाचाराचा समूळ नायनाट हो हिंदू सुरक्षित हीच वेळ
1197,-1,अरे महाराष्ट्राची राजकीय स्थिती आहेमला वाटलेलं प्राणीसेवा वैगेरे वैगरे व्यंग
1198,-1,तू मास्तर मॉर्निंग वॉक मधलं व्यंग समजला
1199,-1,राऊत
1200,-1,व्यंग शब्द अमेरिकेतुन तिथं काळे गोरेंचा वाद होतात गोरे काळ्याना चिडवत असत चिडवण म्हणजेच व्यंग शब्द रूढ मुळात जो दिला समजला नसेल
1201,-1,आपण कलाकार आपणास व्यंग ट्विट पचले याचे आश्चर्य वाटते असो टीप इतका काळा ढेकळात पडल्यावर हसल्याशिवाय सापडत
1202,-1,व्यंग ज्यांची स्वतःचीच फाटलेली असते तेच लोक जास्त दुसऱ्यांची फाटलेली दाखवून हसतात
1203,1,आजचे हवामान खिडकी ऊघडली पाऊस अन् टि व्ही लावला राऊत जी व्यंग हेनाहीतर मनावर घ्याल
1204,-1,संदर्भ त्यातील व्यंग कळून घेतल्या स माझे ट्विट कळेल
1205,-1,लोकं व्यंग बघून करत असते आत्तापर्यंत कुठल्या कुठे पोचलो असतो रे
1206,-1,तेच फायद्यात चाललेला धंदा बंद टाळा ठोकत व्यंग घेत माहीत तोट्यात चालणारे धंदे आर्थिक त्रुटीमुळे बंद करणे सामान्य कारण
1207,-1,मराठी भाषा भाषेतील उपहास अर्थात व्यंग समजायला अक्कल योग्य समज लागते एकाही मराठी वृत्तवाहिन्यांच्या सुमार वार्ताहार टुकार संपादकांकडे
1208,-1,मराठी भाषा भाषेतील उपहास अर्थात व्यंग समजायला अक्कल योग्य समज लागते एकाही मराठी वृत्तवाहिन्यांच्या सुमार वार्ताहार टुकार संपादकांकडे उघड सत्य खिक्
1209,-1,ह्याला म्हणतात इंग्रजी मध्ये व्यंग विधान सभा मतदारसंघांमधील जातीची टक्केवारी दाखवून टिप्पणी करणे जातीयवाद
1210,-1,अहम ब्रहम्मस्मि
1211,-1,व्यंग महिला सांसद खुद ये जिम्मेदारी निभा रही है साम दाम दंड भेद
1212,-1,होळक्या ब्याट्या व्यंग लॉजिक असतील जीव देते
1213,-1,सॉरी आई एम ठरकी
1214,1,लोक जाऊन वोट त्यांना देताना जे मराठीला मराठी लोकांना डावलतात पडलं किंवा कोठे ह्यांच आडलं मग ह्यांना राज ठाकरे आठवतात व्यंग
1215,-1,दादा नक्की व्यंग माहित माणुस स्वताच सगळे करतोय तसपण वामपंथी करणार
1216,-1,समजून घ्या
1217,-1,शुभसंध्या जय श्रीराम
1218,-1,ताईंना व्यंग कळला ताईंनीच मला ब्लॉक केलं
1219,1,तुम्ही अशा किती लोकांना ओळखता जे एके काळी तुम्हांला वेडा समजायचे तुम्ही त्यांच्या किती जवळचे सांगत फिरत असतात
1220,-1,भोकात जाते घालून देवू
1221,-1,झाडांच्या कत्तली शाळाकॉलेजच्या मुलांना जेलमध्ये टाकून लागू एकाच रात्रीतील प्रगती पहिली सगळ्यांनी म्हणतोस मग जेवढं राहिलंय तेवढं टिकवण्यासाठी प्रयत्न कर व्यंग एवढा कळत असताना अक्षय कंपनीचे
1222,-1,कपार फोरउअल
1223,-1,मित्रामला एवढं कळतं विरोध साठी नाहीच तुला व्यंग कळतो ज्यांना प्रगती माणसांच्या जीवापेक्षा झाडं महत्त्वाची वाटतात त्यांना उद्देशून बच्चन अक्षयचं ट्विट वजा विडियो पाहिलास आक्षेपार्ह बोलले
1224,-1,व्यंग व्यंग्य नावाची गोष्ट असते
1225,-1,बघा राजू सरसुद्धा बोल्ले त्यांना त्रास होतोय सरांचा व्यंग
1226,-1,तुम्हाला माझ्या सारख्या सामान्य माणसाचा व्यंग समजला स्वातंत्रवीर समजलेराहू द्या
1227,1,बारा महिने अठरा काळ हिंदू धर्मातील रूढी परंपरेच्या सणांच्या नावाने शिमगा करणाऱ्या फुरो टूर्रोरोगामी महाराष्ट्रात पितृपक्षामुळे कुठल्याही पक्षाने आपले उमेदवार घोषित केलेले नाहीत व्यंग
1228,-1,अभिदा ओळीने ९९ मग ३५ मग ३० असं असायला हवंइथे जवळपास सगळंच २७
1229,-1,त्यांना तुमचा व्यंग बहुदा कळत नसावा
1230,1,हिरवा निळा पिवळा सगळ्या रंगाच्या नोटा आल्या आजून काळ्या रंगाचा पैसा
1231,-1,देशातले मुख्य मुद्दे बाजूला सारुन हांजीहांजी करणाऱ्या तथाकथित सैनिकांना अचानक अंजना ओम कश्यपची दलाल पत्रकारिता दिसत लाज वाटूद्या स्वतःची
1232,1,विचारांची लढाई विचारांनी लढावी अस म्हणणारे च गरजेनुसार सोयीस्कर पणे सावरकरांचे विचार कोणत्याही प्रकारचा अभ्यास करता नाकारतातअन सरसकट दूषणं लावून रिकामे होतात
1233,-1,यार तुम्हाला व्यंग समजत राव
1234,-1,अहो तुमचा व्यंग दाखवताना खरी बातमी घ्या इतराना चे ग्यान देता तुमची ह्या विद्यापिठातून डॉक्टरेटच झलेली दिसते अरे कोण होतास तू झालास तू बा परमेश्वरा कुबेरांसारख्यांची खर्या पत्रकारिते प्रती रती वाढो हेच तुझ्याकडे मागणे
1235,1,फिल्मसिटी मध्ये गटाराचा सेट लावतायत म्हणे गटार सफाई कर्मचाऱ्यांचे दुःख जाणून घ्यायला कुणी आलंच गैरसोय व्हायला नको म्हणे व्यंग
1236,-1,अरे येडपटा तुला व्यंग कळत मूर्खांचा बाजार
1237,1,ज्या पवार कुटुंबीयांने ‘जंगल’ नष्ट ‘लवासाचा’ घाट घातला पुर्णत्वास नेलाते तील वृक्षतोडीला विरोध करताहेतजी जंगल क्लासीफाईडपण नाहीकुठून आणतात इतका निर्लज्जपणाबारामतीचा बाजारात मिळतो व्यंग
1238,-1,बेस्ट ऑफ लक
1239,-1,सर व्यंग दिसला ट्विटमध्ये तुम्हाला
1240,-1,अवजड शब्दात अवघड ज्ञान पाजळणारे सोनियाचा दिनूवाले पांचट जोक मारणारे लोकांना व्यंग च कळत असं सतत म्हणणारे हेहे एक्स्पर्ट आगलावे आमचे जेष्ठ बंधू संघीसाधु ह्यांना वाढदिवसाच्या हार्दिक शुभेच्छा
1241,-1,कमेंटमध्ये व्यंग समजून सांगू
1242,-1,इथे बऱ्याच लोकांना व्यंग कळत म्हाराज त्यात माझी चूक
1243,-1,बोलेल व्यंग करत होतो ह्या देशात व्यक्ती स्वतंत्रता नाहीये वगैरे वगैरे त्याला सांगावं त्यावर विरोध करण्याचा हक्क आमच्याकडे
1244,-1,अरे सांगू तुला आजकाल काँग्रेस वगैरे समर्थकांचे ट्विट्स मला व्यंग वाटतात येते
1245,-1,ज्यांना व्यंग कळंत त्यांनी आधी सोडावं
1246,-1,हेच ऐकायचं होतं त्रास होतो ना लोकांना व्यंग कळत तेंव्हा
1247,-1,हो खरंय फॅन्स ला प्रि वेडिंग च ना तशी मिळणार तेवढंच समाधान फॅन्स ला व्यंग
1248,-1,जुने विडिओ लेट्सत दाखवता धार्मिक तुष्टीकरण करणाऱ्या एकांगी बातम्या देता तुमचे विकाऊ लिबरल पत्रकार संपादक तत्वावर बातम्या तयार करता वरती स्वतःला सत्य निरपेक्ष म्हणवित
1249,-1,मला तुमचा व्यंग टोमणा इतका आवडला ना सायन्स गुरुत्वाकर्षणउलटे वाहणारे पाणी कठीण विषय सोप्प्या पद्धतीने हाणून हाणून समजवला तुम्ही
1250,-1,शेफाली बाईंना व्यंग मध्ये जागतिक पातळीवर पुरस्कृत करावयास हवे
1251,-1,व्यंग असत
1252,-1,नागपंचमीच्या नागांना शुभेच्छा तुमच्यामुळे खरी लोकं कळली धन्यवाद व्यंग
1253,-1,व्यंग त्याने कॉम्प्लिमेंट घेतलंय
1254,-1,विचित्र
1255,-1,काहीही केलं फरक पडत शेवटी मरायचंच जितकं सत्य तितकंच काहीही करता जगणं शक्य हेही खरं निराशा शास्वत जरी असली आनंदही चिरकाल विसरून चालत
1256,1,गल्ली तलं कोणी बारीक पोरं चुकून जरी दादा ऐवजी काका बोल्लं फुगून बसणरे च्या नादात म्हातारा बनून बसलेय
1257,-1,जेव्हा बिग बॉस नियमभंगाबद्दल बोलतात
1258,-1,यशस्वी भव
1259,-1,आई घाले साले कसला नशा बातम्या लिहितात देवास ठाऊक
1260,-1,मुलगी जिवानिशी गेलीय हि बाई माणसाच्या फालतूच्या वक्तव्याचा राग मनात ठेऊन अशा गोष्टीवर व्यंग करतीय
1261,1,मग येतात पुणेकर आडनावाचे पुण्याबाहेर राहणारे लोक
1262,-1,कदाचीत तुम्ही टोमणा सुध्दा लिहीले असेल असं सध्या चा बहुमताचा माज विरोधकांची पोकळी बघतां राज्यकर्ते आणी नेतेमंडळी ह्यांचे मेंदू इतके जडावले तुमचा ट्विट कौतुक मिरवतील
1263,-1,उपरोधिकता व्यंग हिला च घ्यायचं असतं आवडलं सोडून द्यायचं असतं
1264,-1,आव्हाडांचं व्यंग बोलणं बहुदा समजलेलं दिसत
1265,-1,मुळचे पुणेकर असावेत
1266,1,बिचुकले झाल्यावर पैसे दान करु आपण व्यंग साठी बिचूकले ला अटक
1267,-1,अरे अरे लै भारी होतं
1268,1,कधी कधी असं वाटतं व्हॉटसअपवर फेसबुकवर फक्त स्टेटस बघणारी लोकं रस्त्यावर मदाऱ्याचा खेळ बघणाऱ्या की‌ खुदाई बघणाऱ्या लोकांपेक्षा फार वेगळी नाहीयेत वेळ भरपूर असतो बोलण्यासाठी फक्त ऑनलाईन राहायचं बघायचं
1269,-1,सध्याची सातारा भाजपची परिस्थिती एकही आमदार सेनेचा आमदार बोलताना जपून बोला सातारा जिल्
1270,-1,लिहिलं आहेस तू कोण कस बोलेल तुझाशी
1271,-1,नुस्त्या पूर्वमोसमी पावसानेच फेसबुक वर कवितांचा चिखल झालाय अत्तराचे भाव शेर मार्केट पेक्षा जास्त वेगाने कोसळलेत व्यंग
1272,1,भारत चित्रपट बघून बाहेर पडलो शेजारी खोदकाम चालू होतं सांगा कुठं जास्त मजा असेल सांगा व्यंग
1273,-1,हाहाहा मला इथे व्यंग चा वास येतोय
1274,-1,उद्यापासून माझ्या पोष्टि होतील बरका फॅन्स ना अगदी नको नको सोडतात आम्हालाही पर्सनल लाईफ वगैरे जगू द्या व्यंग
1275,-1,अधिकारी बाईंनी केलेलं सदर वक्तव्य गांधी विचार विरोधकांना व्यंग टोमणा तसं स्पष्टीकरण त्यांनी देऊन झालं होतं आपण आपलं राजीनामा मागितला जबाबदारी संपली पद्धतीने विरोधकांनी शहानिशा करता चालत्या गाडीत चढून तोंड शेकून
1276,-1,ताई परंतु प्रथम वाचनात व्यंग वाटते त्यांची बाजू ऐकून नंतर निलंबन करावे आपला फॅन
1277,-1,सध्या देशातील इतक्या तणाव युक्त वातावरणात उपहासात्मक ट्विट करणं दिसतशेवटी त्यांनी बाबू हत्येची तारीख गोडसे ला म्हंटले वाहहहम्हणे
1278,-1,कट्टर गांधी भक्त आहेमलाही तुमच्यासारखं संताप तिचापण तिचे नीट वाचा प्रज्ञा ठाकूर चे गोडसे वक्तव्य त्याच दिवशी तिने रागाने उपहासात्मक कध
1279,-1,प्रज्ञा सिंग ठाकूर यांच्या गोडसे बद्दलच्या वक्तव्यानंतर व्यंग उपहासात्मक केलेलं निधी चौधरी उत्तम अधिकारी
1280,-1,साहेब यांचे ट्विट ‘उपरोधिक’ भावातून त्यांच्या टाईमलाईनवर ‘स्पष्ट’ दिसतेय तुमच्यासारख्या ‘अनुभवी’ राजकारण्याकडून ‘उथळ’ प्रतिक्रिया आजिबात अपेक्षित नव्हती कदाचित तुमची मेडिया टीम ‘’ समजण्याइतकीसुद्धा परिपक्व
1281,-1,निधी चौधरी यांनी व्यंग मध्ये लिहिलं होतंउगाच त्यांना बदनाम करू नका
1282,-1,सर व्यंग उगाच बदनाम नका करू त्यांना
1283,-1,मराठी माणूस भैया नको भारतीय पोहचला आनंद हवा
1284,-1,ह्यांचे आकडे हत्तीच पोट हत्तीची शेपुट
1285,-1,लिबरलांचा गरुड घेऊनिया मोदीविरोध ट्विटांची फडफड उडनछू उडनछू उडनछू
1286,-1,तुला न्हाई कळायचं बे व्यंग तरटतट्टी माणसा
1287,-1,नरेंद्र मोदी
1288,-1,ज्या व्यक्तीने विश्वाची निर्मिती रडार डिजिटल कॅमेरा ईमेल च्या ज्ञानावर लोकं शंका घेताहेत
1289,1,जीवनात सगळं मिळालं ढग आल्यावर चल बसू म्हणणारे मित्रच मिळाले
1290,1,तोंड धडावर अन् चालली गडावर
1291,-1,यात कुठून आलं रे बाबा व्यंग
1292,-1,कसली व्यंग बारामती गेल्यानं पेटलाय
1293,-1,अरे सर असं ये निलंग्यात मजा घेताएत निलंग्यात पासून च असतील
1294,-1,व्यंग लिहिलं भावा त चिकन मिळतं कोल्ड कॉफी मनाला लावून नको घेऊ
1295,1,बोली जा बोलो ठीक मग नेतो वर तिने मला मारले कळले दाद द्या
1296,1,मॅडम तुम्हाला मराठीत बोलायला लाज वाटते कधी बघू तेव्हा हिंदी मध्ये ट्विट वरून म्हणायचे कि शिवाजी महाराजांच्या महाराष्ट्रातली हॅशटॅग आपली मुंबईची मुलगी व्यंग
1297,-1,फोटो पाहून माझी घरवापसी वाले बरोबर म्हणत
1298,-1,चे फॉरवर्ड कॉपी पेस्ट सुविचार तत्वज्ञान जास्त मारा असतो हिंदी इंग्लिश वाले ट्विट्स करायचे चेपायचे किती म्हणले खूप गट अगोदरच्या प्रस्थ लोक लोकांतच व्यंग दाद मिळत ना ला सगळ्यांनाच पाहिजेत
1299,-1,गोष्टी प्रामुख्याने जाणवतात राजकीय टिका टोमणे कार्यकर्त्याना सहन दुसरं व्यंग खुप लोकांना समजतं जसं ठिक ट्विटर समजायला कठिण एकदा कळल्यावर आवडायला लागतं
1300,-1,भाऊ व्यंग मंदसैनिकांवर
1301,-1,व्यंग सांगा मला तुमची पोस्ट कळली
1302,1,राम जन्मचा पुरावा मागणार्या कोर्टाला रामनवमीची सुट्टी एप्रिलला
1303,-1,त्यांची ट्विट व्यंग वाटत
1304,-1,त्यांनी वर्ष माती आम्ही करतो वर्ष द्याउदार जनता देईलही त्यासाठी बिनबुडाचे पोकळ जाहीरनामे कशाला हवेत व्यंग
1305,1,मध्ये चीनचे सभासदत्व जवाहरलाल नेहरूंची भारताला दिलेली भेट भारताविरुद्ध वापर चीनने वेळोवेळी मसूद अजहर विरुद्ध ठरावाला विरोध चीनने परत पांग फेडले त्याच महान आत्म्याचा नातू केंद्र सरकारला राष्ट्रीय सुरक्षेवरून लक्ष करतो
1306,-1,ठीक नरेंद्र मोदी नकोत मग कोण राहुल गांधी व्यंग
1307,-1,वातावरण एवढं मंद हल्ली वापरावा लागतो सांगितल्या शिवाय हल्ली लोकांना वाघ सिंहातला फरक कळणार व्यंग
1308,1,मसूद अजहरला आंतरराष्ट्रीय दहशतवादी घोषित करण्याच्या प्रस्तावावर चीनने नकाराधिकार वापरला मोदी सरकारचा राजनैतिक विजय यातून मोदींनी चीनला जगापासून वेगळे पाडले दहशतवाद समर्थक असल्याचे दाखवून दिले १३० भारतीयांचा विजय
1309,-1,जिथे आपल्याला काहीतरी चुकल्यासारखे किंवा आक्षेपायी वाटते खरंतर तिथे समोरच्याचे व्यंग असते फक्त आपला बाबतीत बघण्याचा दृष्टिकोन चुकीचा असतो
1310,-1,ह्या निवडणुकीच्या काळात कुणाबरोबर कुणाची तुलना होईल प्राणी पक्षी टेन्शनमध्ये पोपट पहिला बळी सूत्रांकडून व्यंग
1311,1,तारखा जाहीर म्हणे लोकशाहीचा विनोद झाल्यावर टीआरपी कपिल शर्मा निलेश साबळे टेन्शनमध्ये व्यंग
1312,-1,स्वतः वरचे खपत नसेल मग सर्वात आधी इतरांवरचे काढणे स्वतःला बंद करावे लागेल नाहीतर आपला बाळा दुसऱ्याच गंमत होईल जय महाराष्ट्र जय संविधान जय
1313,1,एकवेळ रेल्वेमध्ये बसायची लायकी नसलेला रेल्वेने प्रवास करू शकतो परंतु ज्याला इंजिनाचा तिळमात्र संबंध त्याने चालवण्याचा प्रयत्न
1314,1,बहुजन वंचित आघाडीचा च जातीवर आधारित राव हेच लोक जाति वादाचा धर्मनिरपेक्ष वर बोलणार
1315,-1,उपहास व्यंग समजत असेल तरच बघा
1316,-1,बाबू शोना बाबू रिक्षाने जाऊया पर्यंतचा प्रवास प्रेम
1317,-1,बाबू शोना बाबू करूया पर्यंतचा प्रवास
1318,1,व्यंग जेव्हा तुम्हि चे असता तुम्हाला लोकांचा अपमान करता नाहि
1319,-1,जिथे रमेश पवारचा मिळतो तिथे समजून जायचं काहीतरी वांड लपलेली ट्वीट मध्ये
1320,-1,व्यंग संसर्गजन्य मलम बरे थोडावेळ होईना हसवतात
1321,1,शांतता मनसे आऐरणीच्या देवा व्यंग
1322,1,देश राहुलच्या देशभक्तीने नाटकानी एवढा भारवलाय त्याला प्रत्यक्ष ऐकायची ईच्छा
1323,1,दहशतवादाला धर्म नसतो सांगणारे हुतात्मा सैनिकांमध्ये शोधतायेत
1324,-1,देखील व्यंग समजूनच वाचलं शेवट्पर्यंत लेखकाची ओळख वाचून सत्य कळालं
1325,-1,ताई नंबर व्यंग संस्कृत मध्ये कसं लिहितात तेच म्हणायचं मला
1326,1,जातीभेदाची कारणे १ मंडल आयोग २ आरक्षण ३ दलित चळवळ ४ दलित साहित्य ५ दलित जातीत जन्म घेणारे लोक ६ भारतीय वर्णवर्चस्ववादी जातव्यवस्था सोडून सगळी
1327,-1,जमतंय जमतंय तुम्हालाही जमतंय
1328,-1,औरंगाबादचे नामांतर व्हायलाच हवे संभाजीनगर नको मराठवाड्याला २००० वर्षांचा राजकिय मराठी भाषा संस्कृती चा इतिहास औरंगाबाद कोणाची खासगी
1329,-1,व्यंगचित्र काढणाऱ्या व्यंगचित्रकाराकडे जनता बघत व्यंगचित्रांची आठवण भरसभेत बाळासाहेबांच्या कार्यशैलीवर प्रश्नचिन्ह उभा करणाऱ्या राजसैनिकांच्या हाताला मारला वाटत
1330,1,डान्स बार पुन्हा अनेकांना रोजगार मिळणार आनंद आणखी प्रयत्न रोजगार मिळण्यासाठी व्यंग
1331,-1,तुझी व्यंग कळायला लय वेळ लागेल लोकांना
1332,-1,तुला हसता येतयमला माझ्या व्यंग बद्दल वाईट वाटू लागलयलोकांना कळेना झालाय
1333,1,वर पाहण्याचा प्रयत्न अचानक देवबाप्पाने कान कापले
1334,-1,अश्याच पोस्ट साठी फोल्लो करा
1335,-1,याचाही काहींना अतीव त्रास होतो खुपच दुर्दैवी गोष्ट सतत काड्या घालायचं सोडा नव्या लोकांना लिहू द्या टिका टिप्पणीतून वेळ मिळाल्यास तुम्हीही लिहिते व्हा विनंती व्यंग च्या नावाखाली एखाद्याची उगाचच नाचक्की करू नका
1336,-1,मित्रा व्यंग पहिले समजून घे नसेल समजत महितीगाराची मदत घे किंवा गुगल आहेच बोललो कारण मला मेंशन केलं बाकी प्रत्येक ट्विटला उत्तर देण्यासाठी माझ्याकडे इतका वेळ जे बोलायचं पहिल्या ट्विट मध्ये
1337,-1,ट्विटप ज्याला घ्यायचे घ्या ज्यांना नसेल जमत त्यांनी नका घेऊ राहिला प्रश्न मार्गदर्शनचा तुला आगोदरच मित्रांनी दिलेलं त्यात वेगळं समजवण्याचं कारण राहिला प्रश्न चा व्यंग मधील फरक स
1338,-1,अरे देवा बर कमीत तुम्हाला व्यंग कळालं
1339,-1,एखादा टाॅपिक उचलायचा चेपायच वाटेल हल्ली व्यंग ट्विट जास्त खपवता येतात
1340,-1,इंग्रजीचे बेसिक्स क्लियर घेऊ मित्रवर्य अजय जाधव ह्यांचे आभार त्यांच्यामुळे माझेही बेसिक्स रिफ्रेश व्यंग
1341,-1,जमतंय जमतंय ना व्यंग तितकीच मऊ भाषेत बोलणं जमतंय आगे बढ़ते रहो
1342,1,कर्तृत्वाने खुजे लोक जेंव्हा महाराजांच्या स्मारकाची उंची वाढवण्याच्या गोष्टी करतात तेंव्हा व्यंग हसून हसून मरते
1343,-1,बाजूला गात रहायच
1344,-1,नशीब हिंदी मध्येच बोलले मराठीत बोलले असते कहर असता अस यांची टॅग लाईन उघडा डोळे बघा नीट
1345,-1,व्यंग बोललो महाराष्ट्र सोडा मराठ्यांनो जगात जा नोकरी धंद्या साठी बाहेर
1346,-1,भिकारचोट करमणूक कळते तुला व्या
1347,-1,आपल्याकडे द्वारे करायचा प्रयत्न झालेलापण लोकांना आवडत व्यंग टीका येडे भोक्स सगळीकडे आहेतअमेरिका भारत
1348,-1,व्यंग तुम्हाला उलगुडून सांगावी लागते
1349,-1,येतात ज्यांना जोक कळत समजावून सांगावा लागतो मग येतात ज्यांना व्यंग समजत समजावून सांगावा लागतो मग येतात ज्यांना काहीच कळत प्रत्येक गोष्ट समजावून सांगावी लागते मग येतात
1350,-1,लोकांना व्यन्ग कटाक्ष व्यंग कळत अवघड
1351,1,रणबीर आलिया च्या लफड्या चा ह्यांना त्रास होतो तुला पाहते रे आवडीने बघतातकसं जमतं ह्या म्हातारींना
1352,-1,हो यार स्त्रियांचा मान करा त्यांना बरोबरीचे स्थान द्या वगैरे बोलणारे सुद्धा मस्करी च्या नावाखाली स्त्रियांवरचे जोक मारतात फक्त कशाला साठी किळसवाणे सगळे
1353,1,उठा उठा निवडणूक इंदूमिल स्मारक छत्रपती शिवाजी महाराज स्मारक राम मंदिर बांधायची वेळ व्यंग
1354,1,फक्त भगत सिंग बोस आंबेडकर यांचा सर्वात उंच पुतळा बांधला विकास
1355,-1,सर आजकाल तुम्ही खूपच व्यंग वापरताय बर
1356,-1,शाळांमधे विरोधाभास शिकवण्यासाठी तुमचा ट्विट परफेक्ट उदाहरण गोखले तुम्ही कुणाला म्हणावं तुम्हाला कोणी सांगायचं तुम्ही पुराणिकांच्या प्रत्येक ट्विटखाली तुम्हाला पुराणिक बीट कव्हर करायला सांग
1357,-1,माझा मधला समजला वाटत
1358,-1,कुणाला आवडतोअरे गावठ्या व्यंग कळत
1359,-1,मग ब्लॉक पळाला भूरटा व्यंग तुमच्यात चालू द्या मराठी भाषेचा अपमान करू नका आम्हाला आमच्या भाषेचा अभिमान
1360,1,वर्षांपासून पुरस्कार अनिश्चित काळासाठी बंद करण्यात कोणी नॉमिनेशन करत
1361,1,भारतात खुप मजेशीर गोष्टी घडतात भारतात शासक इटलीतून येतात मतदार बांगलादेशातून येतात देशात मुले असलेले कर भरतात बारा मुले असलेले सबसिडी घेतात
1362,-1,संत बहिणाबाई
1363,1,कोर्टाच्या निर्णयाने सर्वात जास्त टेंशन आई बापांना झालय पोरगा सुनबाई आणतोय जावईबापू
1364,-1,प्रत्येक इंजिनीअर असतोच कारण एकदा इंजिनीरिंग ला ऍडमिशन घेतले च आमचा असतो
1365,1,रुपया अश्यावेळी अर्थव्यवस्था सावरायला खरा अर्थतज्ञच हवा मनमोहन सिंग उपयोगाचे नाहीत बोकील मास्तर करतायत सध्या व्यंग
1366,1,उत्तर प्रदेश मधील रुग्णालयातील बालकांचे मृत्यू ऑक्सिजन सिलेंडर च्या कमतरतेमुळे नव्हे बदकांच्या कमतरतेमुळे
1367,-1,तुमचा व्यंग मला कळलंम्हणून तुम्हाला माझ्या मधला व्यंग कळलंकिंवा अर्धवट वाचलेत दुःख त्याचपण करणार सगळ्यांना थोडी कळतो असो
1368,-1,बघा पवार सायबांना बोलायच आपली कुवत राजकारनातल काई समजत तुमाला येऊन बगा आमच्या बारामतीला सगळं मराटवाड्याच पानी पळवूण आनलई व्यंग
1369,1,मुंबई गोवा राष्ट्रीय महामार्गा ऐवजी ग्रामीण मार्ग घोषित मंत्र्यांच्या आईला लागणाऱ्या उचक्या थांबू शकतात व्यंग
1370,-1,तुम्हाला कोणाची मरायची आहें त्याला करा सौजन्य
1371,1,जणांच्या आयुष्यात इतका एकटेपणा असतो त्यांनी भुईमुगाची शेंग जरी फोडली एकचं शेंगदाणा निघतो
1372,-1,कळण्याईतपत अक्कल नसताना अशा हवेत गोळ्या मारू नयेत आमची तपासून पहा पक्षीय राजकारणावर राग फक्त तुम्हालाच बाकी तुमची अक्कल तुमच्या वरूनच दिसत आम्ह
1373,-1,लोकं उत्तर देतात
1374,-1,व्यंग ॥अद्भूत व्यंग्यपूर्ण वाक्यः॥
1375,-1,आईचा डोळा
1376,1,घरोघरी जाऊन बाइबल पुस्तक वाटून सर्वांचे कष्ट दूर होईल सांगणारे ख्रिस्ती फादर कुठे गायब
1377,1,माणूस तेवढा वाईट नसतो जेवढा विडियो कॉल मधे दिसतो
1378,1,माझ्या पाया खालची जमीनच सरकली जेव्हा दिलेल्या लव लेटर वर तिने चिवड़ा खालला
1379,-1,तुम्हाला व्यंग समजला नसावा वरील दोन्ही उदाहरणे वापरली माझ्या युक्तीवादाला विरोध करायला दोन्ही ठिकाणच्या च्या उदाहरणांना विरोध करावा लागेल
1380,1,श्रावण कुणी पकडलाय द्या सोडून लवकर आई त्याला शोधत
1381,-1,धन्य चीनी मिडिया यांनी जॉर्ज फर्नांडिस लाच वर पाठवून दिले
1382,1,सगळे भारतीय उद्यापासुन सगळे आपआपल्या जाती धर्मात परत जातील
1383,-1,पूर्वजनाकड़ून मिळालेल्या स्वातंत्र्य चे सदुपयोग करादुरुपयोग
1384,1,बायको सोबत नसेल लोक रूम भाडयाने देत आपण गोभी ला देश देऊन बसलो आहोतभुगता
1385,1,प्रिय मित्रांनो कृपया स्वतंत्रता दिवस चे शुभेच्छा पाठवू नये माझे लग्न खुप टोचते मनाला नवरा
1386,1,दीपू ची बोलली तू माझ्या लग्नात वर कुठले गाणी वाजवणार दीपू तुझी रिकॉर्डिंग
1387,1,ब्रायन लाराची मुलगी स्वतःची ओळख कशी देईल आय बापाची लाराची लेक
1388,1,आयुष्याचे कड़वट पणा लहानपणी होम वर्क तरुणपणी होम लोन म्हतारपणी होम अलोन
1389,-1,दादा बातमी पुर्ण स्टंट केलाय फालतू नको वापरू
1390,-1,मृत्युंजय शिवाजी सावंत
1391,1,टिळक गांधीजी चहाच्या दुकानात जाऊन मैडम कामा ची वाट बघत उभे असतात चहावाला बसा ना साहेब उभे टिळक मिस्कीळपणे म्हणतात तिथे लिहले आहेकामाशिवाय बसु नये
1392,1,तेजस्वी यादव आणखी एकाने मुलींची छेड काढल्याबद्दल चिडलेल्या तरुणांच्या गटाने त्यांना थोबडवले मध्ये जेव्हा लालू यादव रेल्वे मंत्री बघा खात्री करा
1393,-1,बिनधास्त जगा
1394,1,प्रश्न कोण कोणास तुम्हाला भेटुन आनंद उत्तर आनंदची आई आनंद च्या वडिलांना पेपर चेक करणारा अजूनही विचारात उत्तर चुकीचे बरोबर
1395,1,सर्वे मधून माहित कि लोकं बकरी ला फसवण्याकरिताबोकड सारखी दाढ़ी ठेवतात
1396,1,देवा हवं मला सिंगल ठेव सेटिंग तिची होवो कधीहीजिच्याशी माझे लग्न
1397,1,पुणेकर सगळे म्हणतात कि तू सोलापुर चा आहेस वाटत सोलपुरकर रागाने मग गळ्यात चादर घालून फिरू
1398,1,पति परमेश्वर पर्यन्त असतो जो पर्यंत दुसऱ्या पुजारिन चा पत्ता लागत
1399,1,भारतात हरवलेली वस्तु कशी शोधतातसांगा उठ तुझ्या खाली असेल
1400,-1,त्यालाच व्यंग म्हणतात ना
1401,-1,उतावीळ झालो गुडघ्या बाशिंग बांधलं तुझ्या नावाचं इनिशल टँटूनं गोंदलं हात भरून आलोया लई दुरून आलोया आन दाढी भारी परफ्युम मारून आलोया आगं समद्या पोरात म्या लई जोरात रंगात आलंया
1402,-1,पोस्टमध्ये व्यंग द्वेष मुळीच नव्हता तुम्हाला असं वाटतं सगळे मराठ्यांवर जळतात जर तुम्ही चुकूनसुद्धा चूक मान्य करत नसाल कुणी चुका दाखवल्यास अपमान असल्यास दोष अहंकारास द्यावा इतरांस गोष
1403,1,अभ्यासाच्या पुस्तकात चापटर किंवा प्रकरणं असल्यामुळे कधीही त्यांच्या नादी कधी लागलोच माणसानं कसं सभ्य असावं
1404,-1,वसंत सेनेच्या अध्यक्षांना वाढदिवसाच्या हार्दिक शुभेच्छा
1405,1,जेव्हा कुठलेही न्युजवाले बोलवत नाहीत तेव्हा आम्हि स्वबळावर मुलाखत घेतो
1406,1,गुरुजी ला मराठीत म्हणतात दिपु माकड़ गुरुजी पुस्कातुन बघून उत्तर दिलेस नाखरे सांग दिपु सर तुमची शपथ आपल्याला पाहुन उत्तर दिले
1407,1,मैरिड लाइफ ची वेगळीच मजा खायला मिळो वा ना मिळो ऐकायला भरपूर मिळते
1408,1,भांडी ला बाहेरुन आतून जास्तघासावी लागते बस हेच आयुष्य
1409,1,लग्नागोदर जग फिरूंन घ्या कारण लग्नानंतर जग फिरूंन जाते
1410,-1,हो नाअसेच वाटायचे
1411,1,दिपु ने बस मधे मुलीची छेड काढली मुलगी तुझ्या गहरी आई बहीण दिपु मला माहितमी सकाळ पासून घरा बाहेर
1412,-1,५०च्या मिळायच्या ठिकाणी १००च्या पटीत एन्ट्री करा बघितलं होतं बाकीचे ऑप्शन ट्राय केलेच नाहीत
1413,-1,१००च्या असायच्या झाल्या असतील कदाचित माझ्यासारखे नालायक लोक ५००च्या नोटा नको मुद्दाम ४०० ९०० १४०० रुपये काढायचे
1414,-1,आताची ५००ची नोट वापरात १००च्या नोटेपेक्षा लहान आकार असणारच
1415,-1,मोदी जी ऐवढेहि खोटे बोलू नये ऐकून ऐकून मांडव त्रस्त होऊन पड़ो
1416,1,जगातली सर्वात मोठी चूक बायकोच्या समोर मोबाइल मधे बघून स्माइल देणे
1417,1,जास्त महिला वेळा शॉपिंग करतात पहिल्यांदा बघायला जातात दुसऱ्यांदा घ्यायला जातात तिसऱ्यांदा चेंज करायला जातात तिन्ही वेळा पाणिपुरी खातात
1418,1,अगोदर दुकानात लिहिले जायचे ग्राहक देवता आहेअसे वाचून देव असल्याचा भास होई लिहितात आपन सीसीटीवी च्या नजरे खाली आहात है वाचून चोर असल्याचा भास होतो
1419,1,गुरुजी कुठला पक्षी सर्वात वेगाने उड़तो दिपु ज्याला सर्वात जास्त घाई असते गुरुजी ने सर्वात जास्त वेगाने चोपले दिपुला
1420,-1,अहो बस ट्विटर वर च इथे पोरांना उंदीर पकडायला शिकवा आधी
1421,1,ज्यांचे चे नोट हरवतात ना त्यांना रसत्या वरुन चालताना प्रत्येक कागद ची वाटते
1422,1,मला माझ्या लग्नाचे टेंशन टेंशन फक्त गोष्टीचा कि माझ्या मुलांचे शिक्षण उशिरा सुरु होईल
1423,1,मित्रांनोएक सांगा जर मधे सेलेक्शन प्राइवेट पोलिस स्टेशन उघडू शकतो
1424,1,खुशी साइड ला गर्लफ्रेंड वाइट नवरा मिळण्याच्यी खुशी वेगळीच
1425,-1,लातूरमध्ये जमावाच्या मारहाणीत एकाचा मृत्यू अफवांचा आणखीण बळी व्यंग
1426,-1,खड्डयांवर शतदा प्रेम करावे महेश टिळेकर यांनी लिहिलेली कविता खड्डयांबद्दल प्रेम असणाऱ्या तुम्हा सर्वांना नक्कीच आवडेल
1427,-1,महेश टिळेकर यांनी लिहिलेली कविता खड्डयांबद्दल प्रेम असणाऱ्या तुम्हा सर्वांना नक्कीच आवडेल
1428,1,जसे चा अनिल कपुर लाल रंगात दिसतो मोदीचा विकास भगवा रंग मधे दिसतो चकमकित शाह
1429,1,पावसानं च घेतल वाटत तास
1430,-1,एकदम खरे लागोपाठ वेळा फ्रिज उघडून पाहिल्या वर फ्रिज मधून खायला मिळते
1431,1,प्लास्टिक च्या पिशव्या वापरल्या दंड भरावा लागेल म्हणुन पहाटे दूध आणायला लोटा घेउन गेलो स्वछ भारत गुड मॉर्निंग पथक वाल्यांनी पकडलं दंड साली आफत
1432,1,जर्मनी अर्जेंटिना स्पेन ब्राझील बाहेर कॉंग्रेसच्या काळात असलं न्हवतं ह्याला संघच जबाबदार ज्या देशाचा
1433,1,खरी जंग शर्मा जी चा बेटा शर्माजी चा जावई यांच्यातच बाकी इंग्लंड विरुद्ध भारत मोहमाया
1434,-1,घन नीळ सागराचा ऐकले आभाळाचा कधी हेच अच्छे दिन मोदी मस्ट
1435,1,गर्लफ्रेंड नसल्याच्या दुःख दुःख गोष्टीचा कि कुणाला विश्वास च बसत कि माझी गर्लफ्रेंड नाहीये
1436,1,वेळ होतीकि कीड़ फक्त दाताला लागायची सोडाजाऊ द्या तुम्हालाही माहित
1437,1,​ ​चरित्र प्रमाणपत्र​ ​ आणायला विसरलो ​ हरकत आण तुझ्या ​मोबाइल​ची ​गैलरी​ खोलकर उघडून दाखव
1438,1,अगोदर माझी बायको खुप बोलायची बोलते काहीच इलाज याला गुपचुप दुर्लक्ष करा
1439,1,हॉटेलात बसलो असताना सुंदर मुलगी येऊन मला विचारले आपण सिंगल आहत खुश होऊन बोललो हो कुत्रीबाजुची खुर्ची उचलून गेली
1440,1,आजकाल लोकं मोठमोठ्या ब्रांड च्या गोष्टी करतात जी लहानपणी वरातीत शाळेचे ड्रेस घालून जायचे
1441,-1,सत्य च्या शोधात चाललो तुम्ही चकण्या ची व्यवस्था करा
1442,1,प्रेमाने मला लोकं मित्राएक होतं बोलावतात
1443,-1,मिनटच्या पावसा नंतर के दळणवळण
1444,1,तिकडे रणविर कपूर संजय दत्त सारखा कसा दिसतो म्हणुन ऋषी कपुर नितु सिंग मध्ये जोरदार भांडण
1445,1,जापानीज व्हिस्की खुप स्ट्रांग असते मराठीत सांगतातकमी टाका
1446,1,पुणेरी वाढदिवस गण्या काकु केकवर मेणबत्याऐवजी बल्ब लावलाय काकु साठावा वाढदिवस ना एवढया मेणबत्या कशा ला साठचा बल्ब लावला
1447,1,कृष्णाला १६०० बायका होत्या तरीही आपला मित्र सुदामाला विसरला इकडे आमचे मित्र मुलगी पटली साले फोन उचलत
1448,1,बाळ अभ्यास कसे चाललय बस काकाचालता चालता खुप दूर निघुन गेली माझ्याहुन
1449,1,आजकाल मध्ये मला काहीच फरक वाटतं म्हणुन जास्त बघतो
1450,1,अंधेरी च्या पुलाला बामणाचं नाव दिल गेल होतं म्हणुनच कोसळला ब्रिगेडी
1451,1,काँग्रेस नेत्यांनी केलेले घोटाळे विकासाचा नावावर खाल्लेले भूखंड कुख्यात पक्ष जेंव्हा आरोप करतो तेव्हा विकासवादी सरकारवर टीका होणे म्हणजेच चांगले असल्याचा पुरावाच व्यंग
1452,1,ज्याला चाके त्यावर माश्या बसतात कचऱ्याची गाड़ी
1453,1,पादल्यावर वास येतोसांगा कारण बहिरे लोकांनी मजा घ्यावी
1454,1,मेंढर केस कापायाला कुठे जातात मधे
1455,1,चालायचं कसं रस्त्यावरून आधी लेफ्टराईट गाड्या बघायचो वरती विमान बघावं लागणार
1456,-1,अचानक भिजवणारा पाऊस चा दोन्ही गोष्टी कशा कोणावर कोसळतील नेम
1457,1,पकडणार कोणाला दाऊद विजय मल्ल्या निरव मोदी मेहुल चोक्सी ललित मोदी काळा पैसा वाले भ्रष्टाचारी गुंड चोर लफंगे यांना पकडतायत कोणाला
1458,1,मोदींनी २०१४ ला दाखवलेला गाजर २०१८ ला एवढा मोठा
1459,1,सासू सुनबाई हात मोकळे चांगलं वाटत सून मोबाइल चार्जिंगला लावला आई सासू अग भवाने बांगड्या बद्दल विचारते
1460,1,डीएस्कुलकर्णी जेल बायको जेल मेव्हणी जेल मुलगी जावई जेलच्या मार्गावर बँक अधिकारी येरवडा बाहेर पाटी लावायला हरकत डीएस्के विश्व जेल ला घर देणारी माणंस
1461,1,बाई ह्यांच रोजचं नाटक आधी तांदळाच्या डब्यातल्या नोटा काढायला लावल्या गादीखालच्या पिशव्या
1462,1,आजपासून प्लास्टिक बंदी कोणी पकडलं रू ५००० दंड मागितला सांगात्या १५ लाखांतून कापून घ्या
1463,1,नविन धमकी तू नुस्ता गाडी पार्क कर तुझ्या हॅण्डलला अडकवलीतर बघ
1464,1,अरे वेड्या रविवारी कुठे ऑफिस ला निघालास काका ऑफिस कुठे क्वार्टर आणायला चाललो प्लास्टिक बंद झाल्या मुळेऑफिस ची बॅग चाललो
1465,1,प्लास्टिकबंदी आम्ही उलट्या कशात करायच्या अखिल भारतीय वकार युनूस संघटना
1466,1,मालवणी माणसाचा पुणेरी माणसाला राँग नंबर सिंधुदूर्गकर देशपांडे आसत पुणेकर चिडून पावनखिंड लढवायला गेलेत निरोप सिंधुदूर्गकर त्येंका म्हणाव महाराज गडावर पोचले मेलास चलात अक्करमाशी मेलो
1467,1,गुरुजीपेटायास इंग्रजीत सुटकेस म्हणतात मुलगा कारण पेटारा छत्रपती शिवाजी महाराजांच्या सुटकेस कामी
1468,1,जेंव्हा लाईफ तुम्हाला पार्टनर देते तेंव्हा सैराट कमीत धडक बनवा
1469,1,गावाकडच्या पोराची पोरीने फ्रेंड रिक्वेस्ट एक्सेप्ट मुलगा खुश होऊन मुलगी मुलगा एकर ऊस जमीन
1470,1,बँक मधून मुलीला फ़ोन तुम्हाला क्रेडिट कार्ड पाहिजे मुलगी नको माझ्याकडे बॉयफ्रेंड
1471,1,पानी वाचवण्याचे सगळ्यात उत्तम उपाय पान तंबाकू गुटखामिराज खाणाऱ्यांना पाणी देऊ नये ग्लास पाणी पितात ग्लास चुळ भरतात महानगरपालिका
1472,-1,जावई स्वागत
1473,-1,डोळे फाडून के बघतोयकधी बघितले के
1474,1,कुणी थोबाडीत मारल्यावर एवढा अपमान जेवढा भर पावसात उघड़ी छत्री वाऱ्याने उलटी
1475,1,शिक्षक सापाच्या शेपटीवर पाय ठेवणे म्हणीचा अर्थ सांग दीपूबायकोला माहेरी जाण्या पासून रोखने शिक्षकाने वेडे होऊन दीपुला मिठी मारली
1476,1,बंड्या अरे काल तुझ्या बायकोला साप चावला कशी गण्या अरे चावला नाय त्याच विष संपलं होतं रिचार्ज मारायला
1477,1,हॉटेल इंडस्ट्री मधले असं वाटतंय व्यंग
1478,-1,समयसूचकता उपहासात्मकता भरभरून असलेले ट्विट्स ला मजेशीर प्रतिक्रिया देऊन नवीन पैलू पाडण्यात हातखंडा असणारे परतल्यापासून ट्विटर वरील वातावरण प्रसन्न वाटत
1479,1,बायको नाष्टयाला मध लावलेली चपाती देउ नवरा नको मध माशी च्या तोंडातून आलेले असते तोंडातून आलेले काहीही खात बायको मग अंडी देउ
1480,1,लोक प्रेमात पडल्यावर ठरवतात लग्न ठरल्यावर प्रेमात पडले नवाब्लॉग
1481,-1,वाढदिवस लग्नला जेवताना ताट पकडण्याची गरज बाजारात नविन ताट उपलब्ध
1482,-1,भिडे गुरूजींच्या बागेतील आंबे खाल्याने गर्भवती झालेली पहिली महिला सौ पार्वती धनंजय माने
1483,1,आजचा सुविचार घटस्फोट देऊन नवऱ्याला सुखी करण्या पेक्षा संसारात राहून छळण्यात खरी मजा नोट इथे शिवसेनेचा संबंध
1484,1,आजचा सुविचार दहावी बारावीत नापास विद्यार्थ्यांनी कोणता ना कोणता उद्योगधंदा किंवा व्यवसाय चालू करावा पास झालेल्याना मिळेल
1485,1,बायको तुम्ही सारख सारख माझ्या माहेरच्यांबद्दल बोलता जे बोलायचं मला बोला नवरा बघ मोबाईल खराब होतोतेव्हा आपण मोबाईल ला बोलतो शिव्या कंपनीला च देतो ना
1486,1,वेधशाळेचा ईशारा घ्यायची असेल तरच बाहेर पडा
1487,1,खतरनाक पुणेरी पाटी सदाशिव पेठ ५० पैशात नाकाला लावुन मिळेल
1488,1,पोरगा शाळेतून रिझल्ट नाचतच घरी बाप बेटा दीवे लावलेत बेटा मिळालं बाप हिथतर फक्त दिसत्यात बेटा मास्तर म्हने आधार कार्ड लिंक मंग बाकीचे सबसीडीमधे जमा व्हतील बापाने जाम चोपलाय
1489,1,सून आणी मान्सून यांची लोक सारख्याच आतुरतेने वाट बघतात आणी दिवसातच कंटाळून शिव्या द्यायला लागतात
1490,-1,मुलींनी व्यंग मुलांनी पोरगा वाटतं
1491,1,नवरा माझ्या चित्रपटामध्ये करशील बायको हो करेल कराव लागेल मला नवरा तुला हळुहळु पाण्यात उतराव लागेल बायको बरं पन चित्रपटाच नाव नवरा गेली म्हैस पाण्यात
1492,1,बेवडा रात्रीची सायकल चुकून कब्रीस्तान मध्ये घूसला अन दूसर्या साईड ने बाहेर निघाला अन घाम पुसत बोलला च्यामायला कोनता रोड माहीत येवढे स्पिड़ ब्रेकर असत्यात व्हय
1493,-1,मधून माघार घेतलेला माणूस दुसर्यांना सल्ले देतोय
1494,1,स्थळ लॉटरी कंपनी कडून कॉल सर तुम्ही बैंकोक टूर चे तिकीट जिंकला आहात तुम्ही कुणासोबत जाणार आहात एकटाच वेळा जाणार
1495,1,आमच्या मित्राचे लाईटबील रुआले ऊशीरा भरल्यास रु दंड लाईट बिल भरायचे कसे
1496,1,सहजच बायकोचा जूना शाळा सोडल्याचा दाखला पाहीला त्यातील टिपणी वाचून गहिवरून आज्ञाधारक डोळ्यात पाणीच
1497,1,कम्प्यूटर परीक्षेत विचारलेल्या प्रश्नावरील मुलाच्या उत्तराने कॉम्प्युटर ची मास्तरीण बेशुद पडली प्रश्न प्रोग्राम उत्तर संध्याकाळी बसणे
1498,1,घरीच गपचूप ऑनलाइन निकाल बघणाऱ्या पिढीला आमची दुःख कधीच न्हाय कळायची आमच्या काळात निकाल शाळेत सगळ्या समोर कळायचे इज्जत भर बाजारात निकालात निघायची
1499,1,संशयाची हद्द बायको हो तुमच्या शर्ट वर केस नवरा मग बायको कोण टकली
1500,1,कृपा १० वी १२ वी चे पेढे कुणीही आमच्या घरी येऊ नये तुमच्या गुणांवरून चालू झालेला विषय आमच्या अवगुणांवर येऊन थांबतो
1501,-1,मृग नक्षत्रांत पेरते व्हा साद घालणारा कोकणांत हमखास आढळणारा हाच पावशा पक्षी
1502,1,गुरुजी दळणवळण विद्यार्थी एखादी मुलगी दळण जाताना वळून पाहते त्याला दळणवळण म्हणतात गुरुजी राजीनामा देऊन आषाढी वारीला निघालेत
1503,1,वी मध्ये नापास मुलांनी भाजप मध्ये प्रवेश पास होतील तावडेंचाविनोद
1504,1,हवामान खात्याचा नवा अंदाज मुलाने मुलीकडे बघितले मध्यम स्वरुपाचा पाऊस मुलीने मुलाला हो म्हटलेतर मुसळ धार पाऊस आणी दोघेजन पळुन गेले सगळ्यात जोरदार पाऊस हवामान खात्याचा अंदाज
1505,1,बंडयाने नंबर डायल फोन मुलीने ऊचलला बंडया हॅलो कोन मुलगी बानु बंडया आयला फोन जेजुरीला लागला वाटत सॉरी माते
1506,1,मुलगा बाबा मला परीक्षे मधे भेटले तुम्ही कराल वडिल आनंदाने वेडा होईन मुलगा हिच भीती नापास झालो तुम्ही वेडे झालात आम्हाला कोण संभाळणार
1507,1,मुलीकडच्या नी मला विचारलं तुला हुंड्यामध्ये पाहिजे बोललो मुलीचा फोन तिचा जुनं सिम कार्ड लग्नच मोडलं राव मला कळलं अस बोललो त्यांनी लग्नच मोडलं
1508,1,जुन्या जमान्यातला ₹ आताचे ₹ तसेचआमचे तेव्हाचे वी चे म्हणजेच आताचे समजावेत आमचा आदर कायम ठेवावा अखिल भारतीय काटावर पास होणारी संघटना
1509,1,मुलगा तु मला सांगितले कि तुझ्या अंगात येते मुलगी मुलगा तुझे केस विस्कटलेला बघितला मुलगी नालायका आंघोळ झाल्यानंतर काढलेला सेल्फी
1510,1,तीचा फोन खुप अकडुन म्हणाली विसरुन जा मला म्हणालो आधी नाव सांग कोण आहेस
1511,1,पगार पेट्रोल सारखा पाहिजे सकाळी उठल्यावर माहित झालं पाहिजे परत वाढला
1512,1,विवाहित स्त्रीसाठी आनंदाचे ३ शब्द उद्या डबा नकोय
1513,1,बियर असं ऐकून सुद्धा तुमच्या डोक्यात अस्वल प्राणी असेल अर्थ तुम्ही खूपच साधेभोळे आहात माझ्यासारखे
1514,1,सोप्प मुलांचं जगणं एखादा जरासा मनमोकळेपणाने लग्नात नाचला लगेच विचारतात पितंय रे
1515,1,एकदा देवाने माणसाची स्मरणशक्तिच पुसून टाकली माणसाला विचारले आठवते माणूस हो फ़क्त बायकोचं नाव देव हसला अन म्हणाला गेला
1516,1,फेकू जगातला कुठला मैनेजर खुप बिझी असतो खरच करत राहतो मेकू माहित फेकू फ़ाइल मैनेजर
1517,1,ठेच लागली लहानांना आई आठवते शहा ण्याना मातोश्री
1518,1,एकीकडे काजल लोकांचे दात पांढरे करण्यासाठी अँकर ची करते अन दुसरीकडे अजय देवगण लोकांचे दात रंगवण्यासाठी विमल खायचे सल्ले देतोय
1519,1,हेल्मेट बायको चा स्वभाव एकदम सेमटूसेम डोक्यावर फिरलं तरच जीव वाचतो
1520,-1,चक्रीवादळाचा पहिला फटका ह्यालाच बसला अर्धे पत्रे उडून गेले
1521,1,शाहरुख कोई भी धंदा छोटा बडा नही पुणेकर येना मग सारसबागेत गजरे विकायला
1522,1,सायांनी विनवून बी कावळा घास खाईना तवा म्हातारी म्हणाली खावा वै खावा पुढल्या जन्मीबी तुमचीच बायको हुईन अन् तुमच्या पिण्याला कधीच आडवं नाय कावळा झपकन् घास उचलून बुंगाट
1523,1,पेट्रोल चे रोज वाढणारे भाव पाहून मुलींचे स्वप्न पूर्ण वाटतं त्यांच्या स्वप्नातला राजकुमार घोडयावर बसून
1524,1,प्रेयसीच्या मिठीत झोप लागली प्रेयसीच्या मिठीत झोप लागली बायकोने बघितलं डायरेक त जाग
1525,1,आंघोळ करताना रोज भिजलं फ़क्त पावसातच येतं चिंब पुढचं सुचत टिंब टिंब टिंब
1526,1,नाशिकमध्ये माणुसकीला काळिमा फासणारी घटना घडली पावसात चक्कर येऊन महिला पडली मैत्रिणी फक्त बघत राहिल्या
1527,-1,बायकोला कानाखाली मारली जज ने रूपयाची शिक्षा सुनावली गण्या जज साहेब अजुन कानफडीत मारू जज गण्या सुट्टे नाय साहेब ची नोट हाय जज वाजव कि मगं
1528,1,ऑफिस मध्ये बॉस ने कर्मचा यास कोपरापासून हात जोडले कारण कर्मचायाने बॉस ला फक्त विचारले महिन्याचा पगार पगाराबरोबर मिळणार वेगळा मिळणार
1529,-1,येरे येरे पावसा खाते पैसा पैसा खाऊन गेला वाहून पहिल्या पावसाच्या हार्दिक शुभेच्छा
1530,1,लग्नात नवरी ने घेतलेला उखाना लाल मणी तोडले काळे मणी जोडले गणेश रावांसाठी सात जण सोडले नवरदेव भर लग्नातून ऊठून पळाला
1531,1,जन्म मृत्यु देवाच्या हातात हातात फ़क्त मोबाइल
1532,1,मन्या जरा उंदीर मारण्याचे औषध देता मेडिकलवाला घरी जाणार मन्या इथेच खातो घरी जाऊन उंदराचा मुका घेतो
1533,1,भरून पाऊस वर आभाळ दाटले पाहुनी दृश्य मनोहर आम्ही वाईनशॉप गाठले चारोळी नव्हे दारोळी
1534,1,पावसाची फक्त टेस्टींग चालु कि सगळ्या छिद्रान मधुन सारखे पाणी पडत शेतकऱ्यांनी आगाऊपणा करुन पेरणीची घाई करु नये हुकूमावरुन इंद्रदेव
1535,1,माणसे प्रेम करण्यासाठी असतात पैसा वापरण्यासाठी असतो हल्ली गडबड पैशावर प्रेम जाते माणसे वापरली जातात
1536,-1,खरं भाऊ
1537,1,नातू आजोबा तुम्ही लाईफ इन्शुरन्स काढला पुणेरी आजोबा गेल्यावर तुम्हाला खरोखरं दुःख व्हावं म्हणुन
1538,1,हवामान खात्याचा अंदाज माहेरी गेलेली वादळ २४ दिवसात धडकणार सावधान
1539,1,मुंबईचा पाऊस प्रेयसीच्या बापा भावा सारखा कधी येऊन टपकेल धो धो आपल्याला धुउन निघून जाईल सांगता
1540,1,नाशिकचा पाऊस दरोडेखोर एकदा पडला अख्खा सराफ बाजार भांडी बाजार लुटून नेतो
1541,1,अडचणी असतातच महान लोकांच्या जीवनात राम वनवासात कृष्ण कारावासात कामावर कशाला गेलो असतो अखिल भारतीय घे डबा जा डुटीला संघटना कामात जीव रंगला
1542,1,अचानक आलेला पाऊस बायको नवऱ्याचा हात धरून गच्चीत आणी म्हणाली तूम्ही चिमटे काढा कपडे काढते
1543,1,एकवेळ बीजेपी काँग्रेस एकत्र नांदतील पाऊस कधीच
1544,-1,अरे बाप रे सरकार कोसळलं
1545,1,मुलगा मैनफोर्स दया केमिस्ट तु सदू चा मूलगा ना रे मुलगा दे तु साल्या सदूलाच पाहिजे
1546,1,बिअर संपून व्हिस्कीचा खप वाढला पावसाळा व्हिस्की वरून रमकडे कल वळला धोधो पावसाळा रम वरून परत बिअर चालू पावसाचा परतीचा मार्ग खरं ऋतुचक्र बाकी हवामान खातं कावळ्याचे घरटं वगैरे सगळे थोतांड
1547,1,रावण नंतर जर कुणाला ताकदी वर घमेंड असेल एयरटेल वाली मुलगी
1548,1,बेवड़ा मंदिरात देवानेहमी माझ्या बाजूला दारू सुंदर मूली असु दे देवाने प्रार्थना ऐकली बेवड़ा डांस बार मधे वेटर
1549,-1,खुप वेळ वाचायचा प्रयत्न करतोय जमेनाबघा कोणाला जमलं
1550,1,आगरी ने चायनीज चे दुकान उघडलेते च्या बाजूला त्याने दुकानाचे नाव ठेवले सांगा
1551,-1,ओन्ली इस्लामिक फोबिया
1552,-1,लोक स्वतःला विद्वान लेखक ब्लॉगर समजतात यांची पात्रता प्रश्न पडतो कारण पहिल्या कॉमेंटमध्ये व्यंग
1553,1,वटवाघुळ जेव्हा उल्टा लटकतोतेव्हा त्याला वाटतं त्याने धरती पलटी बसअसेच मागच्या वर्षात मोदी सरकार मधे
1554,1,चा डायलॉग किस तलवार पे सर रखु बता दो मुझे इश्क करना अगर खता है सजा दो मुझे आमच्या इथल्या पोरी घरच्यांनी पकडलं म्हणतात पप्पा हाच माझ्या मागे लागला
1555,-1,देशात मोदी लहर लहर चालत
1556,-1,फक्त तुझ्याचसाठीनई प्रपोज स्टाइल
1557,1,प्रिय पंतप्रथान कृपा तुम्ही पेट्रोलच्या किमती करा त्याबदल्यात तुम्ही करोडो रुपयांचे घोटाळे चालतील कारण घोटाळ्यांचा आमच्या वर जास्त परिणाम पेट्रोलच्या वाढलेल्या किमतीचा होतो
1558,1,चे फक्त पॉईंट्स दोन्ही मिळून पाॕईंट्स दोघं मिळून फायनल खेळण्याचा सुप्रीम कोर्टात दावा कर्नाटक इफेक्ट
1559,1,मुंबई इंडियन्स च्या फॅन्स साठी खुशखबर मुंबई इडियनस् अजून फायनला येऊ शकते मँच बघायला टाळ्या वाजवायला
1560,-1,प्रकाश जावडेकर यांचे मोदींविरोधात बंड पेट्रोल दरावरून साधला निशाणा मोदींना जावडेकरांचे आव्हान भाव निम्मे होऊ शकतात
1561,-1,काकांनी मारला अगदी अचूक
1562,1,महिला फोनवर हॅलो आरती बोलते पुणेकर बोला बोलामी टाळ्या वाजवतो
1563,-1,घरात येतो जेवायला
1564,-1,तुम्हा लोकांना पेट्रोल ची पडली फक्त आमदारखासदार किती महाग
1565,1,आळशी लोकांकरिता टिप सकाळी ला उठा परत झोपुन जा चांगली झोप येते
1566,1,ड्राइवर लेस गाड़ी इथे भारतीय लोकं चिंतित कारण एक्सीडेंट झाल्यावर फोडायचे कुणाला
1567,1,कुणीही बेरोजगार इथे सर्वजण मनापासून करतात ट्विटर फेसबुकवर
1568,1,मोदीच्या नसीबाने पेट्रोल वर गेले मोदींचे नसीब म्हणतो
1569,-1,जेव्हा आंघोळ करताना साबणाचा फेस डोळ्यात जातो तेव्हा पाणी शोधताना तुम्ही
1570,1,पाकिस्तानात लोकं जेव्हा गूगल वर फादर लिहून सर्च करतात उत्तर भारत येतं
1571,-1,चर्चेचे वैचारिक मुद्दे नसल्यावर लोकं शारीरिक जडणघडणी वर घसरतात शाररिक व्यंग शोधतात तेच लोक्स स्वच्छ चरित्रे राजकारणात शोधत असतात
1572,1,आमचा एकही आमदार खासदार निवडून नसला झालं भाजप चे कर्नाटकात सरकार बनले याला म्हणतात कर्तबगारी राजभक्त
1573,1,हर्षदा खानविलकर काल मोठी उपदेशाचे डोस पाजत जाऊन त्याच चिपनिस भंगारपुरे टिम च्या बाजूने खेळतेय
1574,1,माझे ढसाढसा रडले जेव्हा विचारले महीन्याचा पगार हया महिन्यात मिळेल
1575,-1,चे आर्डर ऐकल्यावर करताना येदियुरप्पा
1576,-1,हेच राहिले बघायचे
1577,1,पुणेरी विनोदाचा कहर हनी सिंगच्या मोठ्या भावाचं नाव ज्येष्ठ मध
1578,1,खासदार यांना विनंती कि करोड़ मिळाल्यावरच ला समर्थन द्या आमचे अजुनही मिळाले नाहीजनता
1579,1,नवरा बायकोचे भांडण होतं बायको तावातावाने भांडून म्हणते आत्ता घर सोडून जाते नवरा म्हणतो हट् शिवसेना कुठली
1580,1,काँग्रेस पुणेरी चाललीये आमची कुठेही शाखा
1581,-1,हेच बघायचं बाकी होतं आजकालच्या फोटोशूटचा नाद करायचा
1582,1,प्रत्येक माणसाच्या आत लपलेला पेंटर असतो जो भिंतीवर मुततानाआपोआप बाहेर येतो
1583,-1,लिहिताना व्यंग चा डोस जास्त झालाय चित्रपटात असं नक्कीच नाहीये काल प्रश्न मला पडला ज्यांनी बघितला त्यांनी शंका दूर केल्यात
1584,-1,चित्रपटातले बघून व्यंग कमेंट असं कळतंय डोस जरा जास्त इतकंच
1585,-1,परत तेच तुमच प्रकार
1586,1,वादळांनो जरा औक़ातित रहा आठवड्याततीसऱ्यांदा चड्डी गायब
1587,1,शॉपिंग करताना मुली एवढी घासाघीस करतात कि बाहेर उभा असलेला पुतळा बोलतो ताईआता रहम कर सेठजिंचा जीव घेशील
1588,1,मित्र उद्या वर्षाचा होईन मला वाटतं कुत्रयांच् आयुष्य एवढे असु शकते
1589,1,आई जा जाऊन आराम दे डोक्याला कि डोळ्यांना आई मेल्यात्या फ़ोन ला
1590,-1,छान असच रस्त्याने वाचत वाचत खूप शिकता
1591,-1,मला मराठी येते
1592,-1,हो सोबत सोबत
1593,1,पुण्यात शनिवार वाड्याच्या सुरक्षारक्षकाच्या पदा साठी प्रश्न तुला इंग्लिश येतं पुण्याच्या उमेदवाराचा प्रतिप्रश्न चोर इंग्लंडहून
1594,1,वर्षांपासुन जेल मधे होतो मला माझ्या नोटा बदलून द्या छगन भुजबळ
1595,1,चहा घेणार नाष्टा घेणार नातेवाईक घेतल्यानंतर तुमची घेणार
1596,-1,फोन हरवलो सापडलो दिसता गावाक नाय
1597,1,येदीयेरुअप्पा रेड्डी सारखे भ्रष्ट लोकां बरोबर भ्रष्टाचार वर फेकण्या साठी खरच इंच ची छाती लागते रे बाबा
1598,-1,जेव्हा पासून तू बसली आहेस माझ्या डोळ्यांवर काँचबिंदु मला
1599,1,स्वतःला चांगला माणुस बनवून घ्या जगातुन वाईट माणुस होईल आपोआप
1600,1,एज सर्वेतुन भारतीयांना पूर्णपणे विश्वास मोदी जेव्हाही बोलेल खोट चं बोलेल
1601,-1,म्हणतो रविराजजींमध्ये अनघमध्ये व्यंग ची स्पर्धा लावावी जज प्रियमला करावा
1602,1,उमेदवारांची पळवापळवी निकालानंतरची घोडेबाजारी इत्यादी अनिष्ट प्रथा थांबविण्यासाठी च्या धरतीवर उमेदवारांचा लिलाव करण्यात यावा विजेत्याचा फैसला कुस्ती झटापटी विटीदांडू स्थानिक खेळामधून घ्यावा यातून घोटाळा थांबवता येईल
1603,-1,कुणी सांगेल चुकिवर पर्दा टाकन्या साठी कुठे मिळेल किती मीटर घ्यावे लागेल
1604,-1,जो पर्यन्त वादळबायको पर्यन्त शांती शेजारिणला बघून घ्या
1605,1,ह्यावर्षी लग्नपत्रिका इतक्या आल्या पुढच्या वर्षी लोकसंख्येवर ताण पडण्याची शक्यता
1606,-1,सारखं सारखं व्यंग सारख्याझम
1607,-1,मित्र रे तू पांचट जोक्स मारत असतोस सारखे सारखे तसं केलं सारख्याझम ना वाढणार माझं येड्या
1608,1,लोकं जानू साठी गिफ्ट शोधत फिरतात मि इथे गिफ्ट जानू शोधत फिरत
1609,-1,त्याच्याकडे गाड़ी बंगला पैसा आई फक्त डोकं सांगा पाहू कोण
1610,-1,त्रिपुरा चे लोकं खुप खुश त्यांना वाटतं आपला सीएम खुप हुशार पुढे जाऊन नक्की पीएम
1611,1,कधी कधी वाटतं सारं जग विकत टाकू शिपिंग चार्जेस मधे येतात
1612,1,कधीही प्रपोज़ कारण मैथ्स चा स्टूडेंट होतो फक्त नेहमी सपोज खुश राहायचो समजा माझी
1613,1,आयुष्यात भरपूर चुका केल्यात रिजल्ट यायच्या आधी पुस्तक कधीच विकले
1614,1,मुलीचा बाप मुलगा करतो मुलाचा बाप पायलट मुलीचा बाप कुठल्या एयरलाइन्स मधे मुलाचा बाप लग्नात ड्रोन उडवीतो
1615,-1,२०१८ वर्षामध्ये लपलेला सर्वात छान संदेश २ शब्द गोड बोलुन बघा ० तून विश्व निर्माण करा १ मेकांचे नाते चांगले जपा ८ ठवणीत राहील बोला
1616,1,अगोदर जेव्हा ब्रेक अप व्हायचे लोकं पत्र फाडायचे आताहिम्मत असेल मोबाइल जालुन दाखवा
1617,1,गुरुजी भारत सोडा आंदोलन मधे सामिल लोकांची नाव सांगा बंड्या ललित मोदी विजय मालया मेहुल चोकसी नीरव मोदी
1618,-1,कसले कहर करतात लोकं
1619,-1,अश्याने दुनिया लवकरच संपणार
1620,1,सत्यवचन सगळीकडे लग्नाअगोदर नवरीकडचे नवऱ्या मुलाची चौकशी करतात मुलगा दारू पितो लग्न झाल्यावर साले विचारतात दाजी तुमचा ब्रँड कोणता
1621,-1,इथे व्यंग मिश्किल थोडासा आगाऊच असणारा ट्रोलशिरोमणी प्रत्यक्षात मितभाषी सेन्सिबल आपला तांबडे स्वभावानुसार खरा गुलाबी वर गैररसमजाचे चटके सोसून रापल्याने तांबडा झालाय मित्रवर्य वाढदिवसाच्या हार्दिक शुभेच्छा
1622,-1,कोण नाय कोणचा फक्त डाळ भात लोणचा
1623,-1,जेव्हा एखादी मुलगी तुम्हाला ब्लॉक करते तेव्हा समजून जा कि तिने तुम्हाला सणसणीत ऑनलाइन सैंडल मारली
1624,1,मेडिकल स्टोर मधील पाटी आम्हाला आमच्या औषधांची माहित तुमची कृपया उधार मागु नये स्थळ पुणेच
1625,-1,व्यंग मस्त बोललात आपण खडूचं नव्हतं माझ्या लक्षात आलं एपिसोड बघताना
1626,1,लग्नाचा पहिल्या रात्री सुहागरातदुधाचा ग्लास वगैरे फक्त पिक्चरमधे दाखवतात आपल्याकडे पहिल्या रात्री फक्त आलेल्या आहेराची टोटल मारतात
1627,1,कमाल लोकं आजकल खुश कारण त्यांचा चेहरा कुणा कुणा सेलेब्रेटी शी जुळत कि त्यांच्या बापाशी
1628,1,भारतातील सर्वात मोठा जोक कायदा सर्वांसाठी एकसमान
1629,-1,ख्रिस गेल चा शिवसेनेत जाहीर प्रवेश जय महाराष्ट्र
1630,-1,ज्यांचे लग्न आहेत्यांच्या करिता
1631,-1,ला आवरा
1632,-1,अरे देवाहेच रहे बघायचे
1633,-1,दगड कुठे घालु सांग हार्दिक पांड्या
1634,1,कधी कधी वाटतं मोबाइल स्वतः साठी नव्हे चार्जर साठी आणले
1635,-1,अश्या लोकां मुळे मधे कॅश मिळत
1636,-1,किराणा समान घरी जाताना अमिताभ बच्चन जी
1637,-1,मूली बदला घेणारच
1638,1,बाबा माझे मित्र ला ट्रिप ला मलाही जायचे बाबा फोडेन परत विचारले
1639,1,भारत वैवाहिक जोडीदार अपेक्षा पुरुष दिसायला विश्वसुंदरी सारखी असावी कामाला मोलकरणी सारखी स्त्री कमवायला अंबानी सारखा असावा वागायला मनमोहन सिंग सारखा
1640,-1,लोपा तूला माहीत
1641,1,मितरोंमागच्या खिशात पर्स ठेवल्याने माकड़ हाड़ वाकडी होऊ शकते मला भारतीय लोकांच्या प्रकृति ची खुप काळजी वाटते मि एटीएम मधे पैसे ठेवू नका सांगितले बँकेला मोदी
1642,-1,ओ हो हो बुद्धिमत्ता व्यंग ब्रिटिश ला लाजवेल एखाद्याच्या अज्ञानातून वक्तव्या वर आपली खर्च करण्या पेक्ष्या एखादा दर्जेदार चित्रपट बनवण्यावर करा मराठी चित्रपटांना चांगले दिवस दिसतील
1643,-1,सासु सुण मधे कडाक्याचे भांडण सुरु सासु घर तुझ्या आईचे सुण घर तुमच्या आईचे
1644,-1,मला वाटलं बेटी बचाओ नारा चेतावनी निघाली
1645,1,बहुतेक कुत्र्यांना माहित पडले सुई च्या जागी फक्त सुई देतात तेव्हापासून साले चावत फक्त पळवतात भरपूर
1646,1,गुरुजी भारताचे ऐतेहासिक वास्तुचे नाव सांग बंड्या ताजमहाल गुरुजी सांग बंड्या चार मीनार
1647,1,डॉक्टर तुला निमोनिया चा कधी त्रास बंड्या हो डॉक्टर कधी बंड्या जेव्हा गुरुंजीनी निमोनिया चे स्पेलिंग विचारले
1648,1,मला ची मुले आवडतात संडास ला जातानाही एडिडास चे टमरेल जातो
1649,1,प्रेम लग्नानंतर पाहिजे कि लग्नागोदर कधी करा फक्त बायकोला कळता नये
1650,1,चहावाल्याचं दुकान फक्त साखरवालाच बंद करू शकतो शरद पवार
1651,1,कटिंग चहा बरोबर गिल्ड फ्लैक भारत बंद बरोबर शासकीय बस नेहमी पेटवले गेले
1652,1,आरक्षण ने भीति वाटत साहेब भीति आरक्षण ने तयार झालेले डॉक्टर गुरुजी ची वाटते
1653,1,खबर कि विजय मालया च्या लग्नात बूट चोरीचे प्रथा बैंक वाले पार पाडणार
1654,-1,गजरा लावणाऱ्या मुलींचे दिवस गेले मित्रांनो फक्त चुना लावणाऱ्या भेटतात
1655,1,कधी दिल्ली बंद कधी भारत बंद कधी बंद कधी बंद हिम्मत असेल स्वताचे बायकोचे तोंड बंद दाखवा
1656,-1,काँग्रेसमुळे देशात लोकशाही टिकली नाना पाटेकर चला नानाला पाकिस्तानात पाठवायची तयारी करा व्यंग
1657,1,मुलगी तुम्ही मला लीफ्ट तुम्हाला माझा मोबाईल नंबर देईन मुलगा जीथे जायचे तीथे सोडेन नंबर वैगेरे राहू दे फक्त रुपयाचे पेट्रोल टाक ताई महागाईने मुलाना सज्जन बनवले
1658,1,खुशखबर पुरुषांसाठी ब्लडप्रेशर वर घरगुती इलाज शेजारणी बरोबर २०मिनीट बोला घरवाली बरोबर फक्त ५ मिनीटचं बोला
1659,-1,चं लग्न होईल माहित सासुरवाड़ी ला नक्की गेला
1660,1,मुन्ना भाई पिक्चर मधे जेल मधे संजय दत्त ला बापू दिसलेले ला जेल खरोखर बापू दिसणार आसाराम बापू
1661,1,धन्यवाद भाऊ चालू दंगली वरुनदेशाचे लक्ष स्वतः कडे ओढूंन घेण्याकरिता
1662,1,इतिहासात पहिल्यांदा काळविटाने टाइगर ची शिकार
1663,-1,टुडे ऐश्वर्या विल गीव डीपथ्रोट
1664,1,मोदी राज मधे जॉब भेटणे तेवढेच अवघड जेवढे जुन्या पिक्चर मधे साक्षीदारला कोर्टापर्यंत जाणे
1665,1,विजय माल्या पहिला बाप जो घरातून पळून जाऊन लग्न करत
1666,1,आताच्या लेकरांना आठवणीत ठेवण्यासाठी बदाम वगैरे खाऊ घालतात आपला काळ बरा रट्ट्यात सगळं आठवत होतं
1667,-1,क्लासवाले लई बेकार व्यंग लोकांनाच देतील जाहिराती करतील यासाठी पुण्याला व्हावं म्हणतोय
1668,-1,सोसलं जायचा विषय मित्रा रोज सकाळी उठून शुभेच्छांची जंत्री वॉटस्अॅपच्या दारात टाकणाऱ्यांमुळे बाधित होऊन टाकलेला ट्विट व्यंग वाला तुला उद्देशून अजिबातच नव्हता
1669,-1,मला वाटतंय मंत्रालयात चहाचा घोटाळा झालाच नसेल कारण जर एखाद्या विशेष माणसाला मुख्यमंत्र्यांची भेट मिळायला ३ ३५ तास वाट पाहावी लागत असेल माणूस वाट पाहत पाहत २ कप चहा आरामात पीत असेल करतो मला माहित वाघ चहा पितो
1670,1,शाळेत मुलगा सर थोड़ा मुतुन येऊ सर पूर्ण मुतुन घे उरलेल्याचा जलजीरा बनविणार गधडया
1671,1,सकाळी वर वाचत आईन जवळ येऊन विचारल कोणाशी बोलतेयस लाजून म्हंटलीतूझा जावयाशी खाणकनि काना खाली बसली ना राव म्हणायला वेळ नाय भेटला पोरीला
1672,1,अण्णा हजारेंचं बालपण परतून आलंय खायचं प्यायचं नुसता हट्ट चालवलाय
1673,1,जिवनात पैसा येतो निघून जातो मित्र येतात निघून जातात ढेरी पुढे येते जातच नाय
1674,-1,झुक्याचा बी जे पी त प्रवेश डाटा लीक अटक टळली
1675,1,घरामध्ये ३ प्रकारची माणसं राहातात कष्टाळू बायको कष्ट टाळू मुलं कसं टाळू नवरा
1676,-1,फक्त मुंबई इंडियन्स
1677,1,भारताची लोकसंख्या एकाच गोष्टीने रोखली शाळेची फी
1678,1,महाराष्ट्रात प्लास्टिकवर बंदी आई शपथ एसटी मधून जाणारे ओकणार कशात कापडी पिशवीत
1679,-1,अफवा कोणी पसरवली मंत्रालयाच नाव बदलून सुसाईड पॉईंट ठेवणार म्हणे
1680,-1,येतांना दुकानातून सामान
1681,-1,साहेब जी अजून साठी अभ्यास करायला गुजरात ला गेले व्यंग
1682,-1,फेयरवेला जायचा वेळी मित्र यार शर्ट चुरगल्ल इस्त्री करायची हो मग करुण घे इस्त्री व्यंग
1683,-1,मन्याजरा उंदीर मारण्याचे औषध देता मेडिकलवाला घरी जाणार मन्या इथेच खातो घरी जाऊन उंदराचा मुका घेतो
1684,1,महाराष्ट्रामध्ये कुठलाच व्यवसाय कि चालणार एखाद्याने साप विक्रीचं दुकान जरी टाकलं घेण्यासाठी लोकं गर्दी करतील म्हणतील घे घे शेजाऱ्याच्या घरात सोडता येईल
1685,-1,प्रत्येक कुत्रा गल्लीत वाघ असतो
1686,-1,आलरेडी फॉलोइंग
1687,-1,पुरुषांनो उदास होण्याची गरज आपला दिवस मे कामगार दिवस
1688,1,कुशल बद्रिके सागर कारंडे भाऊ कदम यांना देखील महिला दिनाच्या शुभेच्छा
1689,-1,असतील तुझ्या भावना दुखावल्यात इग्नोर करायचा असतं आपल्याकडे व्यंग समजत
1690,1,आमच्या वाघासारख्या मित्रांना जन्म देणाऱ्या तमाम आईसाहेबांना वाघाची शेळी बनवणारया तमाम वहिनीसाहेबांना जागतिक महिला दिनाच्या हार्दिक शुभेच्छा
1691,-1,चंद्राबाबूंचा तेलगू देसम पक्षाचा भाजपाला तलाक सत्तेला रामराम शिवसेना अजुन गु खात एनडीए चं
1692,-1,म्हणतील तुम्ही अवधूत गुप्ते वर अडून राहा
1693,-1,पेशव्यांसारख्या वाईट ब्राह्मणांनी उभारलेल्या वास्तूची काळजी घ्यायची अजून पटांगण ना
1694,-1,खुप वेळा पासून बायको बाथरूम मधून बाहेर नवर्याने सहजच दार ठोठावले आतून जोराचा आवाज अजुन जीवंत मेल्या
1695,1,खूपच वाइट पारिवारिक समस्या श्रीमान ला मान श्रीमती ला मती
1696,-1,जेव्हा सुट्टी मागतो तेव्हा बॉस
1697,-1,जेव्हा उधार दिलेले पैसे मि परत मागतो तेव्हा मित्र स्माइल देतो
1698,1,अगोदर माझा गुडघा फार दुखायचा नीट चालता नसायचे मग बैंकेकड़ून मोठे कर्ज घेतले पळू शकतो
1699,1,घाबरायचं कारण कारण आपण श्रीदेवीसारखं जाणार कारण आपण आपलं बादली मगानेच अंघोळ करतो बाबा इथं आमच्याकडे बाथरुममध्ये नुसता तांब्या पडला १० जण बाहेरुन विचारतात’काय झालं रे
1700,-1,आजही घुंगराचा आवाज ऐकला पावले आपोआप तिकडे वळतात नवनाथ रसवंती गृह खरंच उन्हाळ्यात ऊसाच्या ताज्या रसाला तोड
1701,-1,संदर्भ जोडू नये
1702,1,आपण मराठी दिन सुद्धा इंग्रजी कॅलेंडर नुसारच साजरा करतो
1703,-1,ट्विटरवरच्या विडंबन व्यंग साहित्यातलं प्रसिद्ध नाव तांबडेबाबा चेतनच्या मनातील विचारांचा सार ब्लॉग रूपाने तुम्हाला इथे वाचता येईल
1704,1,लक्षात ठेवा बॅकेत बांधलेले पेन तेथेच करोडो रुपये देशाबाहेर गेलेत कारण लक्ष्मी चोरता येते सरस्वती
1705,-1,देशात जी बाई नवऱ्याला सतवतात त्यांना शिक्षा जाते
1706,1,उद्या आशिष नेहरा वेंकटपथी राजूची मुलाखत घेणार विषय विराट कोहलीच्या बॅटिंगमधील चुका
1707,1,कर्ज कसं बघा श्रीमंताला झालं देश सोडतो शेतकऱ्याला झालं देह सोडतो
1708,1,आजकाल बैंकवाले एवढ्या सहजतेने विचारतात जर त्यांना विचारले कि लोन घ्यायचे विचारतात फ्लाइट कधीची
1709,1,नवऱ्याचे वडील मुलगा फॉरेनला नवरीचे वडील अरे देवा कुठली बँक
1710,-1,चायला जन्म फुकटच गेलाराव ना बाबा बनू शकलो ना बैंक फ्रॉड करो शकलो वरुन देवाने दगड़ा सारखे दिले कि हळतही
1711,1,पाण्यात बसलेली म्हैस सिरिअल बघायला बसलेली बाई कधीच लवकर उठत
1712,1,समजत कि विदेशातून पैसे कारण येणारा मोदी जाणाराही मोदी
1713,-1,शोले स्टाईल
1714,1,रुपये के पेन ला दोरी ने बांधून ठेवणारी बैंक कोटि बुडवून बसली
1715,1,मोदीचं स्वप्न पूर्ण पंजाब नॅशनल बैंक कैशलेस
1716,1,कालच पुण्यातील पत्रिका पाहिली आहेर बाहेर
1717,1,पुणेकरांशी वाद घालायचा असल्यास खालील नियमांचे आकलन आवश्यक पुणेकरांचे बरोबर असतेच पुणेकरांचे बरोबरच असते पुणेकरांचेच बरोबर असते जनहितार्थ जारी
1718,1,ललित मोदी निरव मोदी दोघे देश सोडून पळून गेले तिसरा येऊन जाऊन करतो
1719,1,मुलगी लाडातफोन वर सकाळी सकाळी बॉयफ्रेंडला रे डुकराच्या पिल्ल्या ला समोरुन उत्तर आलं पिल्लू आंघोळीला गेलयं डुक्कर बोलतोय
1720,1,१३ तारखेला म्हणे हग डे १२ तारखेला रात्री झोपतांना चमचे गंधर्व हरितकी चूर्ण भांडंभर पाण्यात घालून पाणी पिऊन झोपा १३ तारखेला हग डे जोरात साजरा आपला आयुर्वेदाचार्य
1721,1,कमळाला कोणतेही फळ म्हणुन कमळा कडून कुठल्या फळाची आपेक्षा करू नए
1722,-1,राजपूतांनो पद्मावत मधला खरा खलनायक कोण अल्लाहुद्दीन खिलजी कि राघव चेतन व्यंग
1723,-1,घोटाळे भ्रष्टाचार हरामाच्या पैशावर पोसलेले जीव दुसर्यांकडे घोटाळ्याचा जाब मागतात तेंव्हा व्यंग कुठेतरी गुदमरून मरत असेल नक्की
1724,1,लग्न यामध्ये सारखेपणा सांगा बरं मिनिटात बारा वाजतात
1725,1,प्रत्येक उद्या वर ढकलण्यापेक्षा कामं परवा वर ढकला उद्याचा लोड होईल
1726,1,शेक्सपिअर बोलून गेला नावात बरोबर सगळं आडनावात
1727,1,पेट्रोल कितीही महागले मोदीजीनांच मत देणार भक्त सायकलवर टांग टाकून वेगाने निघून गेला
1728,1,लोक आयुर्वेदिक असतात इमर्जन्सीत कामाला लोक अलोपॅथी असतात कामाला येतात साईड इफेक्ट आयुष्यभर बाकी मंडळी होमिओपॅथी कामाची नसतात सोबत असली बरं वाटतं
1729,1,देव घरी यावा आटापिटा आपण घरी जाऊ नये म्हणूनही आटापिटा पु काळे
1730,-1,अगदीच खरं
1731,-1,तात्या विंचू चे ओम भट स्वाहा चालेल बाबा लोकांकडून कुणासाठी अपमानास्पद व्यंग
1732,1,डाॅक्टर तुम्हाला मानसिक तणाव तुम्ही करता पेशंट देवळात जातो डाॅक्टर अरे वा ध्यान करता पेशंट हो सगळ्यांच्या चपला मिक्स अप करतो मग मजा बघतो
1733,1,नावाने रिलीज सेन्साॅर बोर्डाला फक्त एवढचं सांगायचं होतं घालू नका
1734,-1,ज्यांनी कधी कोणाची कदर आत्ता कदर करण्याच्या गोष्टी बोलत व्यंग
1735,-1,कुणी सांगेल काएक मित्र खुप दिवसा पासून रुसला त्याला पटवायला कुठल्या कंपनीचे चप्पल बरे पडेल
1736,-1,आजच्या धकाधकीच्या वातावरणात थोडा विरंगुळा म्हणजेच फेसबुक वरील पेजया पेजला
1737,-1,लोकांना व्यंग कळत नाहि इकडे माफिनाम्यावरच अडले
1738,-1,बालिश बुद्धीला चे पंख लावता येतीलही व्यंग समजण्याचं बळ रक्तात असावं लागतं
1739,1,जेव्हा अभ्यास करायचो तेव्हा मार्च घाबरव्याचा कमवतो आहेतरी मार्च घाबरवतो
1740,1,उशीरा सूचलेले विचार रोजगार सोमवार प्रत्येक दिवस रविवार
1741,1,केंद्र सरकार के नवीन आदेश थंडीत आंघोळ केलेल्या व्यक्ति ला जार हात लावले तुम्ही आंघोळ केलेली मानले जाईल
1742,1,आजचा ज्ञान थंडीत आंघोळ करने गरजेचे आंघोळ केलेले सारखे वाटने गरजेचे
1743,-1,बधिर लोकांना व्यंग समजत नाहीत बाता करतात ट्रोलिंगच्या
1744,1,बायको तुम्ही खुप भोळे आहात हो तुम्हाला कोणी सहज फसवू शकत नवरा सुरुवात तुझ्या बापाने
1745,1,मुलगी जर मेले तु करशील मुलगा मरुन जाईन मुलगीलाङात येउन मुलगा तुझ्या नादात एवढी उधारी झालीये फेङणा मुश्कील
1746,1,बायको अहो ऐकलं कां आपले लग्न लावून देणारे भटजी वारले पती ना दिवस त्याला कर्माचे फळ मिळणारच
1747,1,साउथ इंडियन मूवीच्या फाइट सीन मधे एवढी धूळ उड़ते कि मूवी एकत्र पाहिले कि अस्थमा होऊन जाईल बघणाऱ्याला
1748,-1,वादग्रस्त नसतं ज्याला जसं घ्यायचं त्यावर अवलंबून असतं मित्रा तुम्ही केलेलं व्यंग आम्ही केलं वादग्रस्त वक्तव्य व्हय
1749,-1,जाऊ दे तुला व्यंग कळत बघ ह्याच्याकडे
1750,1,बायको लाड़ाने ऐका नामाझी स्किन खुप ऑयली क़ाय लावू नवरा घे वीम बारकाढ़े तेलकट पूर्णपणे
1751,1,बायको प्लीज माझ्याकड़े तोंड झोपा मला भीती वाटते नवरा तुला तुझीच काळजी भले भीतीने मरून जाऊ
1752,1,बायको रागाने मला तुमच्यासारखे भेटतील नवरा हसुन अजुन तुला माझ्या सारखेच पाहिजे
1753,-1,त्यांचा व्यंग चा भाग जो त्यांनी फारच घेतला
1754,-1,ला व्यंग ने च उत्ततर एव्हढ्यावर थांबत असेल बरंच प्रकरण मुद्द्यावरून गुद्द्यावर नंतर गुद्द्यावरून सुरीवर आलं
1755,1,गप्पा मारण्याच्या बाबतीत नंबरला आलाय नंबरला अजून बायकाच
1756,-1,प्रेम कदाचित असच असत एकमेकांचे प्रोफाईल पिक्चर पहात प्रत्येक स्टेटस तुन बहरत असत
1757,-1,म्हणतेय जर खरंच तुम्ही व्यंग च्या नावाखाली मुलींचा मुद्दाम अपमान नसेल पर्यंत माफी कधीच मागितली असती
1758,-1,मला त्यात विशेष वाटलं आम्हांला तेवढं कळतं मस्करी व्यंग व्यंग वरुन अपमान करत
1759,-1,हो बरोबर व्यंग स्वतःला अतिशहाण समजणं बाकीचे बावळट ह्यातला फरक कळायला हवा
1760,-1,व्यंग गोष्टीचा फरक तुला समजला दाखवून तु बावळट नको बनुस
1761,1,नवराबायकोचा कडाक्याने वादविवाद चालू शेवटी तिने त्याला स्पष्ट विचारले तुम्हाला जिंकायचंय आनंदात राहायचंय
1762,-1,भैय्या रे भैय्या
1763,1,बघणारे तेच लोकं जे त्यांच्या लहानपणी तासन तास जेसीबी मशीन ला नाल्याची सफाई करतांना बघायाचे
1764,-1,प्रत्येक बाबतीत कोण चुकीचा बघू नका क़ाय चुकतयं बघा
1765,-1,हाय रे जमाना
1766,1,मराठी भाषचे सौंदर्य पहा कळलेलं कळलं कळलेल्याला कळवलं कळवलेलं कळलं कळलेल्याला कळेल कळलेलं कळण्यासाठी कळलेल्याला कळवले कळलेल्याला कळलेलं कळलेल्याला कळेल कळलं इतर कुठल्याही भाषेत मजा बरं
1767,1,बायको अहो ऐकले नवरा बायको वर्षी हळदी कुंकवाला बायकांना देऊ नवरा माझा नंबर दे
1768,1,विचारु तुम्हाला जे इज्जतीचा प्रश्न आहेम्हणतात किती मार्काचा असतो
1769,1,पुरूष लग्नानंतर देखील विद्यार्थीच असतो बायकोला वाटतं आई बहिणी शिकवतायं आई बहिणींना वाटतं बायको शिकवतेय
1770,-1,किती वेगळी पोज देऊन सेल्फी काढ़ा पोज ला तोड़च
1771,1,महत्वाची सुचना हात धुता कणीक मळली कणीक मळते
1772,-1,किराना दुकानदारास राहिलेले तिळगुळ घ्या अन् मूगडाळ द्या
1773,-1,खूपच खरे
1774,-1,प्रत्येकाच्या वर्गात गुरुजी असतो ज्याला विषया बद्दल काहीही ज्ञान नसते तरीही शिकवत राहतो वर्गाला
1775,1,टीचर तुला ग्रेजुएशन नंतर क़ाय आहेस दिपु सर त्याच्यावर डिपेंड करतं कि शेवटचा कुठला सिनेमा पाहिले
1776,-1,टीचर नी मला शाळेत कधीच कुटले कारण मला माहित होतं कुठल्या टीचर चे कुणा बरोबर लफड़
1777,1,माझे नशीब एवढे कपालकरंटे कि कस्टमर केअर ला फ़ोन लावले फ़ोन मुलगा उचलतो
1778,-1,याला म्हणतात फुल तर्राट तैयारी
1779,-1,कालपर्यंत जणू सैतान वगैरे शौर्यदिन साजरा करत आहोत असं युद्ध जे पेशव्यांच्या नेतृत्वाखाली लढलं गेलं देव सुद्धा कधीकधी फारच विनोद करतो
1780,1,दर्द लाही आधार कार्ड शी जोडून द्या साहेब ज्याला मिळाले त्याला परत मिळो
1781,-1,मुंबई च्या मॉडर्न मुलिनी ने फेसबुक वर पोस्ट लगेच मुलाने लाइक कमेंट हगुन वाटतं
1782,1,माणूस नक्कीच खुप हुशार असेल ज्याने संडासात बसल्यावर एक्स्ट्रा बीड़ी कानावर अडकविन्याची आईडिया शोधून काढली
1783,-1,मुलींना जरी चॉक्लेट बॉय आवडत असला त्याचं लग्न गाय छापवाल्या बरोबर होतं
1784,1,च्या दिवशीआपल्या बायकोचे फ़ोटो पंतग वर लावावे आकाशात तिला उडवून बायकोला बोटावर नाचवण्याचे आनंद घ्या ऑफर फ़क्त मकरसंक्रांति पर्यन्त
1785,-1,व्हाट इज
1786,-1,मोबाईल मध्येे स्पेस नसेल करुन ठेवा तीळगुळा चे लाडु बसले पाहिजे हॅपी संक्रात
1787,-1,लग्न झाल्यानंतर असं नेहमी होतं
1788,-1,हेच प्रेम
1789,-1,चा शोध बहुतेक दादा कोंडकेनी च लावला असेल
1790,1,वेळेस हरवलेले प्रेम परत मिळेल मित्राला दिलेला गाॅगलहेडफोन कधीच परत मिळत आखिल भारतीय पाच मिनिटात परत देतो संघटना
1791,-1,बरोबर
1792,-1,मुलगी पितोस मुलगा मुलगी मुलगा बियर मुलगी मेल्या मग जीरा सोडा सरबत चा
1793,1,माणूस बॉर्डर वर युद्ध करायला गेला तेथून विचार परतला कि बायको घाबरत दुश्मन क़ाय घाबरणार
1794,1,सीए च्या घरासमोर येवून एकाने विचारले साहेब इथेच राहतात बायकोचे आतमधून मार्मिक उत्तर राहतात ऑफिस मध्येच् इथे येतजात असतात
1795,-1,जशि मुस्लीम वोट बँक असते जशी दलित वोट बँक असते तशी मराठा वोट बँक असती नेते पत्रकार राहूलच्या घरी ठान मांडून बसले असते
1796,1,सुखी संसारासाठी टिप्स बायको बोलत असताना शांत रहा बायको शांत असताना बोलू नका
1797,1,नवरा भाजीत मीठ जास्त बायको मीठ बरोबर भाजीच ज़रा
1798,-1,माझे फॉलोवर्स सरकारी शाळेतले पोरां सारखे जे कधी शाळेत रजिस्टर मधे नाव कायमचे
1799,1,स्थळ अर्थातच पुणे नवरा अगं ऐकलस घरी पाहुणे आलेत ना त्यांना जेवणाचे विचार जरा बायको भावजी तुम्ही घरून जेवून आलात घरी गेल्यावर जेवणार
1800,1,पेशंट मला नविन त्रास झालाय दुसरं वाक्य बोललो पहिलं वाक्य विसरुन जातो त्रास तुम्हाला कधीपासून पेशंट कसला त्रास
1801,-1,माणुस फार हुशारी झाडत लोखंडाला लोखंड कापतं हिऱ्याला हिरा कापतो तेवढ्यात मागुन कुञा येतो आणी त्याला चावतो
1802,-1,लहान मुलांच्या डायपर सारखे असते नसेल मिनटानी बघावे लागते किती लाइक्स रिट्वीट
1803,-1,फक्त बनवतो माणसाला स्वतः तयार करावी लागते
1804,1,सगळं बंद फक्त बार चालू कारण बार मध्ये जाती धर्म मानला
1805,1,दिवस साइक्लिंग क़ाय करायला लागलो साले शेजारचे विचारायला लागले कुठला पेपर टाकतो
1806,1,धृतराष्टरागात कुठे होतीस तू सम्पूर्ण रात्र गांधारी मुलांना गुड नाईट बोलायला गेले
1807,-1,थोबाड़ काळे असेल क्रीम लावले जातं कारनामे काळे असेल मोबाइल वर लॉक
1808,-1,आजी लोकं कानात जानवे घालून उभे आजी जानवे इयरफोन घालून उभे
1809,-1,सगळे रे मध्ये कोणी राहिल असेल लिंबू सरबत द्या त्याला
1810,1,सुचना रोज सकाळी फिरायला जाणायांनी जानेवारी दरम्यान फिरायला जाऊ नये दिवशी संकल्प वाल्यांची प्रचंड गर्दी असणार
1811,1,वेटर क़ाय आणू सर दीपू चिकन वेटर कुठली आणू फ्रेंच स्पेनिश अफगानी दीपू कुठली आण मला कुठे गप्पा मारायचे त्यांच्या बरोबर
1812,1,दीपूसाहेब जेव्हा केक खातोतेव्हा मला छातीत जळु लागतं डॉक्टरपुढच्या वेळी पासून कैंडल विझवून केक खात जा
1813,1,ओके जानु बाय फक्त बाय विसरला ना अरे होतुझे बैंक एकाउंट आधार शी लिंक घे मार्च शेवट
1814,1,सोनी सीआईडी मधला दया जर बटाटे खात असेल त्याला क़ाय म्हणाल दयालु
1815,1,ज्या मुलीला शंभर गुड़घे तिला क़ाय म्हणाल सोनी
1816,1,शेजारच्या ने हद्द च राव हसत तुमचे वर एवढे मित्र आमच्या म्हशिला एखादं जोड़ा बघा राव
1817,1,मित्र अरे रामदेव बाबा वाले चे नूडल्स घेतले याला खायचं कसे मित्र नाक बंद दुसऱ्या नाकाने त्याला नूडल्स ला आत ओढ़सिंपल
1818,-1,माझा अर्धा पेग घे किती त्याग शब्दात
1819,-1,स्वप्न काश्मीर घेण्याचे पाहतात यांना भीती भारतीय नारी च्या चपलेने वाटते मोठे
1820,-1,बदाम खाऊन तेवढ़ी अक्कल जेवढी फेक डीपी ने धोका खाऊन येते
1821,-1,अभिव्यक्ती स्वातंत्र्य उफाळून येऊन अमुक तमुक गोष्टीचा त्रास कारणे जातात हिंदू सणांवरील देव देवतांचा उल्लेख करत व्यंग नावाखाली ह्युमर शोधला जातो त्याने कुठल्या हिंदू धर्मीयाची धार्मिक दुखावली त्याने व्यक्त केलीच संकुचित विचारांचा देवभोळा ठरतो
1822,-1,नाताळच्या दिवशी हिंदू धर्म ख्रिस्ती धर्मापेक्षा महान असला आशय असणारे फॉरवर्ड करणारे स्वतःचा किंवा मुलाचा वाढदिवस केक कापून कँडल फुंकून साजरा करतात
1823,1,सर्कसीत मुलीने सिंहा ला किस रिंग मास्तर कुणा कड़े दम जे दाखवेल बंड्या करू शकतो फ़क्त सिंहाला बाहेर काढा
1824,-1,बैलाला दारू पाजू नका झिंगल बैल झिंगल बैल
1825,1,नियमप्रमाणे तेजस्वी तेजप्रताप ला हातावर कोरुन घ्यावे माझा बाप चोर
1826,-1,काळ फ़ोन नाहीस तीअरे माझा फ़ोन डिस्चार्ज कुठल्या हॉस्पिटल मधुन सोडून गेली ना राव मला
1827,1,ट्विटर च्या मुली धुके सारखे असतात नजरेला दिसतात हातात
1828,-1,मधील भारतरत्नचे मुख्य दावेदार
1829,-1,हसणाऱ्या बाइक ला आपण क़ाय म्हणाल
1830,-1,नवऱ्याचं लफड़ माहित पडल्यावर घरी वाट बघत असलेली बायको
1831,1,चुकीच्या नजरेने पाहणार प्रत्येका मुलगी तुम्हाला खराब दिसणार चांगल्या नजरेने पाहाल प्रत्येका सुंदर मुलगी तुम्हाला तुमची वहिंनी सारखी दिसणार
1832,-1,द्रौपदी चे वस्त्रहरण दुःशासन ला पडले भारी द्रौपदी चे वस्त्रहरण दुःशासन ला पडले भारी साड़ी त साड़ी पराग साड़ी
1833,-1,मित्रतुझ्या बायकोचे नाव क़ाय मित्र गूगल मित्र कसे नाव मित्र कुठे जातो मला शोधून काढ़ते
1834,1,माणसाने बोटाने माणसांना वर पोहचवलेकसे क़ाय लिफ्टमैन
1835,-1,मराठी चित्रपटाला प्राईम टाईम मिळत नसेल लगेच मंत्री महोदयांची अपॉईंटमेंट मिळेल पीडितत्रस्त एखादा गेला किमान महिने भेटण
1836,-1,तुमच शारीरिक वय कितीही वाढो मनात लहान मुलांची निरागसता डोळ्यात जिज्ञासा जागी ठेवा जगणं ओझ
1837,-1,माझ्या बायकोचे राशिफल रोज यासाठी बघतो कि माझा आजचा दिवस कसा जाईल
1838,-1,अनुष्काचं कळलं हाय कोली
1839,1,महाराष्ट्रात कितीही ओरडुन सांगितले कि दुकानाचे नाव मराठीत लिहा प्रत्येक पाटीवर इंग्लिश शब्द येतोच उदा स्टेशन स्टोअर सेंटर शॉपीई एकच पाटी मराठीचा अभिमान बाळगुन झळकत असते देशी दारूचे दुकान
1840,1,आजी आत जाऊन लपून जा तुझे गुरुजी नातू तुम्ही आत जाऊन लपा मि त्यांना सांगितले कि आपण वारल्या
1841,-1,मूलं मुलींचा पाठलाग तिच्या घरा पर्यन्त करतात जसे संध्याकाळी तिच्या घरावर वरात च जाणार
1842,1,फूल ग़ुलाबच आवडतय म्हटल्यावर काटे टोचणारच स्टेटस दिसल्यावर समजा कि त्यालातिच्या घरच्यांनी तुड़व तुड़व तुड़वले
1843,-1,नवरा घरातून बाहेर पडताना देवाचे नाव घेवो किंवा घेवो घरात शिरतांना देवाचे नाव नक्की घेतो
1844,-1,गुरुजी सोलर एनर्जी पासून तयार वस्तुचे नाव सांगा दीपू कुंतीपुत्र कर्ण गुरुजी शरपंजरी
1845,-1,तुम्हाला माहित सूर्यग्रहणचंद्रग्रहण चा प्रभाव फ़क्त तासच असतो पाणिग्रहण चा प्रभाव आयुष्यभर राहतो साखरपुड च्या दिवसांपासून सूतक लागून जातो
1846,-1,बस कंडक्टर सर्वांनी टिकट घेतले मागे बंड्या अजुन हातात
1847,-1,गुजरात इलेक्शन ला आमची जब्त झालेली डिपॉजिट रक्कम त्वरित देण्यात यावी अन्यथा सत्तेतून बाहेर पडू
1848,-1,लोक म्हणतात अकड असली माणूस संपतो म्हणतो अकड नसली लोक त्याला संपवतात
1849,-1,बंड्या माझे मोबाइल बिल किती कॉल सेन्टर डायल करा तुम्हाला करंट बिल किती कळेल बंड्या वेडे करंट बिल मोबाइल बिल सांग
1850,1,मालक टाइम क़ाय जरा बघून सांग नौकर मला वाचता मालक घड्याळ बघून सांग लहान काटा मोठा कुठे नौकर दोन्ही काटे घड़यालात
1851,-1,व्यंग किती लवकर ना तू घरी बाहेर खा मग अजून वापर मोबाईल किती लवकर उठलीस झोप झोप फक्त २ वाजलेत दुपारचे लागले घे अजून पैसे आपल्याकडे पैश्यांचं झाड
1852,-1,इथं कोण कसा कोण कसा यापेक्षा लोक करतात तसच मला जमत याचं दुःख मोठं आहेमग मध्ये घुसून फ्लर्ट करणं असो वर पोरगी सोबत बोलणं असोट्रोल करणंखेचणं असोट्विट मध्ये विचार पेरणं असो किंवा काहीही
1853,1,अरे तुझी बायको खुप ओरडायची तुला एवढी शांत कशी आईडिया क़ाय तिला गुटका खायला शिकविले
1854,-1,बीड़ी पिणारे क़ाय कहर असतात राव बंडल मधुन बीड़ी बाहेर काढतात जसे उरलेले बंडल फेकूणच देणार
1855,-1,जर तुमची गर्लफ्रेंड तुम्हाला बाबू बोलवत असेल तिला माहित तुमची लायकी प्यून पेक्षा जास्त वाढणार कधी
1856,1,केदार काका कैलेंडर द्या दुकानदार कुठले देऊ केदार ज्यात जास्त सुट्टी असेल द्या
1857,1,देशात लोकं ट्रैफिक सिग्नल समजत डोळ्यांनी केलेल्या इशारा समजण्या बाबतीत पीएचडी बसले
1858,-1,तसे पाहिले थंडी चा फायदा कि गर्मी बिल्कुल लागत
1859,-1,जर एखादी मुलगी मेसेज रिप्लाई देत ऐसे बिजी होऊ शकतं कि भांडी घासत असेल
1860,1,विचार करतोय दूसरे लग्न घेऊ तसे पहिले लग्न माझे
1861,1,वादळ चे नाव स्त्रीलिंग मधे जसे ओखी कटरीना लीजा लैरी बुलबुलइत्यादि जे तासन तास तबाही करतात पुल्लिंग च्या नावावर फक्त भूकंप जास्तीसजास्त सेकंड फड़फडून शांत होऊन जातो
1862,1,मुलगी भैया सफरचंद कसे दिले भैया चे मुलगी करा ना भैया ठीक चे घ्या मुलगी ओकेद्या
1863,-1,जगात सर्वात जास्त स्वप्न याच गोष्टीने टुटले लोक क़ाय म्हणतील
1864,-1,पासून ठरवले कोणाशी वाद घालायचे एखादा बोलला ना बैल गाभण ठीक बाबा गाभण गाभण कसा कधी तुझं तुलाच
1865,1,स्टोर मधे जर चोरी होताना तुम्ही पाहिले पोलिस तुम्हाला क़ाय समजतील
1866,-1,ने मागच्या मैच आजच्या मैच पुढच्या मैच चे स्कोर आजच घेतले
1867,-1,मला वाटतं मागच्या जन्मी राम दिसले श्रीलंकन फोड़ून टाक
1868,1,खरंच घनदाट धुकं पसरलंय काका स्वतःच्याच बायकोच्या मागे मागे चालत मॉर्निंग वॉक करत
1869,1,विराट च्या लग्नात फक्त पाहुणे आलेले एवढे आमच्या इथे लग्नात रुसुन बसतात
1870,-1,ची खासियत कि लग्न झालेले लोकं मनापासून हसतात
1871,-1,गरीब ताई दुसरीकडे ट्राय कर
1872,-1,बर्थ डे माझा मित्रांनो खाऊन घ्या केक बर्थ डे माझा मित्रांनो खाऊन घ्या केक
1873,-1,जोराची प्रेशर शेतात गेलो लोटा जोराची प्रेशर शेतात गेलो लोटा
1874,-1,निष्ठावान कार्यकता कडीपत्ता कुठलाही पदार्थ बनवताना पहीला फोडणीत घातला जातो आणी पदार्थ खाताना पहीला काढून बाहेर फेकला जातो
1875,-1,बाबा रूम जरा साफ ठेवत जा तरच लक्ष्मी येईल घरात गढ़ध्या तुमचे रूम साफ ठेवत जावा तुमच्याकडे आलीतर माझ्याकडे आपोआप येईल लक्ष्मी बॉम्ब फोड़ून कुटला मला बापाने
1876,1,निवडणूक लढ़वत माझी बायको आम्ही आपसात लढुण खुप खुश आहोत
1877,-1,जे रुपये चे नवीन नोट आलेले साठी फॉर्म वैगेरे भरायचे च्याला हातात अजुन आलीच
1878,1,मुली बायो मधे सिंगल लिहितात जसे कि वर येऊन त्यांचे स्वयंवर
1879,-1,मुलगी जानू हसतांना कशी दिसते मुलगा नंबर वर बटन फिरल्यावर जसे मिक्सर आवाज करतो ना तसे
1880,-1,झोपेत स्वप्न येतो तय स्वप्नात मुलगी येते मुलगीच्या मागे बंदूक तिचा बाप येतो मग झोप येते स्वप्न येते
1881,-1,धुके दाटलेलेउदास उदास
1882,1,माझा कुत्रा ने शटलकॉक खाऊन टाकले खरंच
1883,-1,मित्र बर्थडे कुठला किती केक आणू मित्र आण
1884,-1,साहेब किती हि नाव बदलून तूम्ही तूमचे समर्थक ट्विटरवरील सोसायटी मेंबर्स पाठवले शेवटी दाखवणार मंदपणाच कारण आपल्याकडे व्यंग आपल्याला जमला ट्रोल आपले क्षेत्रच किती हि कार्यकर्ते पाठवा काका मामा नाना बाबा पाठवले चालतील
1885,1,इम्पॅक्टबस मधे एकाने खिडकी उघडी ठेवली खूप वारा मुलगी त्याला म्हणाली प्लीज करता विंडो
1886,1,क्रोमोजोम ला कुठल्या प्रकारचे कपड़े जास्त आवडतात
1887,-1,पवनचक्की तुला कुठल्या प्रकारचे संगीत खुप आवडतं पवनचक्की
1888,-1,कोंबडी भूत ला तुम्ही क़ाय म्हणाल
1889,1,तुम्ही कुरूप आहात तुम्हाला तेव्हा कळतं जेव्हा ग्रुप फ़ोटो काढण्यासाठी कैमरा तुमच्या हाती दिला जातो
1890,-1,पावसाच्या नादात गोष्ट विसराल उद्यासाठी साबुदाणा भिजत घाला उद्या संकष्टी
1891,1,सासरे म्हणतयं वादळ जावाई स्वयंपाक करतयं
1892,-1,मासे सुदृढ़ राहण्यासाठी क़ाय करतात चा वापर करतात
1893,1,आमच्या कडे स्वेटरला प्लॉस्टीक लाऊन मिळेल
1894,-1,खेकडे कनफ्युज परत जून महीना
1895,-1,दिवसांनी ऐकायला मिळेल वादळाची तिव्रता शिवसेनेमुळेच ढग मोजणारे साहेब
1896,-1,मोसम मस्तना गरज नसताना पावसाच्या शुभेच्छा
1897,1,मोदी ने भाषण दिले फ़क्त शेतकऱ्याने टाळी वाजविले मोदी फ़क्त तूच माझा खरा भक्त शेतकरी घंटा भक्त तंबाकू मळतोय
1898,-1,मधे मारामारी मग त्यांचा मधे कोण जिंकतो सांगा
1899,-1,इंजिनिअर लोकांना वादळाचा त्रास
1900,-1,सुट्टीची लॉजिक
1901,-1,मग हिंदी मधे नाव बदलतात
1902,-1,दादासाहेब फाळके भावा
1903,1,आलिया भट्ट सकाळपासूनच संजय दत्तच्या बंगल्याबाहेर ऊभी तिला कोणीतरी सागितलंय दत्तजयंती
1904,-1,मुलगी तुझी लायकी माझ्या समोर उभा राहण्याची मुलगा चल मग झोपुया
1905,-1,लई थंडी काळजी घ्या रे महत्वाचा
1906,-1,लोकांना फॉलो करीन लोकं माला फॉलो करतील ट्विटर पीपल डोकेदुखीपीजे
1907,-1,पडदा मागे डोकेदुखीपीजे
1908,-1,डोकेदुखीपीजे
1909,-1,पहिली तारीखजेव्हा बायकोच्या हातात पगार येतो तेव्हा
1910,1,मुलगी फेसबुक वर स्टेटस टाकते हॅलो फ्रेन्ड्समी मावशी बंड्याने खाली कॉमेंट टाकली कोणत्या हाॅस्पिटलला किती पगार
1911,-1,देवाला पटवायलाच लागणार नाहीतर हातून साधना जायची
1912,1,बैंक ने माझे चेक रिजेक्ट कारण पैसे नव्हते मला समजत जेव्हा बैंकेत पैसे बैंक कशी चालवतात
1913,-1,ऐ ऐक ना मनातल्या मनात प्रेम करतेस तू किलो किंवा टन मधे कर ना
1914,1,मित्र क़ाय रे रडतोयस क़ाय मित्र काल पासून माझ्या मोबाइल एयरप्लेन मोड़ वर ठेवला अजुनपर्यन्त उडाला
1915,1,स्वतःची गुणगान करण्याचेही मुलींकडे रामबाण शस्त्र खुप वाइट ना जानू
1916,-1,संध्याकाळी आपोआप बार कड़े आकर्षित होण्याचा वेध ला दारुत्वाकर्षण म्हणतात न्यूटन च भाऊ पिउटन
1917,1,ज्यांची मंझिल सारखी असते नेहमी लिफ्ट मधे भेटतात
1918,1,मुली वाइट नसतात कुणाची बायको होताच यांच्यावर शनि कसा सवार होतो देव जाणो
1919,1,बायकोचे फ्रिज मधे पाणी भरून ठेवा चे दिवस संपलेच कि गोधड़ी नीट ठेवा सांगण्याचे दिवस आलेलई वाईट रे देवा
1920,-1,बायको आपल्यावर खुपच प्रेम करते वाटत असेल जेवण झाल्यावर एकदा पडद्याला हात पुसून पहा तुमचा सगळा गैरसमज दूर होईल
1921,-1,याले मनते विदर्भवाले गुरुजी बंड्या भारत कधी स्वतंत्र बे बंड्या बाप्पा कवाचाच झोपले तुम्ही
1922,-1,सामान्य जनतेने वर्षाचे लांडगे वर्षाचे लांडगे मधे फर्क शोधणे अव्वल दर्जाची बेवकूफी
1923,1,कमळ चिखलात उगवतो ज्याज्या राज्यात ची सरकार राज्य चिखळ आहेअसे समजावे
1924,-1,अगोदर प्रधानमंत्री म्हटले जायचे प्रचारमंत्री म्हटलं जातं
1925,1,चांगलं कि टीम मधे बॉलर नाहीये ओवर झाल्यानंतरही फेकत राहिला असता
1926,1,मित्र मोदीचं भाषण ऐकले मित्र२ डॉक्टर ने मनाई मित्र मित्र डॉक्टर म्हणालेरियलिटी मधे राहत जा जास्त फैंटेसी मधे राहशील वेडा होशील
1927,-1,आई बाबांना कॉमेडी स्टोरी सांगितली अनुभवाचे बोल लक्षात ठेव नेहमी
1928,1,ठाकरेंनी दिलासत्तेतुन बाहेर पडण्याचा ६८ वा इशारा उध्दव ठाकरेंची शतकाच्या दिशेने वाटचाल
1929,-1,माणूस नाक गळ्याचा स्पेशलिस्ट माणूस अरे वाह कुठल्या हॉस्पिटल ला आहात तुम्ही माणूस एक्चुअली करनी सेना मधुन
1930,1,मित्र क़ाय रे कुठले मंत्र वाचत होतास आताएवढा दम लागला तुला अरे दमात श्रीलंकन प्लेयर चे नाव वाचायचे प्रयत्न करत होतो
1931,-1,आई बाळ पाहुणे घरी जा मिठाई ये आई आईने लय चोपला मला ना राव
1932,-1,खालील प्रमाणे मला आजतागायत मार्क्स कधी मिळाले शाळेत
1933,1,नेहमी उन्हाळ्यात शिमला कुलु मनाली फिरायचं प्लान करतो त्यावेळी खरं मि फ्रीज मधे पाणी भरून ठेवण्याचे करतो घरी
1934,-1,बदनाम होण्यात वेगळीच मजा मुर्खांमुळे फ्री मध्ये प्रसिद्धी मिळते
1935,-1,फोर्टिस हॉस्पिटल मधे चुकुन पादलो डॉक्टर घ्या तुमचे लाखाचे बिल
1936,-1,जनावरांचे शेपुट पडल्यावर कुठे जातात मधे
1937,1,डॉक्टरने ला वाचवायचे बरेच प्रयत्न शेवटी
1938,-1,गोष्ट कि मला दूसरी मिळत गोष्ट कि मला दूसरी कुणीच नको
1939,1,भारतीय महिलांच आपल्याला कौतुक असले पाहिजे उपाशी राहतील तहानलेल्या राहतील गप्प राहतील
1940,-1,आजकाल ची अवस्था कि मुलगी दुसऱ्या मुलीला विचारते ताई तू मुलगीच आहेस ना
1941,-1,आई ज्या मुलीला मिठी मारलीस आवडते तुला खुश होऊन हो आई मग मिठी नदीत जाऊन मर इथे कशाला मरतोयस घरी
1942,1,नालायका किती तू खर्च करतोस रे आवर स्वतःला माझे डेबिट कार्ड
1943,1,घरातले मला प्रेमाने जा सामान येअसे बोलावतात
1944,-1,मित्र क़ाय रे घरी बद्दल बोललास हो मित्र मग घरच्यांनी क़ाय
1945,-1,जर तुमच्या मेसेज ला लगेच रिप्लाई देते मग घंटा क्रश तुमची
1946,1,लग्नात वधुचे फ़ोटो काढल्यावर मुलीचा बाप फोटोग्राफर ला बोलला वधु राधे माँ वधु अजूनही पार्लर मधे
1947,1,घरात राहणार फक्त लोकं टूथब्रश कसे होऊन जातात उमगलेले कोड़े मला
1948,-1,कांदेपोहे प्रोग्राम च्या वेळी
1949,1,नाव बदळण्यात माहिर ने मशीन चं नाव बदलून कमल प्रिंटिंग प्रेस
1950,1,जमीन वर पडलेली सिगरेट ची राख बोलली तुझ्यामुळे माझी अवस्था उद्या माझ्यामुळे तुझी अवस्था असेल
1951,1,पेंसिल सुट्टीत फिरायला कुठे जातात ला
1952,1,तू सर्वात जास्त क्लोज कुणाशी आहेस मोबाइल चार्जिंग पॉइंटशी टुटले रे राव टुटले आपले प्रेम
1953,-1,महाभारतकालीन भारत वर्षाचा नकाशा कुठल्या राज्याला क़ाय नावाने ओळखले जायचे नक्की पहा
1954,1,सकाळी सकाळी मुलगी थंडी ने भयंकर कापत माणूसकी माझ्या स्वेटर तिला दिले हातात स्वेटर फेकत म्हणाली भिकारी नाहीये लग्नाला चाललेय मेल्या
1955,1,आई रागाने बोलली जाऊन जॉइन कर तिथे जाऊन निदान काहीतरी जिम्मेदारी उचलायला शिकशील मेल्या
1956,1,तिला विचारल तू कुणा दुसऱ्याची हसून बोलली पहिले होतेच केव्हा तुझी
1957,1,कोंबडी बाजारात गेली दुकानदाराला म्हणाली अंडे द्या हो दुकानदाराने विचारले तू कोंबडी असूनही अंडे मागतेस कोंबडी म्हणाली आमचे म्हणतात पाच रूपयाच्या अंड्यासाठी तू आपली फिगर बिघडवून घेतेस डोकेदुखीपीजे
1958,1,क़ाय जे सफेद झाड़ा वर चढू शकत कोंबडी चे अंडे डोकेदुखीपीजे
1959,1,शार्क खाऱ्या पाण्यात नेहमी पोहतात मिरी च्या पाण्यात पोहल्याणे त्यांना खुप शिंक येते डोकेदुखीपीजे
1960,1,कुठलेही करताना तय कामाला तुमचे द्या खास रक्तदान करताना डोकेदुखीपीजे
1961,-1,बायको आपण आपले जागा बदलून घ्यायची मि नवरा तू बायको नवरा माझे डोकं खुप दुःखतयं डोकेदुखीपीजे
1962,1,कापऱ्या भाला फेंक खेळाडू ला तुम्ही क़ाय म्हणाल
1963,-1,माझी जेवतेय
1964,1,माझ्या पहिल्या इंटरव्यू मधे मला विचारले तू आम्ही दिलेल्या ब्लू प्रिंट वाचू शकतो बोललो हो कुठेलेही कलर प्रिंट वाचू शकतो
1965,1,ज्या क्षणी मोदीला माहित पडले आलू ने सोनं तयार होतात लगेच त्यांनी अंध मोदी भक्तांना किलो आलू वाटले
1966,1,जर न्यूटन भारतात जन्मला असता बीजेपी वाले पर्यंत चं नाव दीनदयाल उपाध्याय खाली पाड़ा योजना ठेवून दिले असते
1967,-1,डोंगर खरे काहीच पत्थरांची एकजुटता
1968,1,संता हॉटेल मधे गेला वेटर बोला क़ाय आणू संता सकाळी इथे नाश्टा गेलेलो त्यामधे थोडं राहून गेले परत आण
1969,1,शब्द जे पेक्षा जास्त गर्लफ्रेंडबायको वर करतात आजकाल तू खुप स्लिम दिसतेस
1970,-1,लोकशाहीच्या मंदिरात ब्ल्यू फिल्म बघणारे महाभाग हार्दीकची तथाकथित सीडी निदान हॉटेल रूम मधलीच नशीबच व्यंग
1971,1,एवढे आपले तोंड काळे घेऊ नका कि वेस्ट इंडीज वाले तुम्हाला टीम के कप्तान घोषित करो
1972,1,जेव्हा गर्लफ्रेंड नाराज असेल तिच्या आधार कार्ड च्या फ़ोटो लाही टाकायचं
1973,1,कुठल्याही आजारी माणसाचे मजाक कधी उडवू नये हेच बघा दिल्ली ची जनता खोकल्याने त्रस्त होऊनतोंडावर मफलर लावून फिरत
1974,1,छोटे करत मोठे माझ्याशी होतं
1975,1,ग्राईप वॉटर व्हीस्की विथ सोडा वॉटर प्रवास गुटगुटीत वरील बालकांना बालदिनाच्या शुभेच्छा
1976,1,आजकाल च्या मुली एवढ्या स्लिम मुलिंना एकत्र बांधले त्यांचे झाडू तयार होईल
1977,-1,वयाने मोठया आयुष्यात जबाबदारीची विविध मोठी पदे भुषविणाऱ्या मनात तोच खोडकरपणा जपून ठेवणाऱ्या बालकांना च्या हार्दिक शुभेच्छा
1978,-1,अब्बाजान आपण खुप शक करता झीनत आम्ही जीवंत तख्ता वर बसलोय केवल शक च्या जोरावर राजकारणात जीवंत शक केलेच पाहिजे मग कुणावरहि असो औरंगजेब साभारशेहेनशाहनास इनामदार
1979,1,वेळेवर जो उभा राहत त्याला कापून फेकून द्या मोटिवेशनल कोट
1980,-1,बायकोचे सुविचार जर तुम्ही असते आई शपथ मना पासून कूट कूट कुटले असते
1981,1,ग्राहक बिसलेरी ची बाटली जागरुक होऊन बोलला भाई वर रुपये सकट आपण रुपये घेत बोलला अरे शिंच्या प्यायचे पी नाहीतर घेणार रुपये डोकं चावयायचे वेगळे
1982,1,दूधवाले हड़ताल करतात दूध रस्त्यावर फेकतात शेतकरी हड़ताल करतात शेतमाल रस्त्यावर फेकतात देव जाणो बैंक वाल्यांना कधी अक्कल येईल
1983,1,एवढे सुंदर रूप कुठे जाशील दिवस तुला लोकं आंटी बोलणारच
1984,1,द्वापर युगात मिळे दूध त्रेता मधे मिळे घी कली युगात मिळे दारू मग दाबून पी
1985,1,मुले खुप ईमानदार असतात अजुन ऐकलय कि कुठल्याही मुलाने कुण्या मुलीला ब्लॉक
1986,1,मला मुतखडा खूप त्रास कल्याण शिळफाटा रोडने प्रवास आपोआप पडला व्हय लाभार्थी माझं सरकार
1987,1,हप्ता चुकल्यास रुळा सकट ओढून नेल्या जातील श्रीराम फाइनान्स जपान शाखा
1988,1,मराठी बाई मस्तानी चे पूर्ण नाव बंडू सुजाता बाजीराव मस्तानी
1989,1,दिवालीत दिवालीत लाइटबंदी पुढच्या दिवालीत जनताच करणार कमळबंदी
1990,1,कश्यात जास्त बुडावल्यावर टुटायलाच लागतं विश्वास नसेल बिस्किटलाच विचारून पहा
1991,-1,ईट इज नॉट पॉसिबल
1992,-1,नॉट इंटरस्टेड
1993,1,विवाहित पुरूषांकडून बोलले जाणारे सगळ्यात खोटे वाक्य विचारायचे विवाहित स्त्रिया कडुन बोलले जाणारे सगळ्यात खोटे वाक्य यांना विचारावे लागेल
1994,1,थोड़ी सी गुलाबी ठंडी क़ाय पडली माझ्या शहरात कुत्र्यांनी रुपये वही अंडी रुपये टाकली
1995,1,मोदी बोलले कि कुठल्याही भ्रस्टाचारी ला सोड़णार नाहीत खरं बोलेल तेकुणीच सुटला सर्वांनी बीजेपी जॉइन
1996,1,कुठल्याही मुलीशी बदला घेण्याचे सोप्पा उपाय तिला म्हणा तू खुप जाड़ दिसतेस
1997,1,वर त्याच्याशी कधीच भांडु नये ज्याची नेट ची टाइपिंग स्पीड तुमच्या पेक्षा जास्त
1998,1,मोदीजी रोज रोज मधे फेरफार करण्यापेक्षा एकदा वित्त मंत्री बदलून पहा नक्की फरक पडेल
1999,-1,लोणावळा मधे नवरा क़ाय खाणार डार्लिंग सनी लिओनी डोकेदुखीपीजे
2000,1,जर हिन्दू आतंकवाद खरंच असतं कमल हसन लिहिणया अगोदर वेळी विचार असतं
2001,1,बाबा सांग पत्त्याच्या गड्डी मध्ये सत्त्या किती असतात मुलगा नऊ बाबा नऊ कसं मुलगा कारण ९७
2002,1,पुण्याच्या लग्नांमध्ये बुफे डिश घेण्यापूर्वी डाव्या बोटाला शाई लावण्याचा निर्णय झालाय त्याचेही सुटसुटीत नियोजन उजव्या बोटावर आहेर दिल्याची शाई दिसली तरच डाव्या बोटाला शाई लावून डिश देणारेत म्हणे
2003,1,बरं झालं डीएसकेंना जामीन मिळाला रेडिओवर नवीन असती तुरूंगाला तुरूंगपण देणारी माणसं
2004,-1,मोदीने आपला वादा पूरा लाखाची पहली किश्त विजय रूपाणी च्या खात्यात पोचती जय हो
2005,1,यशस्वी स्विकार करा अन्यथा सरकार कशी यशस्वी यासाठी आपले १०००करोड जाहिराती वर खर्च करेल यशस्वी झालीय म्हणा पैसे वाचवा
2006,1,ज्या ज्यावेळी मला यशाची किल्ली सापडली त्यावेळी कुणी येऊन टाळा बदलून गेला
2007,1,इंग्रेजी गुरुजी मुलगा गुरुजी क़ाय नाव मुलगा सूर्यप्रकाश
2008,-1,अन पडली
2009,1,मित्र राव मुलगी आपल्याला पसंत करते क़ाय करू मित्र अगोदर स्वप्न पाहणे बंद कर
2010,1,कुणी च कुणाचा नेहमी एकटाच पिम्पल अरे टेंशन घेऊ नकोस राव नेहमी तुज्या बरोबर
2011,-1,आ ऐवढी मिर्ची कुणी टाकली चिकन हंडी मधे
2012,-1,साल्या अख्खी बियर तू एकटा प्यायलास
2013,-1,तुला हेच म्हणायचे ना पुण्यात चितलेंचे दुकान बंद असतं
2014,1,पत्रिका मुलाची मुलीची नव्हे सासू सूनेची जुळली पाहिजे मग संसार सुखाचाच होईल बिच्चारा मुलगा कशाही परिस्थितीत जुळवून घेतो
2015,-1,जेव्हा अख्खा खानदान तुमच्या वर ओरडतात तेव्हा तुम्ही
2016,-1,आइला अगोदर शब्दांचे गुटखा छाप शायरीने त्रासलेलो शब्दाने माझे अंग मोडून काढणार
2017,1,खेड़यात मूवी डाउनलोड करणाऱ्या मुलाचं माइक्रोसॉफ्ट च्या इंजीनियर पेक्षा रुबाब नसतो हीच गोष्ट अर्थव्यवस्था वर लागू
2018,1,जोड्या स्वर्गात बनतात पार्क मधे पकडल्या जातात
2019,-1,काल रात्री आजोबा स्वप्नात खाली जेवढे पाप करायचं घे नरकात जरा जागा आम्ही स्वतः नरकाच्या भिंतीवर बसलोय
2020,-1,मित्र असावा
2021,1,लोकं आजकल घरातून बाहेर पडताना आई बाबाचे आशीर्वाद घ्यायला विसरतात पावर बैंक घ्यायला विसरत
2022,1,थोड्याच वेळात वाजणार घाबरू नका
2023,1,थंडीत कोणी चेहऱ्याला पावडर लावली खारा शेंगदाणा पहिल्यासारखं वाटतं
2024,-1,जेव्हा घरचे मला घरकाम सांगतात तेव्हा
2025,1,एकदा भोजन समारंभात पुलं च्या बाजुला श्री नाग गोरे दुसया बाजुला श्री भुजंगराव कुलकर्णी बसले पुलं आफतच एकिकडे नाग दुसरीकडे भुजंग
2026,1,एकदा आपली आणी सुनिताबाईंची ओळख करुन देताना पुलं देशपांडे आणी ह्या उपदेशपांडे
2027,1,कैथरीना कैफ जासुद च्या भूमिके साठी एकदम परफेक्ट तिच्या चेहऱ्यावर भाव दिसतात भावना
2028,1,साहीत्य सघांत कुठल्याशा रटाळ नाटकाचा पहिलाच प्रयोग चालू पुल ना आर्वजुन बोलावले होतेनाटकाचा पहिला अकं चालू असता नांच पडल्याचा आवाज शेजारचा घाबरुन पुल ना म्हणाला पडलं हो नाटक दुसरं पुल उत्तरले
2029,1,मुंबईकर आम्ही दार्जीलिंगचा चहा वापरतो पुणेकर तरीच एवढा थंड किमान शब्दात कमाल अपमान
2030,-1,एकट्या पडलेल्या मनाला कोणीतरी आधार देणार हवं शब्दांना व्यवस्थित मांडून कवितेतून आकार घेणार हवं
2031,-1,पिंजऱ्याची जाळी नसती आख्खा देश वाचला असता
2032,-1,वाशीम जिल्ह्यात पाणी
2033,-1,मधे व्यंग टाकुन दिवसभर व्यंग चे पोस्ट करणाऱ्यांचा वेगलाच असतो
2034,1,माझ्या आयुष्यात कुणी असो वा नसो मान लोकं खुप
2035,-1,गोष्टी सोडुन मैञी करा खोटेपणाआणि मोठेपणा
2036,1,व्हयमी लाभार्थी माझं सरकार विजय माल्या
2037,1,अपमानित होण्याच्या आमंत्रणाला इंग्रजीत म्हणतात
2038,1,ची सर्वात मोठी खासियत किइथे लग्न झालेले लोकं हसतात
2039,-1,भारतरत्न बाईला द्यायला हवे
2040,-1,नौकर साहेब माझा पगार कधी देणार महिन्या उलटुन गुज्जु मालक
2041,-1,स्टेच्यूस्टेच्यू खेळताखेळता माहितच पडले कि कधी लोकं दगडाचे
2042,-1,माणूसकी जीवंत याला म्हणतात लग्नाचे कार्ड रडलो रे
2043,-1,महेश पालीवाल ची डिलीवरी घ्याला जाताना बैंड बाजे सकट ठाणे
2044,-1,माझ्या चोनु ने जेवले चे उत्तर ईमेल करुन दयावे लागले
2045,1,आम्ही सरकारमधून बाहेर पडू वाक्याला ३ वर्ष सक्षमपणे पूर्ण झाल्याबद्दल अभिनंदन
2046,-1,लोकांना वेड्यात काढायचा सोप्पा उपाय
2047,-1,सर कधी थांबणार असेच गेले पुढील असेच जाणार
2048,1,फास्टर फेणे च्या यशानंतर चाप्टर राणे
2049,-1,लहानपण
2050,1,हसत रहा कारण सरकार कन्फ्यूज्ड पाहिजे कि सालाआता कुठला टैक्स लावायचे राहून गेले
2051,-1,च्या माइला आईला मारतो तूहे घे
2052,-1,हाहाहा वेडा करु शकतो
2053,1,जर दिवसाला तुम्हाला डेटा पुरत नसेल अर्थ तुम्ही भयंकर बेरोजगार आहात
2054,1,लग्ना अगोदर जग फिरून घ्यावे नाहीतर लग्ना नंतर जगच फिरून जाते
2055,1,लोकं बस मधे काळा चश्मा लावून चढतात जसे वेल्डिंग करायलाच
2056,-1,होऊ देनाच बंद कामा नये
2057,1,पाणी वाचवा सांगणाऱ्या मुली पाणिपुरी वाल्याकडे कड़े प्लेट पाणी पिऊन टाकतात
2058,1,कुणाला कपड़े शिवायचे असेल सांगा रॉस टेलर भारतात
2059,1,चांगली बायको कुणालाच मिळत जी भेटते तिलाच चांगलं बनवावे लागतं
2060,1,ज्या मुलींचे आहेतते म्हणतात प्रेम आंधळ असतं प्रेम आंधला तू प्रेम अंधाधुंद
2061,-1,अरे बापरे कुणाची टॉनिक पडली
2062,-1,ओळखा पाहू
2063,-1,गेलेले पैकी परत मनसे म्हणते जे परत मर्द छक्के सांगत मनसे
2064,-1,जी एस टी ने सामान्यांचे कंबरडे इतके मोडले दुकानात उभे राहायला जागा गाडी साठी वेटिंग फटाके वाजत
2065,-1,ज्यांची कधी व्हॅल्यू च नव्हती सरकार मध्ये स्वतःला अमुल्य समजत
2066,-1,बलसाडगुजरात योगी आदित्यनाथ ह्यांच्या रोड शो मध्ये करोडो लोकांचा उत्स्फूर्त पारदर्शक पाठिंबा
2067,-1,आईचे शस्त्र
2068,-1,स्वतःच प्रसार प्रचार माध्यम असताना क़ाय गरज सरकार माझे पैसे वाया घालवत
2069,1,दीपावलीच्या दिवशी पणती लावू शकतो ना कि ग्लोबल वार्मिंग चा क़ाही प्रॉब्लेम
2070,-1,जे पणत्या विकतात त्यांच्या घरातच दिवे लागत नाहीह्या दिवाळीत फराळ पणत्या दे
2071,1,कोणी मनावर घेवो अथवा घेवो पावसाने स्वच्छ भारत करायचं फारच मनावर घेतलं
2072,-1,च्यालापाकिस्तान ची फुटबॉल टीम
2073,1,नवीन मशीनमुळे भाजपचा पराभव दानवे कारण त्यात झोल करायला जमलचं
2074,-1,नांदेड मध्ये विकास ची प्रचंड धुलाई करण्यात
2075,-1,दारू कर्ज
2076,-1,आठवणीत सोबत तुझ्या रहायचंय पहिल शेवटचं प्रेम तुझ व्हायचंय
2077,-1,प्रेम करायचं म्हणाल कुणाशीही जमत मनासारख्या जोडीदारा शिवाय संसारात मन रमत
2078,-1,जर समजूतदार मनं एकत्र असतील प्रेम नक्कीच आयुष्यभरासाठी टिकतं
2079,-1,हिला फक्त दारात झोपवा रांगोळी तयार
2080,1,फटांक्याचे आवाज रिकॉर्ड लाउडस्पीकर वर सकाळी वाजता वाजवू शकतो कि त्याच्यावरही बैन
2081,1,अमित शाह ने आपले नाव बदलून अमित टेक्निकल शाह घेतले
2082,-1,बुलेट ट्रेन ट्रायल जनतेला
2083,-1,वेज व्हिस्की
2084,-1,व्हाट द फुक बुमराह
2085,-1,नोवेम्बर
2086,-1,आजकालच्या पोरांकडे बघून वाटते लहानपणी पैसा आनंद भरपूर होताआता पैसा असूनही पोरं आनंदी नाहीत
2087,-1,तुळशीबाग कॅम्प परिसरात राऊंड मार्केट मध्ये प्रचंड मंदी दिसली व्यंग
2088,-1,साहेबया वाल्यांना सांगा तुम्ही फेरीवाल्यांना हटवल राजसाहेबांनी सांगा ओरडून बघा लिहतात लोक
2089,1,राज ठाकरेंमुळे ब्रीजनी मोकळा श्वास घेतला चला राज साहेबांसोबतच संपल येणार्या निवडणुकीत पुन्हा बीजेपी ला मतदान करूया
2090,-1,’ कंसात लिहावे लागते
2091,-1,नाचता येईना पैर उपरीचं व्यंग च्या नावाखाली लोकं काहीही बोलून जातात राव
2092,-1,फडणवीस मोदी सरकार व्यंग समजून घ्या राव
2093,1,वर्षी मुम्बई ने जास्त पावसाळा अनुभवले वेधशाळा मोदीच्या भीतीने इंद्रदेव भरत
2094,-1,जिकडे बघाव तिकडे धोनी धोनी चालू कोणीही पंड्याच्या बॅटींग च कौतुक करत नाहीये
2095,-1,नेहमी एकत्र रहा
2096,1,मुलगा गाडीत पेट्रोल भरतो हो चांगलं कमवतोलग्न ठरले
2097,-1,अमि मराठी
2098,-1,आयुष्यात कितीही चांगले कर्म करा कौतुक नेहमी स्मशानात च होतं
2099,-1,सेमेस्टर क्लियर केल्यानंतर इंजीनियर ची अवस्था
2100,1,अरेंज मॅरेज गुपचूप भांडी घासणे लव्ह मॅरेज प्रेमाने भांडी घासणे
2101,1,पितृपक्षात बुलेट ट्रेनचं भूमिपूजन लवकरच यात्रींचे कावल्या मधे रूपांतर होईल
2102,1,जर मुली मला असेच ब्लाक करत राहिल्या दिवस ब्लॉक प्रमुख होईन
2103,-1,रिलीज मला कधी रिलीज करणार
2104,-1,जय डोकेदुखीपीजे
2105,-1,अगदी बरोबर
2106,-1,सर खरा प्रश्न व्यंग
2107,-1,मुलींचे बोर्ड
2108,-1,ताडोबाचा गब्बर
2109,-1,घरात कंप्यूटर खुप
2110,1,साप जाताना दिसला थांब साप टेस्ट द थंडर
2111,-1,बौद्धिक कुवत नक्कीच नाहीये त्यांच्यातइथं शेकडो मुर्ख सेलेब झालेतत्यांना भेटतात त्यांना फक्त व्यंग येतंदुसरं
2112,-1,बरं हि ट्विट जास्तकरुन खुद्द चमचेच रिट्विट करत
2113,-1,राहुल गांधी यांना त्यांचा लाडका शिष्य माननीय कपिल शर्मा यांच्याकडून शिक्षकदिनाच्या शुभेच्छा
2114,-1,शब्दांमध्ये शब्द सापडले होतो गैरसमज
2115,-1,मेलो रे बघून
2116,-1,ईद संपल्या नंतरच खाली बुवा
2117,-1,ठरले नोटांचे कलर
2118,-1,शेतकरयाचा कैवारी फक्त विरोधी पक्षच असतो दुर्दैवाने प्रत्येक सरकारला शेतकरी नेहमी डोईजड होतो
2119,-1,तात्या विंचु
2120,-1,पुण्यात वडिलांना बाबा म्हणण्यावर बंदी
2121,-1,तुमच्या व्यंग चांगल ठाऊक म्हणुन सांगून दिलं
2122,-1,माझ्या लालबागपरळ च्या मित्रांनो तुमची सर्वांना आठवण येईल व्यंग
2123,-1,लय खरं
2124,-1,वंदे मातरम सारख्या संवेदनशील विषयात एकी असावी ट्विट्स मध्ये व्यंग द्वेष जास्त नको तीथ विरोध कामाचा
2125,-1,भारताचे चीन ला जबरदस्त उत्तर गणपती नंतर बघू
2126,-1,मुर्ख सेलेब फक्त व्यंग शब्द खेळ वर चालतात बद्दल घंटा माहीत नसतं
2127,-1,टक्के सेलेब महाचुतिया आहेतत्यांच सगळं व्यंग वर चालतं बद्दल त्यांना काहीही माहीत नसतंफक्त दिसलं ट्विट करत सुटतात
2128,1,जेव्हा बटाटा फ़ोन उचलतो बोलेल आलू
2129,1,पुण्यातील निगडी परिसरात वीज पुरवठा खंडित होण्या पासून कोणी थांबवू शकत
2130,-1,भक्त अनंत भक्त कथा अनंता
2131,-1,भाऊ यालाच बोलतात
2132,-1,डाळिंमकर तुम्ही लोकांच्या डीगऱ्या विचारता तुम्हाला साधा उपहास सुद्धा कळत विंग्रजीत त्याला व्यंग म्हणतात सर उपहास साहेब
2133,1,खरं संपूर्ण देशाला फुकट जिओ देणाऱ्या अंबानींची कर्जमाफी व्हायला हवी व्यंग
2134,-1,ज्या सेनेचे बाळासाहेब राजकीय व्यंगचित्रकार सेनेला त्याच्यावर केलेली टीका सहन होईना
2135,-1,तुम्ही चालवु शकता सायकल
2136,-1,गटारी चकना घेण्यासाठी मोठी लाइन मधे बेवड़े
2137,-1,जगणं आईच्या स्वाभिमानासाठी असावं आणी जिंकणं वडिलांच्या कर्तव्यापोटी
2138,-1,आइलाअश्या लोकांना मिळतात चांगली पोरगी
2139,-1,याला म्हणतात सेल्फिश
2140,-1,इथे खूप शांततापण मला वेळ हवाय
2141,-1,स्वतःच्या व्यंगावर हसता आलं दुनियेला व्यंगावर हसण्याची संधीच मिळत
2142,-1,दहशतवाद्यांच्या बॅगमध्ये गोमांस असतं वाचले नसते व्यंग
2143,-1,लोकं असेच जनता सोबत करतात
2144,-1,अगदी खरे
2145,-1,लहानपणी बरेच वेळा माझ्या बरोबर
2146,-1,गोल गोल
2147,-1,तिकडून मोदी येतोय येऊन पकवेल आपल्याला सर्वजन इथे बघा
2148,-1,व्यापार ह्या गाडी प्रमाणे चालत अचानक
2149,-1,मोदीचं नवीन प्रोजेक्ट
2150,-1,नवीन इतिहास धन्य छापणारे
2151,-1,स्वछंद फिरण्याची मजा वेगळीच
2152,-1,महाराज आपले खरे गुरु
2153,-1,व्यंग ये हिमदुसता है ना
2154,-1,मला माहित नाहीगटारी च्या दिवशी खंबे पिणार
2155,-1,खुप भयंकर झाडे लावाझाडे जगवा असेच
2156,-1,याला म्हणतात बावनकशी वेडेपणा
2157,-1,दही हंडी खुप ऊंची वर मित्रा
2158,-1,बीजेपी सरकार चा पोपट
2159,-1,अजब लोकंबाळाचे नाव
2160,-1,घसरगुंडी ची मजा
2161,-1,असू दे रे तू व्यंग पोहचला बस
2162,-1,आजकाल च्या मुली देवा
2163,-1,याला म्हणतात प्रेमात डूम्बणे
2164,-1,आषाढ़ी एकादशी
2165,1,दारू प्यायला नंतर माणूस दार्शनिक होतो मग राग दरबारी गायला लागतो
2166,-1,आइला ईमेल ला उत्तर दयाला पाहिजे होतं
2167,-1,एवढे मार्मिक विज्ञापन आजतागायत पाहिला
2168,-1,कुणीही मैग्गी ला भारतात बैन करू शकणार
2169,-1,मिळाली अंबुजा सीमेंट वाली भिंत
2170,-1,चला हवेत उडूया
2171,1,आहेआणि योगायोग बघा आजच्या दिवशी मोदींनी लांच
2172,1,मोबाइल फ़ोन चश्मा घालतात कारण त्यांचे कांटेक्ट लॉस्ट होतात
2173,1,ज्या मेंढराला पाय नाहीत्याला तुम्ही म्हणाल सफेद ढग
2174,1,ध्रुवीय अस्वल वोट कुठल्या जागी देतातसांगा नार्थ पोल ला
2175,-1,लेडी टारजन ओ ओ ओ
2176,-1,गाड़ी चालवताना जेव्हा पडतो तेव्हा लोकं
2177,-1,स्वप्नात जर मित्राची रूम दिसली समजा तुम्हाला तुमची जुणी भेटणार
2178,-1,जे दिसत त्याला गाजर सारखे वास येतो ससा चे पाद
2179,1,बायको चला आपण हॉरर मूवी बघुया नवरा ओके नवरयाने स्वताच्या लग्नाची सीडी लावली
2180,1,जे नेता दुपारी वाजता संसद मधे झोपतात त्यांना रात्रि वाजता संसद मधे बोलवणे कुठला न्याय
2181,1,मला जराही जीएसटी समजले अमित शाह
2182,-1,मागासलेला भारत
2183,-1,निवेदन माझा इतक्या हाय लेव्हलचा असेल मलापण नव्हतं कालच्या पोस्ट्स
2184,-1,सो काॅल्ड फॅन अकांऊंट शी संबंध निव्वळ व्यंग ट्विट
2185,-1,यांनी प्रथम विकेट घेतल्या बद्दल त्यांचे हार्दिक अभिनंदन
2186,-1,अबू हिंदी बोलत कारण अबू सालेम ला गेला तामिळ शिकून
2187,-1,गरज लिहिण्याची
2188,-1,गरज खेळायची
2189,-1,असल्याचे बिरूद मिरवणार्यांनी ह्या सर्रास वापर केलाय व्यंग च्या नावाखाली काहीही करता येऊ शकते फंडा
2190,-1,सेक्युलरिजम च्या नावा खाली
2191,-1,ज्यांच्या मागच्या पिढ्यांनी नांगर धरला असण्याची शक्यता किफायतशीर शेती वगैरे ज्ञान ट्विटरवरुन देऊ लागलेत
2192,-1,लिटर भर दूध शंकराच्या पिंडीवर वाया घालवणारे लोकं दूध रस्त्यावर फेकले म्हणुन आम्हाला शिकवू लागलेत
2193,-1,भाऊ ह्याला म्हणतात
2194,-1,इट इज दा ट्रुथ
2195,-1,खरंच बाहेर पाऊस पडतोय रे बर्फ पडतोय झालंय माझ्याकडे गुगल वरची इमेज नाहीय शेअर करायला व्यंग
2196,1,जेव्हा विमानाच्या चाकांप्रमाणे पाय बाहेर येताना दिसतील तेव्हा समजायचं कि वर बसलेली बाई ब्रेक मारणार व्यंग
2197,-1,दिमागीन सर्विस सेंटर व्यंग्य
2198,-1,सगळ्यांशी कचाकचा भांडणारी व्यक्ती प्रेमकथा वाचते व्यंग
2199,1,देवाने सांगितलय माणसाचा जन्म प्राण्याच्या जन्मापेक्षा श्रेष्ठ असणारच त्याला माणसानेच बनवल
2200,-1,माफ़ पाहिजे
2201,1,लावा लावी च करायची असेल झाडे लावा व्यंग
2202,1,मतदान संपले तुम्ही तुमच्या उमेदवाराला दुर्बीण लावून शोधले सापडणार व्यंग
2203,-1,बघा घ्या आदर्श करा मला ला फोल्लो
2204,-1,इतिहास सांगतो कि कोणतंच सरकार शेतकऱ्यांचं किंवा शेतकऱ्यांसाठी नसतो असतो फक्त विरोधी पक्ष
2205,-1,पुणेकरांनी पाट्यांमध्ये वैविध्य नाविन्य जपले ठाणेकरांना घोषित करावे लागेल
2206,-1,वक्तव्याला मूर्खांनी शिट्या टाळ्या वाजवून प्रतिसाद दिला निर्लज्ज पणाचा कळस
2207,-1,उसाचा रस पितानी घुंगरू वाजले फील राव व्यंग
2208,-1,शिवाजीपार्क कट्टा तर्फे यांनी मराठी अभिमानगीतावर चलचित्र तयार केलं संजय मोने अतुल परचुरे यांच्यासह खेळाडूही यात
2209,-1,सध्या त्यांचा पाठिंबा घ्यायलात्यांना द्यायला कोण तयार ४मार्च माझा वाढदिवस असतो त्याच नियोजन करणार असतील माहित
2210,-1,एखाद्याला कौतुकानं मैलाचा दगड म्हटलं शेवटी दगडच मिशि व्यंग
2211,-1,जे सैनीकां बद्दल बोलले पाकीस्तानी सैनीकां बद्दल वीजयाचा गोडवा एन्जॉय करा व्यंग
2212,-1,निवडणुकींचे वारे
2213,-1,वाघ एकला राजा बाकी खेळ माकडांचा
2214,-1,जे मला ओळखतात् माझ्या वर कधी शंका घेत जे माझ्यावर शंका घेतात त्यांनी मला कधी ओळख़लच व्यंग
2215,-1,कधीकधी स्टेटस ला केल पुण्य मिळते बघा
2216,-1,वाटते बानु ला ह्या महिन्यात समजेल कोण अजून महिना लांबणार
2217,-1,ओ भायो सर आळो व्यंग समझो कोनी
2218,-1,कंटाळायचा कंटाळा कारण कंटाळायला लागलो आळस येतो कंटाळ्याला कंटाळायचं राहून जातं
2219,-1,आमचे परम मित्र ङोनाल्ङ तात्या ट्रंप यांना अमेरिकेच्या राष्ट्रपति पद ग्रहणाच्या भावी वाटचाली साठी शुभेच्छा
2220,-1,आमच्याकडे स्पर्धापरीक्षेच्या अंतिम मुलाखतीची तयारी घेण्यात येईल धरणग्रस्तांसाठी विशेष सवलत आरक्षण मिळणार कोणालाच
2221,-1,यांचे भाषण ऐकले त्यातून कळले नोटबंदीमुळे साहेबांची २ एकरातील वांगी वाया गेली खरच मनापासून दुःख
2222,-1,शिवसेनेने भाजपला सांगितले शिवरायांचा वापर राजकारणासाठी करू नका
2223,-1,आई किती व्यंग म्हणते सकाळी लवकर उठत जा
2224,-1,खोदा निकला
2225,-1,मेल्या व्यंग
2226,-1,व्यंग मधून ओळखता नाय माझा गैर समझ आपला गैर समझ असावा
2227,-1,आहो राव माझ वक्तव्य व्यंग आपलच नवीन अमरावती दुय्यम स्थानी लिहीलय फक्त आपण महाराष्ट्रातच सहन करतो
2228,-1,काहें के मर्यादा पुरुषोत्तम
2229,-1,दैनंदिन व्यवहारासाठी श्रीमंतांना त्रास रोजंदारीवाले कष्टाचा पैसा कमावणाऱ्यांचे धाबेच दणाणले कंबर मोडली
2230,-1,बडे दिल वाला बॉय स्पॉटेड
2231,-1,व्यंग खरोखर ची तुमचे आताप्रर्यंतचे वाचून प्रश्न विचारावासा वाटला
2232,-1,भाऊ ह्याला व्यंग म्हणतात मराठीत उपरोधपणा
2233,-1,खरंच कोणी बिअर वाइन फ्लेवर्स चाहता असेल च्या देवाला साष्टांग नमस्कारया गोष्टी फ्लेवर्ड विचारच पापी
2234,-1,राण्याला गुंडागिरी बद्दल बोलायला काहीच कस वाटत बुवा
2235,1,मराठा क्रांती मोर्च्यामधे सर्वच राजकीय पक्षांचे पुढारी दिसत मग घोडं कुठं आडलंय कळंना
2236,-1,आजू बाजूस साफ सफाई ठेवा डेंगू चिकेनगुनिया ची साथ माझा प्रत्येक ट्विट मध्ये व्यंग नसतो काळजी घ्या
2237,-1,चीड येण स्वाभाविक सरज्यांनी मराठी अभिमान गीताला संगीत दिले त्यांच्या मराठीवर प्रश्न
2238,-1,नक्कीच माझा व्टिट व्यंग
2239,-1,कटाक्ष
2240,-1,कावळ्याच्या शापाने गाय मरत चल हवा येऊ दे मोठी खुश वर लास्ट डे टाकला व्यंग
2241,-1,भावा सॅर्कसम असायला पाहिजे सर्चसम राव
2242,-1,परवाच सगळ्या कविता किस्से वाचले पून्हा ठकी वाचतेय स्पष्टवक्ता किंवा टोमणे आजकालचं व्यंग
2243,-1,बेबी हॉट दिसत आहेस झोपलेला वाघ्या उठतो कान वर व्यंग लुक देतो परत तिच्या कडे पाहून झोपतो
2244,-1,वयंग्य व्यंग अंकल जी
2245,-1,पथकाचा दावा दहीहंडी खेळ सुप्रीम कोर्टऑलिम्पिकमध्ये कामेडल आणणार कातसं झालं आनंद आहेह्याला म्हणतात व्यंग
2246,1,आपले लोक अँबुलन्स ला रस्ता देवोत देवोत अँबुलन्स च्या मागे रस्ता शिताफीने काढतात
2247,-1,सत्यवचन गुरु
2248,-1,रियल एंड फेक फ्रेंडशिप
2249,-1,इमिरती मिरानी मूत्रालय फ्रॉम मोडी
2250,-1,मोदी सरकार वर आरोप करता तुम्ही देशद्रोही आहात
2251,-1,लश्करएचिवाव्हा
2252,-1,चुकुन होईना भलेभले तीरंदाज तीर्रीमारणारे विचारही करु शकत ह्या ईऊल्याशा देशाने करुन दाखवल
2253,-1,बरेच व्यंग साठीही मस्त लिहते हल्ली लिहतात
2254,-1,अरे लावलंय ह्या पोरीने व्यंग चा उच्चअंक
2255,-1,साहेब तुम्ही फक्त बोलत रहाआम्ही फक्त ऐकतोखडसेंना लवकर आरोपातुन बर करासर्व आपल्याच हाती ना
2256,-1,जातीपातीचा विरोध करणारे आरक्षणासाठी धरपड़तात
2257,-1,ओक बुमराह भाई
2258,-1,अश्या पोरींना नंबर देत कधी
2259,-1,संदर्भ खोटा आहेहा तुमचा हिंदुत्ववादीसंघीब्राह्मणी कावा असंही म्हणायला पुरोगामी करणार नाहीत
2260,-1,बुमरा बुमरा श्याम रंग बुमरा
2261,-1,व्यंग पहीलाच बनारसी असेल मुंबईत येणारा
2262,-1,चुतियाप्पा ट्विट करायचा कुठल्याही माणसाची खिल्ली उडवायची त्याला व्यंग गोंडस नाव द्यायचे मग तुम्ही सेलेब
2263,1,बॉर्डर फिल्म बघून लोकं मिलिटरीमध्ये भरती नाहीत रात्रीस खेळ चाले सिरीयल बघून लोकं कोकणात जाणं सोडतील व्यंग
2264,-1,पुणेरी पाटी
2265,-1,यदा यदा हि धर्मस्य ग्लानिर्भवति भारत अभ्युत्थानमधर्मस्य तदाऽऽत्मानं सृजाम्यहम्
2266,-1,जिथे वोट बँक जास्त सगळी शहरं मध्ये स्वच्छ
2267,1,जवानांचे गुणगान गाणारे लोकच उद्या त्यांना मिळणाऱ्या सवलती पाहून टाहो फोडत असतात
2268,-1,वाईट वाटले कोणीतरी पहिल्यांदाच म्हून ब्लॉक मराठीत व्यंग चालत
2269,-1,हो जायला पाहिजेच नाकारण देव आहेत्याच्या जवळ गेलंच पाहिजे
2270,-1,अहो मॅडम व्यंग कधीच मेलिएमहिन्या महिन्यात वर्षश्राद्ध असेल
2271,-1,बिचाय्ा अरुण शौरी वर कोणीतरी करणी
2272,1,जातीचं राजकारण आम्ही करत साठी शाहूफुलेआंबेडकर अचानक गायब होतात अन् टिळकसावरकर पोतडीतून बाहेर येतात
2273,-1,साहित्य अकादमी कड़े राजीनामा किंवा ई मेल आलाच त्यांना बातम्या मधून संबंधी समजल
2274,-1,चला हवा येऊ द्या मधे महान गायकांचा फाल्तू कलाकारांची नावं जोक केलेल्या कृतीचा निषेध व्यंग
2275,-1,व्यंग च्या देवाकुठं आहेस तू
2276,-1,देशाचा पंतप्रधान दुबई सारख्या देशात जातो तिथ त्याला मान मिळतो माझ्याच देशातले लोक चेष्टा करतात त्याला व्यंग म्हणतात
2277,-1,गद्दार अपोले
2278,-1,श्रीराम पुरषोत्तम थे
2279,-1,व्यंग रेवैयक्तिक नावं टिका नको करूसत्यांचा जॉबच
2280,-1,नंतर हेच मराठी कलाकार मराठी चित्रपट कोणी पाहत टाहो फोडत असतात
2281,-1,इच्छाधारी नागिन रिटर्न्स
2282,-1,चा गृहीत धरलाय इथे
2283,-1,व्यंग लहानपणी मोठी होण्याची स्वप्ने पहायचो अता लहान
2284,-1,मलाच देशाचे पंतप्रधान राष्ट्रपति बनवा माझ्या मुलाला सरन्यायधीश आदेश दिल्याबद्दल जाहिर आभार
2285,-1,व्यंग समजलं नसेल विचारायला संकोच करु नका सविस्तर समजावून सांगण्यात येईल
2286,-1,पतंग अने माणस बहु चगे ने समजवुं हवे आ कपावानो
2287,1,देव लग्न करू शकतो देशात लग्न करायची संमती फक्त मुस्लिम विवाह कायदाच देतो हिंदु विवाह कायदा व्यंग
2288,-1,त्यांना व्यंग कळणार
2289,-1,हिवाळ्यानंतर पावसाळा आणनारे मोदीजी भारत देशाचे पाहिले प्रधानमंत्री
2290,-1,कमीनपन्ती मतकर
2291,-1,वर्ल्ड कप जिंकलात चालेल फक्त पाकिस्तान ला हरवा एवढच ठरल उग शिव्या देऊ नका
2292,-1,कालच्या पाहणीवरून देवचं महाराष्ट्राचं भलं करू शकेल
2293,-1,एक्चुअली नेल्ड इट ब्रो
2294,-1,स्वराज्य उभे राहिले तिथी तारखेच्या वादात मराठे च एकमेंकान विरोधात
2295,-1,च्या जमान्यात पुलं अत्रे यांचे शाब्दिक कोट्या व्यंग प्रकारातले विनोदांचा दुष्काळ प्रकर्ष्याने जाणवतो कधी
2296,-1,च्या जमान्यात पुलं अत्रे यांचे शाब्दिक कोट्या व्यंग प्रकारातले विनोदांचा दुष्काळ प्रकर्ष्याने जाणवतो कधी कधी अजितदा येतात मदतीला
2297,-1,जनतेला बीजेपीला निवडून देण्याची शिक्षा मिळालीच पाहिजे भोगा कर्माची फळ व्यंग
2298,-1,पोरी आल्या येऊ दे अन् जाउदे आपला एकच उसुलआली गर्दी कम व्यंग
2299,-1,दादरकर दौयावर
2300,-1,कुंज वरुन कृष्ण बाहेर पडलाय तब्बल दिवसांनी गोकुळत पुन्हा दही मिळेल शोधात व्यंग
2301,-1,मनसे ला अपक्ष पक्ष म्हणुन मान्यता देण्याचा निवडणुक आयोगाचा विचार
2302,-1,राज ठाकरे त्यांच्या पाठी युतीसाठी महाराष्ट्राच्या भल्यासाठी
2303,-1,उपाध्यायश्च वैद्यश्च ऋतुकाले वरस्त्रियः सूतिका दूतिका नौका कार्यान्ते च शष्पवत्‌ ॥
2304,-1,प्रचाराची सुरूवात हुतात्मा चौकातून करणार नारायण राणे व्यंग
2305,-1,श्रवण पलिव प्रणि नसुन क्रुपय पळु नयॆ आध्द्ल्यस सक्त कर्वै करण्यत येइल लोल रोफ़्ल व्यंग
2306,-1,नित्यानंद रेस्टॉरंट निर्मळ
2307,-1,ज्याला उपहास त्याने ट्वीटर वर फार काळ राहू नये खरतर राहुच शकत इथे फार वेळ
2308,-1,यापुढे सोज्वळ ताईचीच भूमिका स्वीकारणार प्रिती जिंठा
2309,-1,ज्यांच्या गाडीवर आई लिहिलेलं असतं तेच दुसर्यांच्या आईचा उद्धार करायला मागे पुढे बघत नाहीत व्यंग
2310,-1,वाली कमेंट व्यंग कदाचित उच्च दर्जाच्या परिपक्वतेमुळे व्यंग समजला नसेल
2311,-1,पायरीवर बसून हापूस खाल्ला
2312,-1,तृतीयपंथीयांना त्यांचे अधिकार मिळाले अभिनंदन करावे समलिंगी संबंधांना मान्यता निषेध करावा व्यंग
2313,-1,घंटा विनोद जाणूनबुजून केलेलं सूचक वक्तव्य होतं लिहीलंय वाच रे व्यंग
2314,-1,सत्यवचन बाबा जी
2315,-1,कळाले कळाले
2316,-1,मला असं वाटतय इथे कुठेतरी तुमचा व्यंग
2317,-1,जय जवान राहुल गांधी जय किसान रॉबर्ट वाड्रा व्यंग
2318,1,सनी लियोन सारख्या वैश्येला चित्रपटात घेउन अश्लिल्तेची हद्द पार करणारा महेश भट रेप थाम्बवान्यासाठी उपाययोजना कराव्यात सांगतो
2319,-1,कारण त्यांना विठूराया कडे साकडं घालायचं असते राज्याच्या कल्याणासाठी व्यंग
2320,1,बसमध्ये बसायला जागा मिळावी स्टोपवर अर्धा तास उभा राहिलो
2321,-1,आर्रर्र्र अग्रलेख कि व्यंग चा बाप हाहा शालजोडीतले हाणलेत अगदी लोळ महासुपरमॅन मोदी
2322,-1,हो करतात म्हणे सॅ्मसंगवाले मलाही आत्ताच कळालं
2323,-1,सहमतीसाठी होतं व्यंग
2324,-1,लै भुक्कड़ व्यंग होतं
2325,-1,हाहाहाहाहा शरद पवार म्हणतात मला राजकारणातलं कळत व्यंग
2326,-1,शरद पवार म्हणतात मला राजकारणातलं कळत व्यंग
2327,-1,माझ्या मते व्यंग होतं
2328,-1,बिस्मिल्ला खान साहेब गरिबीत गेले त्यांची गाणी सीड्यान वर जाळणारे
2329,-1,हाहाहा रावल्या रिप्लाय देत व्यंग
2330,-1,बलात्काराच्या घटनेनंतर ट्विटर फेसबुक वर आलेली स्टेटमेंटस विनोद भले व्यंग असेनात घ्रुनास्प्रद निंदनीय निषेध
2331,-1,आवडलं आपल्याला बर्फी गेलाय
2332,-1,तू बीड अंमळनेर जालना चंद्रपूर औरंगाबाद गडचिरोली भागातील ट्वीपलस् मध्ये फार लोकप्रिय आहेस अभिनंदन
2333,-1,तुझी उंची किती तुझं शिक्षण किती तुझा पगार किती तू बोलतोस किती ट्वीट करतोस किती
2334,-1,प्रसन्न कडे अाणि व्यंग अाहे जे वागळे सरांकडे दिसून नाहि
2335,-1,व्यंग महाराष्ट्र में अन्नागिरी फेल एनसीपीकांग्रेस भारी जीतपॉलिटिक्स न्यूज
2336,-1,भाषेविना काशी जपणार संस्कृती
2337,1,आमच्या मेनूस्मृती जाळण्यासाठी स्वस्तात मेनूस्मृतीच्या कव्हर चे साइज प्रिंटआऊट मिळतील
2338,1,शेठने फंड चा हिशोब दिला वरून अजून १००० रुपये भाजपला द्या भारत मजबूत होईल शेठला माझा प्रश्न भाजपला १००० दिल्याने भारत कसा मजबूत होईल व्यंग हेच भारताची अर्थव्यवस्था ५ ट्रीलियनची करणार अश्या बड्या बड्या बाता मारत
2339,-1,माझं सारं वैभव माझी सारं जीवन तुझ्या विचारला समर्पित
2340,1,बॉयफ्रेंड ने गर्लफ्रेंडला दुसऱ्या मुला बरोबर रोमान्स करतांना पकडलं तू असतांना दुसऱ्या मुलासोबत रोमान्स करते तुझ्या फायद्यासाठीच करते माझा फायदा कसा माझे राहतील तुझ्यावर पैसे खर्च करण्याचा लोड येईल ना
2341,-1,तुला व्यंग कळते डिक्शनरी उघड अर्थ शोधून काढ
2342,-1,तुलाच लागु पडते आम्ही कुठल्याही पक्षाचे समर्थक पर सू सू तू सतरंजी उचलू आहेस तुझ्या अकाऊंट च नाव बघ माझ म्हणशील इथ व्यंग जो तुझ्या सारख्या बावळट ला कळणार
2343,-1,सावन सर त्याला व्यंग म्हणतातपण तुमच्या मेंदूत रिंगण चालू असल्यामुळे तुम्हाला समजत
2344,-1,ट्विटर वर अशे व्यंग खूप लोकं करतात तुम्हाला थोडाफार विरोध करणारा एकटाच नाहिये मग तुम्ही ईतर लोकांवर निरीक्षण करत जावा ना कोणी ट्विट ला कशे स्वीकार यावर अवलंबून परिस्तिथी ची पळताळणी न्हवती मला तुमचे ट्विट दिसतच न्हवते
2345,-1,सगळं वाढवण्यासाठी करतो आपण म्हणता दादा जर वाढवायचे असते पक्षाचे उदा माविआ समर्थन करुन भाजप विरोधात दिवस रात्र टीका व्यंग करुन मिळवून केव्हाच मराठी ट्विटर वरील माविआ समर्थकांना आपल्याकडे वळवून घेतले असते
2346,-1,नंतर लग्नमला कुठेही दिसत नंतर पर्यंत जिहाद होऊ शकतं ज्याला शिकायचं असत शिकतात असताना सुध्दा किती शिक्षण सोडतातकाही परिस्थितीने शिकायचंच नसतंआलिया भट फक्त शांतिदुत वर किंचित वचक बसेल
2347,-1,अगदी लोकसत्तालाही व्यंग समझू नये सनसनाटी मथळ्या द्वारे लक्ष वेधुन घेण्याचा केविलवाणा प्रयत्न
2348,-1,नसले चालतील व्यंग कळणारे असायला हवे
2349,-1,नमस्ते सदा वत्सले मातृभूमे त्वया हिन्दुभूमे सुखं वर्धितोहम् महामङ्गले पुण्यभूमे त्वदर्थे पतत्वेष कायो नमस्ते नमस्ते॥
2350,-1,ह्याच्या मधल्या एकानेएकीने देखील केलं तुमच्या करिता ह्याने पॉलिटिकल मीम्स ट्विट करूनच मिळवले व्यंग पेलायची हौस असेल कर पुन्हा येऊ नकोस
2351,-1,ताई वेगळा थोडं समजून घ्या तुमचा साखरेचा बिनसाखरेचा
2352,-1,फडणवीस शाळेत तेव्हा भाजपचे दोनच खासदार नवाब मलिक मलिक साहेब देवेंद्र फडणवीस साहेबांचं सोडा त्यांची राजकीय कारकीर्द खूप बाकी तुमचे शायेब इकडे ८१ चे ४ खासदारांच्या पुढे कधी गेले नाहीत
2353,-1,कसला भारी मीमर अमिदेव असली भारी एडिटींग हवी व्यंग त्याचसोबत एडिटींग असले भारी गुण अम्यात भरून इस बंदे को फॉलो करो सब जन
2354,-1,तुमचे पासवर्ड कोण लोल सांभाळतो काका टि्वटर हॅक पापाचे अकाउंट हॅक चौदावा गिन्यान
2355,-1,ह्यात व्यंग दिसले काका बाकी कर सायबर म्हणत त्यातले कळत असेल आम्हाला पणं प्रमुदित करा
2356,-1,कुरुक्षेत्रे कृपाचार्यो विकत्थिनं कर्णं प्रति शोभनं शोभनं कर्ण सनाथः कुरुपुङ्गवः त्वया नाथेन राधेय वचसा यदि सिध्यति॥ द्रोणपर्व शोभनं शोभनम्
2357,-1,अरे सिरीयसली लिहितो खेचतो व्यंग म्हणतात तसं
2358,1,बलात्काराचा गुन्हा दाखल झाल्यावर राष्ट्रवादी युवकचा पनवेलचा अध्यक्ष शहबाज पटेलचा राजीनामा राष्ट्रवादीच्या महाराष्ट्र युवकचा अध्यक्ष मेहबूब शेखने घेतला यापेक्षा मोठा विनोद असूच शकत
2359,-1,भुतपुर्व मामी ची ममी
2360,-1,जय श्री राम ॐ नमः शिवाय
2361,1,आमच्या चौकात लोकं शेकोटी पेटवून बसलेत आणी प्रदूषण विषयावर गप्पा मारताय
2362,-1,अच्छा मला व्यंग वाटलं
2363,-1,याला प्रशंसा समजावी व्यंग
2364,-1,हाई लेव्हल व्यंग आपल्याला कळणार
2365,-1,विद्यार्थ्याला व्यंग शिकवा मॅडम
2366,-1,व्यंग विश्वास
2367,-1,भाऊंचे बोलणे व्यंग असतं मग असुदे किंवा इतर पक्ष
2368,-1,पूर्वी लस्सीत मलिंगा नाव मला विचित्र वाटायचे नंतर माणुसही विचित्र वाटायचा असो
2369,-1,आजब्यांनी तुमचं ट्विट चोरलं तुम्ही आजब्यांचं परत तेच झालं मला खरंच आधी वाटलं कुणा भक्ताचं ट्विट नेहरूंवर व्यंग ई देख रहे हैं हम
2370,-1,इतकं व्यंग मला खरंच आधी वाटलं कुणा भक्ताचं ट्विट मग नाव वाचलं आजबे ओ त्तेरी म्हणलं
2371,-1,आईशप्पथ आजबेंचं नेहरूंवर व्यंग आजबे मला खरंच आधी वाटलं कोणा भक्ताचं ट्विट
2372,-1,आम्ही आरक्षणाच्या विरोधात बोलणार फक्त एथिक्स बिथिक्स असले नवीन भानगड सांगताय सर म्हेरीट व्यंग
2373,-1,अहो ताई व्यंग नका एवढे मनाला लावून घेऊ विक्रम दादा ला पर्सनली ओळखतो त्यांचा बोलायचा उद्देश तुम्हाला दुखवायचा नक्कीच नसेल तरीही तुम्हाला वाईट वाटले असले क्षमस्व
2374,-1,यांत्रिकी साठी कसला पगार वाढ नवीन वाढीव पगार
2375,-1,तुमचे व्यंग हेच भविष्यात घडणार मराठी भाऊ उप्र काबीज करणार उद्योग व्यवसाय तिथे
2376,-1,उत्तर द्यायच्या ऐवजी उगीच उर्मटपणे व्यंग गुजराथी धर्म असतो अजिबात आवडले ज्याप्रमाणे मिरा ला खिल्ली उडवत कॉर्नर करायचा प्रयत्न केलेला हॅट्स ऑफ मिरा एवढं त्यांच्या स्पेस वर जाऊन मत मांडणे खरचं सगळ्यांना जमत
2377,-1,भावा करतोय
2378,-1,बोचलिका
2379,-1,शुभसंध्या
2380,-1,व्यंग ज्यांना ट्विटचालिखाणाचा मागचा अर्थ कळा त्यानाच कळा ट्विट खाली व्यक्त होतानाआक्रोश दाखवताना वेळा नक्की वाचा पोस्ट
2381,-1,श्री राधे राधे
2382,-1,तुमच्या मतानुसार गरीब जनता स्कॉच पितेजरा जास्तच व्यंग इथे
2383,-1,व्यंग ला सुद्धा लोक किती गंभीरपणे घेत
2384,-1,असं मंत्रमुग्ध वगैरे नका लिहू रे व्यंग समजत त्यांना मग परत परत असलं काहीतरी बनवतात
2385,-1,आजकाल ट्रेंड रे पाब्लो जसे
2386,-1,आतापर्यंत शेतकरी आंदोलनाला देशद्रोही म्हणणारे त्यांच्या मागण्या अयोग्य म्हणणारे लोक्सभक्त काळे कायदे रद्द केल्याप्रकरणी मोदीजींचे आभार मानतील
2387,-1,कृपया गैरसमज नका घेऊ व्यंग आमच्या सांत्वना नेहमी कर्मचार्यांसोबत होत्या राहतील
2388,-1,व्यंग लोक स्वतःच्या घरात नमाज पढू शकत नाहीत हिंदुनी त्यांना स्वतःची घर उघडून दिवसातून पाच वेळा म्हणतील तुमचं देव खोटा तुमच्याच घरात तुमचेच देव झाका म्हणतील
2389,-1,व्यंग करत फुकटच्या शिव्या खाव्या लागतात
2390,-1,पेक्षा मराठी कलाकारांवर व्यंग स्पेस पाहिजेत लोक बुद्धिजीवी म्हणे रोज अक्कल पाजळतात
2391,-1,हि बाई शहाणी लोकं स्वतः खेळातून बाहेर गेले सांगताय कोण करत व्यंग कसे व्हायचे फक्त यांच्याकडून शिकावे
2392,-1,गूड मार्निंग
2393,-1,हि
2394,-1,दादाहातात शस्त्र घेतल्यानेच कोणी क्रांतिकारक लेखणीतूनही सामाजिक क्रांती होऊ शकते बाकी ट्विट मध्ये व्यंग असेल चूभूद्याघ्या
2395,-1,दिल्ली झागासुर
2396,-1,आई अनुष्का ने तुला व्यंग हाक मारली रे कोण अनुष्का कोण व्यंग तू चुकीच आईकल असेल दुसर कोणाला बोलत असेल मिनिट साठी हृधयाचे ठोके च्या स्पीड ने वाडले
2397,-1,विश्वराष्ट्रपिता महात्मा हगारेजी जेष्ठ स्वातंत्र्य सेनानीविषगुरु तथा प्रथमपरिधानसेवक माननीय मोईजी अखंड विश्व निर्माते प्रथम गृहतारा मंडळ मंत्री मासरदार शाहीजी जेष्ठ कायदेपंडित घटना निर्माते बॅ किरकीरीटसाहेब
2398,-1,शुप्रभात
2399,-1,स्पार्टन्स चे नेतृत्व करताना सगळ्यांची बोबडी वळली स्पार्टन्स भारत भाऊंची दिल्ली कडे कूच स्पार्टा भारत
2400,-1,भारत भाऊ १८७० मध्ये पुण्यात पर्वती ची सैर करताना इंग्रजी अधिकाऱ्यांना भीती वाटावी इतकी दहशत जवळच्या खडकी परिसर एकेकाळी गणेशपुरे असं संबोधला जायचा नंतर त्याला गणेशखिंड म्हणायला लागले
2401,-1,मोदीजी बोलता बोलता कधी नागपूर आलं कळलं भारतभाऊ
2402,-1,ज्या शिक्षकांना ड्रायव्हिंग येते त्यांना एस टी चालवण्यासाठी बोलावणार म्हणे बाकीच्यांना वाहक ची ड्युटी लागू शकते प्रतीत मागवली जाणार
2403,-1,सेनेचा मुख्यमंत्री असताना बाळासाहेबांचा फोटो असलेले बॅनर मागण्यांसाठी आंदोलन करावे लागत
2404,-1,आम्हाला तुम्ही तास आधी आम्हाला सगळं सांगणार मग देवेंद्र जी बरोब्बर तसंच बोलणार
2405,-1,लहानपणी मकर कुंडले तळपती श्रवणी ऐकूनच मासे पकडायला गेलो होतो तिथे मगर सापडली घरी घेवुन आलो
2406,-1,चार दिवस उशिरा ये म्हणण्याचा परिणाम
2407,-1,काहीही करा मला व्हाग म्हणा
2408,-1,सतरंजी उचले ह्याला बेस्ट व्यंग टाळ्या वाजवतील
2409,1,मुंबईला महाराष्ट्रापासून तोडण्याचा डाव आम्ही कधीही सहन करणार ह्या वाक्यावर तिसरी पिढी करोडो रुपये कमवत
2410,1,घरच्या लक्ष्मीला सदोधित सुखात आनंदत ठेवत असाल वेगळ्या शुभेच्छा देण्याघेण्याची गरजच लक्ष्मी आपोआप घरात नांदत असेलपाणी भरत असेल लक्ष्मीपूजनाच्या ह्या अश्या व्यंग शुभेच्छा
2411,-1,खालच्या कॉमेंट्स वाचून बुद्धीची कीव अभ्यासक्रमात व्यंग ऍड करायला हवा
2412,-1,तुझ्या सारख्या चूतिया ला व्यंग कळत ह्या गोष्टीचा निषेध करता नही
2413,-1,वाले पटाखें
2414,-1,मराठी अस्मिता जागी हो बाई दादरा नगर हवेली नी फाफडा जलेबी देवा दिवस आल्येत ज्या गुजराती लोक्कांना शिव्या घालतात त्यांच्या बरोबर दिल्ली ला जाणार म्हणे
2415,-1,व्यंग आमचा महाराष्ट्रात आम्ही फोडणारच आहोत फटाके दीपावली च्या खूप खूप शुभेच्छा
2416,-1,व्यंग खरोखरच विचार आपले
2417,-1,व्हॉट्सॲप वर लिंक पाठवली डाउनलोड इंस्टॉल कर रू चा बोनस तुला भेटल रू चा मला भेटल
2418,-1,यावर बोल ना
2419,-1,फाटली सामान्य गरीब जनतेची महागाई ने
2420,-1,स्वतः चे फॉलोवर ग्यान डतोय असल्यासारखे मंदभक्त
2421,-1,आजचा एपिसोड व्यंग शालजोडीतले
2422,-1,सगळं मुख्यमंत्री खरंच बोलत व्यंग
2423,1,आमचा मित्र आहेतो मागील आठ दिवसापासून वानखडेच्या समर्थनार्थ अन शाहरुखच्या विरोधात स्टेटस ठेवत ठेवावे आपला विरोध महत्वाची गोष्ट ग्रॅज्युवेशन वर्षे महाशयांनी गांजा फुकण्यात उडवली शाहरुख ला सल्ले देत
2424,-1,कोण बोलतय बघा ज्या दिवशी आरोग्य भरतीचा चौथ्यांदा घोळ त्यादिवशी अख्खं महायुद्ध ह्याच केस वर करत
2425,-1,ज्यांना टोपण नाव माहितीये नावाने हाक मारतात
2426,-1,मोदी पंतप्रधान झाल्यापासून भारत मध्ये सामने हरत चाललाय म्हणूनच
2427,-1,निलकंठ ला विचारा ना व्यंग उत्तर ईकडेच दे म्हणाव मधे
2428,-1,त्यांनी व्यंग बोलले असावेत
2429,1,वाजता संध्याकाळी भारत विरुद्ध पाकिस्तान सामना घरातील महिलांनी मालिका दुपारी पाहून पुरुषांना सहकार्य करावेघरातील विषय असल्यास वाजेचे आत चर्चिले जावेमॅच चे दरम्यान करू नये स्वयंपाक करू प्रश्न वाजे चे आत विचारू घेणे धन्यवाद
2430,-1,वर स्टेटच्या विरोधात व्यंग असला रासुका लावतील येवढी बेक्कार सिस्टीम
2431,-1,मधले कंडोम चिवडून आलेत किलो ड्रग्स कोणाच पत्या लागला अद्याप ह्यांना वानडे भानगड
2432,-1,एवढं पचनार त्यांना
2433,-1,माझी मर्जी मला बोलायचं तुझ्याशी
2434,-1,काँग्रेसवाले दमनशाही बद्दल बोलतात च
2435,-1,रोज चवीपुरते ड्रग्स घ्या
2436,-1,फोटो पाहून सतरंजी उचल्याना व्यंग सारखाच ने शब्द येतो
2437,-1,मला देशमुखांची पोस्ट व्यंग वाटत खरं खोटं देव जाणे
2438,-1,हो ना ह्या सरकारने शास्त्रीय पद्धत वगैरे बद्दल बोलणं व्यंग च
2439,-1,आपल्यातला रावण माराल तेव्हा मारा हो कुठलीही गोष्ट पडताळल्या शिवाय करत सुटणारा ट्विटरासुर अवश्य मारा
2440,-1,गूगल भाषांतर सांगताय प्रत्यक्ष ला मराठीत कुठलाच शब्द प्रचलित नाहीये व्यंग एकतर खूपच वाङ्मयी असावा किंवा गूगलला व्यंग ह्या इंग्रजी शब्दाच्या सर्वात जवळील शब्द वाटला असावा मराठी माणसाच्या आयुष्यात व्यंग उरलाच कुठे तेव्हा त्याला मराठी प्रतिशब्द असायला
2441,-1,सगळे टोमणे व्यंग ट्विट आपल्याच साठी समज बाळगणारे स्वतःच स्वतःवर उडवून घेतात लाखो लोकांच्या गर्दीत त्याने मलाच टोमणा मारला कॉन्फिडन्स असतो यांना कमालीचे सकारात्मक लोकं
2442,1,लग्नपत्रिकेत सगळ्या नातेवाईकांची नावे बसली टाकू शकतो
2443,-1,भारी व्यंग आठवलं जाऊद्या उगाच कुणाच्या व्हायला नको
2444,1,काळजी नको करू पिल्लू आपण करू माझ्या घरच्यांना
2445,-1,आहो माझे कित्येक जण लिहीण्याआधीच करतात जाउदे
2446,-1,व्यंग च्या देवा तुला
2447,-1,माझ्याकडे लेटेस्ट फोटोशॉप नाहीये रे परवडत झोल घ्यावं वाटत त्यातून मुंबई हरली आशिषराव मारू लागले आखीर हम करे करे क्या
2448,-1,माऊली व्यंग हीच रिॲलिटी ट्विटर ची
2449,-1,लोकांना ट्विटर वर ज्ञान मनोरंजन पाहिजे त्यात मीही आलो ज्ञान फालतू नाहीच कामाची गोष्ट सुद्धा नको त्यांना व्यंग कोणाची उडवणारे पाहिजे
2450,-1,अरे व्यंग समजून घे हेमंत भावाला काहींनी खूप ट्रोल केलं गेेलं तू ट्विटर वर २०१९ ला जॉईन आहेस गेली खूप वर्ष झालं बघतोय
2451,-1,तुझा रिप्लाय खरच अंतःकरणातुन आलाय तु व्यंग ने लिहिलं भावा
2452,-1,अरे यांना शालजोडीतले मारलेले कळत नाहीत राव
2453,-1,इंग्रजी भाषेत व्यंग नावाचा शब्द अर्थ वाक्यात प्रयोग कर गृहपाठ तू विषयावर पुन्हा बोलणार उलटा चोर कोतवाल को डाटे म्हण वेळा लिहून अर्थ पाठ कर
2454,1,प्रत्यक्ष गांधीजींच्या सहवासात राहून देखील नेहरूंची दारू सिगारेट सुटली मग गांधी जयंती दिवशी ड्राय डे ठेवून सामान्य जनतेला वेठीस धरण्यात पॉइंट
2455,-1,अरे खड्डे पाहायला ट्रेन ने प्रवास व्यंग ने च दिलय तुम्ही
2456,-1,विचित्र प्राणी
2457,-1,जिंदा है प्याला पुरा भरले
2458,1,कदाचित त्यांनी राज्यपाल महोदयांना सांगितले असेल ओला दुष्काळग्रस्त शेतकऱ्यांना जी मदत भविष्यात जाणार त्यात मोठा घोटाळा याचे पानांचे सबळ पुरावे आधीच तयार माझ्याकडे
2459,-1,टाकायच विसरलो भाऊ
2460,-1,तुला रुपये पेट्रोल स्वस्त वाटतं रुपयाची शिवभोजन थाळी महाग वाटते
2461,1,अब्दुल कलाम जी आपण राष्ट्रपती असायला हवे तुमच्या सही ने तुमचे स्वतःचेच नागरिकत्व संपवत असताना तुम्हाला बघता असते
2462,-1,छान दिसत
2463,-1,सीमेंट एंड गिट्टी आल्सो
2464,-1,प्रसिद्धी साठी वाट्टेल करतो फेकू बुवा नाक कापून आलाय विदेशातून
2465,-1,खरच राव पहिल्यांदा व्यंग कमेन्ट ट्विट करतो यावर अभिमान वाटायला लागला खरच ठांकु
2466,-1,म्हंजे व्यंग तेच ज्याची लोक सोबत गल्लत करतात
2467,-1,व्यंग मध्येच येतं ना वाल्यांना वाईट नको वाटायला नको ना
2468,-1,बाळा व्यंग व्यंग बद्दल ऐकलस कधी
2469,-1,राहुद्या वाचावे तितके नवल
2470,-1,व्यंग जरी ने बनवले त्यावर खड्डे नक्कीच असणार निशाणी
2471,-1,मला वाटत त्यांना व्यंग समजला त्यांनी लीहले
2472,-1,तुम्हाला व्यंग कळलेला दिसत लिमये ला तडीस लावणार्या टिम पैकी अजुन बर्याच लोकांना लावायचय
2473,-1,लोक साध्या व्यंग ला देखील घाबरतात त्याला मारहाण करतात सरकार याला पाठिंबा देते दुर्दैव महाराष्ट्राचे मुख्यमंत्री राज्याचे आणीबाणी राज्यात नक्की
2474,-1,मुलींवर मेमे बनवून व्यंग कळत बोलणारे इथच त्यांच्यावर मेमे तयार झाल्यावर रडत फिरणारे इथच
2475,-1,गाववाले तुम्ही राहुद्या तुमचा पोलचा इतिहास बघता तुमचं व्यंग सुद्धा तुमच्यावरच उलटण्याची शक्यता जास्त अकाऊंट रिपोर्ट करतील मग
2476,-1,माझा आधी खुप जणांनी केलाय खर व्यंग पोस्ट तुम्हाला व्यंग समजल्यासाठी
2477,-1,म्हणतो मराठी मुलींना व्यंग समजत दुष्ट माणूस
2478,-1,राऊत साहेबांच्या एवढ्या चांगल्या शुभेच्छांमध्ये सुद्धा मला व्यंग वाटतय
2479,-1,व्यंग आशा उपरोध नाहीतर चांगले मानसोपचार तज्ञ मला माहीत त्यांचे नंबर तुम्हाला देतो
2480,-1,जर व्यंग कळत नसेल गप्प बसणं उचित मित्रा अवघड ठिकाणी माझं लागलं असेल मलम लावावे राजकारण सण वेगळे ठेवा राजकीय पक्षांना सांगायचं बरं आपण कोण आहोत आपला पगार कितीआपण कोणाशी बोलतोय ह्याचं भान ठेवत जा मित्रा बाबांचा फोन उगाच अक्कल शिकवायची
2481,-1,माझे असतात हलका फुलका व्यंग असतो महाराजांच्या फोटो खाली चालवणं मला योग्य वाटत चुकत असेल सांगा
2482,-1,हो व्यंग असतं तेअपेक्षा व्यंग कळतं तुम्हाला
2483,-1,आइ एम नॉट अ न्यूबी एंड नॉट अ सेलेब जस्ट अ ट्विटर एकाउंट
2484,-1,तुम्हावर मर्जी बहाल नका सोडून जावू रंग महाल
2485,-1,साहेब आपल्याला इथे राज्यात कोणी बोलले घर पाडले तुम्ही कोणी बंगल्यावर नेवून मारले लोकांवर केसेस टाकल्या टीका पत्रकारांना अटक सूडबुद्धीने तुम्ही लोकशाहीच्या गप्पा मारत आहात शोभते
2486,1,ओळखीतील मुलीचा बॉयफ़्रेंड डॉक्टर दोन्ही बाजूंनी नव्हे अगदी अष्टकोनात सुटलेला बायोमध्ये लिहिलंय
2487,-1,मॅडम तुम्हाला व्यंग वर थोडी भर देण्याची गरज
2488,-1,मुलींना शिकू द्यायचं असं माझं म्हणणं चूल मूल बास्स हेच त्यांचं जीवन
2489,-1,लोकांनी व्यंग मध्ये हो बोलले
2490,-1,बैल पोळा अयोध्या पोळ चा काडीमात्र संबंध कृपया व्यंग करताना काळजी घ्या डुकरांचा सण असेल उपमा द्या
2491,-1,घंटा बडवून रोजगार निर्मिती शवसेणा मग कोथळा काढून रोजगार निर्मिती भाऊ तोरसेकर शवसेणा भाऊ व्यंग
2492,-1,ईस्लामोफोबिया झालाय ईंदुना व्यंग अजुन देखील हिंदुना मुसलमान विषयी नक्की मत ठरवता आलेले हां स्व जातीविषयीचा व्रुथा अभिमान पक्का ठरवला
2493,-1,गोपीचंद ची औकात दाखवली विजय वडेट्टीवार यांनी गोपीनाथ पडळकर किडा सगळे फेकतात त्याला
2494,-1,गुड मॉर्निंग चासमिश
2495,-1,ये मोर्निग स्पेसल वाला ह नॉर्मल वाला
2496,-1,उचललेला माल इकडे येऊन चिकटवायच बंद कर मग स्वतःला व्यंग म्हणत फिर
2497,-1,मुर्ख असंतुष्ट फेक प्रोफाईलवाल्या अंधभक्ताना सतत उत्तर देण्या एवढी त्यांची
2498,-1,भाऊ हसून हसून पागल झालो यार कुठून येतो इतका व्यंग
2499,-1,सत्ता मिळाल्या पासुन अंधभक्तांचा फेक प्रोफाईल वाले यांचा मेंदु खरोखरच सडलाय
2500,-1,वास्तविक १०५ आमदार निवडुन येउन रात्रीस खेळ करुन भल्या पहाटे एकांतात शपथ विधी करुन सत्ता मिळाल्याचे शल्य जीव्हारी लागल्यामुळे अंधभक्तांचा थयथयात महाराष्ट्रातील जनता समजु शकते थोडे दिवस थांबा राज्यात देशात अंधभक्त भुईसपाट होणारच
2501,-1,सर्वच थोटांड महाराष्ट्राची जनता सुज्ञ पुढच्या निवडणुकीत फोडणार अंधभक्ताचे थोबाड
2502,-1,घंटा सांगितल मुळ विषय अंबानीच्या बंगल्या जवळील फटाके अंधभक्तांच्या केंद्रिय टोळ्या शोधतात मिठी नदीची गटारे
2503,-1,रविवारी सकाळी वैशाली मध्ये जाऊन मसाला डोसा हादडणाऱ्या पुणेरी संघोट्यांनो बघा डोश्याचा इतिहास खाणार डोसा व्यंग
2504,-1,तुम्हाला घरच्या घरी सेफ राहून छान करमणूक व्यंग
2505,-1,मग साफ करण्यासाठी केंद्रातील तपास यंत्रणा कारण सतत वर्षे तपास करुन काहीच हाती लागल्यामुळे आपण सांगितलेले उपरोक्त उत्तम करतील त्यांच्यावर केंद्रसरकार वायफळ खर्च करतेय सुध्दा जनतेच्या तिजोरीतुन मग खर्च मार्गी लागेल
2506,-1,कोणाच्या मध्यवर्ती कार्यालयात
2507,-1,श्री गौरीसुताय नम
2508,-1,थोडं शिकलेल्या लोकांना खाली लिहलेलं समजतंआता किरीट सोमय्या मंत्री कसे आमदार सुद्धा नाहीत केंद्रात शिवसेनेच्या धंद्यावर लाथ मारून काढले तुमच्या रिप्लाय वरून तसंच वाटलं कुठला टाकत असाल नाहीवाईट सुद्धा तुम्ही चालू द्या
2509,-1,खासदार किरीट सोमय्या ह्यांना आमच्या वाट्यातून मंत्रिपद देतो त्यांना शांत बसा म्हणावं शिवसेनेचा नवा प्रस्ताव
2510,-1,हो ना मग भाजपमध्ये करोडपती नाहीत
2511,-1,राज्य सरकारने करोना ची तिसरी लाट जवळपास अणुनच ठेवली मोहरम नंतर गणपती जाई पर्यंत राणें साहेबांनी घोळ लाटेचा विषय सध्या साइड ला गेला मीडिया फ्री होईल तेव्हा तीसरी लाट आणली जाईल तसदी बद्दल शमस्व जनहितार्थ जाहीर
2512,-1,कर्तव्य व्यवस्थित पार पाडणाऱ्यांवरच अधिकार मर्यादेपेक्षा जास्त बरं वापरले जातात अधिकार गाजवणाऱ्यांची संख्या कर्तव्यदक्ष लोकांसाठीच जास्त असते
2513,-1,असं उघडपणे सांगू शकत प्रतिष्ठित कूटुंबातील सुंदर महिलेशी संबंधित एवढं नक्की
2514,-1,उलथणं सराटा
2515,-1,मला इथे थोडा व्यंग जाणवतो त्याकडे दुर्लक्ष करायला तयार प्रोसेस असते
2516,-1,एकंदरीतच आजचा राडा बघता हेच सुचलं
2517,-1,ज्याला केंद्रात मंत्री पद साठी केंद्रीय मंत्री स्टेटमेंट देत किती लाजिरवाणी गोष्ट विचार कर झोप
2518,1,घ्या हेच बघायचं राहिलं होतं मोदीजीं पासुन मोहन भागवतजीं पर्यंत सगळ्या भाजपवाल्यांची पितरं काढणाऱ्यासाठी भाजपच्याच कार्यकर्त्यांना आंदोलन करावं लागतंय दिवस आलेत उपऱ्यासाठी निष्ठावंत सतरंज्या साफ करताय व्यंग
2519,-1,जय श्री राम जय श्री राम जय श्री राम
2520,-1,पू ल च्या नंतर एवढा भारी व्यंग पहिल्यांदा पहिला
2521,-1,ट्विट करू नको तुझे अकाउंट सस्पेंड होईल ट्विटर ला व्यंग समजत
2522,-1,तुला व्यंग कळत शाळातच लिहलय आधी महाराजांना वाच मग फालतुचे वाद विवाद कर
2523,-1,ज्याला व्यंग फेकून मारलाय त्याच
2524,-1,इथे लोक व्यंग वर ऑफेंड होतात इतर गोष्टी लांबच राहिल्या
2525,-1,राधेगोविंद राधेकृष्णा
2526,-1,मोक्कार व्यंग देशाची तिजोरी सक्षमपणे सांभाळणाऱ्या
2527,-1,औंधच्या नरोबाला नवस केल्यास गाडीतील पेट्रोल स्वयंपाक घरातील गॅस कधीच संपत नाहि सरकारी नोकरी नसेल लगेच सरकारी नोकरी लागते तुमच्या खात्यात जमा होतात ॐ नरोबाय नमः
2528,-1,लोकांची बराबरी करूच शकत ज्यांना कळत कोणी मस्करी ज्ञान पाजळायला येतात जेव्हा त्यांचा नंबर लागतो तुला कळत बोलून टोमणे मारतात ह्यात मोठे हॅण्डल
2529,-1,मग तुम्ही सेलेक्टिव धर्मनिरपेक्षता स्वीकारली समजतो गरीबीचा व्यंग समजला असता बर असते असो सेलेक्टिव धर्मनिरपेक्षतेसाठी खुप खुप शुभेच्छा
2530,-1,भाई कूल व्यंग मध्ये बोललो तु माजी क्रिकेट फॅन पलटी मारायला लागला आम्हा कायमचे क्रिकेट ला वाहिलेल्या पंखा मंडळीच कसं
2531,-1,कमेंट मध्ये कुठे व्यंग
2532,-1,व्यंग कोणी नवीन होस्टेलच्या खिडकीतून उडी मारली
2533,1,स्वातंत्र्य दिनाच्या शुभ मुहूर्तावर लाॅकडाऊनच्या गोष्टी देवा वाचव रे ब्येष्ट शियमच्या तावडीतून
2534,-1,व्यंग समजण्याइतकी अक्कल नसते बेअक्कल लोकांना यांचा जन्म फक्त दुसरे कसे चुकीचे दाखवण्यासाठीच चुतीये कुठले
2535,-1,क्या फैक्चुअली करेक्ट ओपिनियन है
2536,-1,महाराष्ट्रात मराठीच्या मागणीचा तिरस्कार हींदि ह्या भलत्याच प्रदेशातल्या प्रादेशिक भाषेला राष्ट्रभाषा म्हणणे महाराष्ट्रात चालू दिले जाणार नाय सर्वत्र विरोध केलाच जाईल
2537,-1,याला वाक्प्रचार म्हणतात म्हणी उपरोधिक असतात
2538,-1,प्लस वन किंग
2539,-1,लोकं पुरावे जेव्हा झी न्यूज ओप्पो वगैरेच्या लिंक चेपतात व्यंग जागीच आत्महत्या करते
2540,-1,आर्रर्र भेंडी समजून सांगायला लागले माझा व्यंग चा दोघांचा पन अपमान
2541,-1,ग्रुप खरचं लोक बौद्ध धर्मावर व्यंग करतात असच वाटते नेहमी वाचून प्रत्येक हिंदू सणाला बौद्ध धर्माचा सण खपवतात
2542,-1,तुरंत
2543,-1,मला हेडलाईन वाचताना वाटलं व्यंग न्युज सारख काहीतरी आहार अजूनही पटत माणूस असं बोलू शकतो
2544,-1,नक्कीच नहीं संगोट्यां मुळे नक्कीच नहीं
2545,-1,ट्विटर वर कोणी लिहावे प्रत्येकाचा वैयक्तिक मुद्दा परंतु सोशल मीडियाच नव्हे खऱ्या आयुष्यात देखील बोलताना सीमा पाळल्या जातात व्यंग समजत नसेलच तुम्ही प्रतिक्रिया कशाला देता कशाला तुमचा वेळ वाया घालवता
2546,-1,श्रीरामपूरमध्ये संतापाची लाट लव्ह जिहादचे जाळे टाकून अल्पवयीन मुलीला पळवले ’
2547,-1,उपहास व्यंग उपवास उप जवळ वास राहणे देवाच्या जवळ राहणे अर्थ माझ्या आजोबांनी मला लहानपणी सांगितला
2548,-1,ले ए टी एम आल्सो
2549,-1,मला वाटलं व्यंग
2550,-1,देश मध्ये स्वतंत्र
2551,-1,इगनोरिंग मि
2552,1,उद्धवसाहेबांचं राज्यात वाढतं वजन पाहुन मोदींनी राज्यातील मतदार भाजपला मतदान करावं म्हणुन राजमुद्रा प्रतिक घेतलं उध्दवसाहेब तुम आगे बढो
2553,-1,विद्यापीठ चौकातील भविष्यातील दृश्य
2554,-1,हजेरी लावली जनतेवर खूप खूप उपकार होतील
2555,-1,साहेब आपले कल्याणचे आमदार साहेबांनी परममित्र यांना लक्ष आमदार निधी देवून रस्ता बनवला एकदा बघायला यावे नम्र विनंती आपणसर्व मान्यवरांनी देखील
2556,-1,खरेच उगाचच मोदी कसले श्रेय घेत आहेतछत्रपती महाराजांची राजमुद्रा नौदलाच्या ध्वजावर असण्याची मूळची कल्पना पवार साहेबांचीजेव्हा देशाचे संरक्षण मंत्री होतेपण मोदी श्रेय घेत आहेतएकदम कृतघ्न
2557,-1,कामाकडे लक्ष द्या दादा ह्याची आवश्यकता
2558,-1,दुर्दैवाने सोनिया गांधी यांच्या मातोश्री भारताच्या नागरिक नव्हत्या हिंदू धर्मीय नसल्याने अस्थी कलश चा प्रश्न अस्थी कलश सगळ्या पावित्र स्थळी विसर्जित करण्याची परंपरा गांधी नेहरू यां पासून चालू आहेउगाच काहिही चिपकवू नये
2559,-1,निषेधार्ह आहेच स्त्रियांना जाहीरपणे खाजगी मध्ये अर्वाच्य शिव्या देणारे निवृत्त सैनिक अधिकाऱ्याला मारहाण करणारे घरी बोलवून अमानुष मारहाण करणारे सुद्धा भेकड निर्लज्ज मदमस्त असतात
2560,-1,नोट प्रेस मध्ये नोटा छापण्यारा कर्मचारी मग रोज एकाही नोटेेला हात ना लावता घरी जाणे
2561,-1,मोदींनी शेती विषयक कायदे पास घेतले त्याला कुबेर सारख्या नी विरोध उलट्या बोंबा मारतात सरड्यासारखे रंग बदलता क्या कळपात सामील येतं
2562,-1,यांच्या शुभेच्छा कोणी मागितल्या यांच्या हुशारी चा प्रयत्न दाखवत केलेल्या व्यंग नी आम्हाला फरक पडत
2563,-1,ग्लोबल वॉर्मिंग करण्यात सुद्धा मदत होईल
2564,-1,सरकारी तिजोरीतून सुविधा राजकारण्यांचा खर्च करण्याची कमाल तुमची बुवा त्यापेक्षा दंडवते जॉर्ज फर्नांडिस अशा लोकांबद्दल ह्या संदर्भातील जनतेपर्यंत पोहोचवा
2565,-1,हिंदूंचे सणासुदीचे आनंदाचे दिवस कुबरांसारखे अत्यंत हिंदुद्वेषी पुरोगाम्यांचे पोटदुखीचे त्यांना ज्ञान पाजण्याचे दिवस सण समारंभ मंगल प्रसंगी आनंद असणारच त्यात समाजकंटक हात धुवून घेतात साठी पोलीस आहेतच हेच कुबेर ईद क्रिसमसला गप्प असतात
2566,-1,‘सोशल मीडियाचा प्रभावी वापर’ ह्या विषयाच्या कार्यशाळेत महिलेनी दुसऱ्या महिलेबद्दल कोणत्या भाषेचा वापर करावा ह्याचं मार्गदर्शन करण्यात आलं असावं पुढच्या कार्यशाळेत नाव नोंदून घ्या गर्दी प्रचंड
2567,-1,भिवंडी ची भेट घ्या
2568,-1,तुम्ही व्यंग कंमेंट्स करतात कसं सुचलं चारोळी छान जमलं तुम्हाला
2569,-1,तुमच्या दोघांच्या व्यंग मध्ये माझा पोपट
2570,-1,साफ खोट पवार साहेबांच काहिंच्या बायका पिसाळुन जातात
2571,-1,अगदी सरळ आहेरेल्वे चीकेंद्राची रेल्वे जन सामान्य माणसाला दुचाकी घरी सुद्धा जाऊ देत नाहीकिती घोर अन्याय
2572,-1,म्हणतो कशाला हवी लोकल कोळशावर चालणारी गाडी नको किंवा थेट बैलगाडी चांगली ठरेल
2573,-1,जे उरलेत त्यांच्यासाठी खिसा थोडा खाली करण्याची गरज कारण लोकं सत्तेत अजूनपर्यंत कधी नव्हतीत्यांच्या मतदार संघात तुमच्यापेक्षा शिंदे सेना च प्रामुख्याने दिसतेय कारण खर्च करतायेत बॅनर्सहोल्डिंग्स अन् कार्यकर्त्यांवरइतकी वर्षे सत्ता भोगल्यावर देण्याची वेळ
2574,-1,माणूस खरच मूर्ख लोकांची किव येते ज्यांनी अशा माणसाला निवडून दिलं
2575,-1,बोलणारे डॉक्टर विशेष
2576,-1,स्वस्त वस्तु हव्या असल्यास जास्त प्रयत्न करण्याची गरज नाहीतामिळनाडू मधून बोटीने श्री लंकेत जाता येईल
2577,-1,शेल्डन कुपरच्या वरचं व्यंग झालं
2578,-1,अहो व्यंग
2579,-1,अरे अडाणी माणसा व्यंग नावाची गोष्ट असते मुर्खा
2580,-1,पुणे विद्यापीठ चौकात चुकीच्या उड्डाणपुलाचे वर्षे चालले होतेआणि भरपूर त्रास लोकांना होतापरत एकदा सगळे आहेजुना उड्डाणपूल करणाऱ्या लोकांवर कारवाई
2581,-1,तुमचे नक्की म्हणणे टॉवर पाडणे तेही राजकारणी बिल्डरांनी लोकांनी कायद्याला आव्हान देऊन बांधलेले सुरुवात ह्याचा लोकांना आनंद अश्या अनधिकृत बांधकामात पैसे टाकून घरे विकत घेणार सामान्य बावळट भोळे नसतात त्यांना पूर्ण ठाऊक असते अनधिकृत
2582,-1,वाक्य व्यंग आहेत्यामुळे वापरलं
2583,-1,रोबोट बोला
2584,-1,शरद पवार ईफ्तार पार्टी मधे कबाब पुरणपोळी खाताना
2585,-1,म्हणूनच कदाचित स्वतःला गर्दीत एकांतातच शोधता येतं
2586,-1,अगदी दुर्दैवी घटना आहेसरकारी यंत्रणा इतकी ढिम्म अश्या घटनांनी हलत सुद्धा नाहीआता मागच्या वर्षीच विधानसभा समोर विष पिऊन शेतकऱ्याने आत्महत्या केलीसरकार मीडिया सुद्धा नोंद घेत नव्हती
2587,-1,मध्ये फिरण्याचा आनंद फक्त कार मालकांंसाठी राखीव आहेत्यामुळेच
2588,-1,च्या देशा
2589,1,साहेब चे अध्यक्ष होतेतेव्हा त्यांनी हार्दिक रविंद्र भुवनेश्वर ह्या सारख्या हिऱ्यानां पैलू पाडले होतेत्यामुळेच कालचा विजय शक्य
2590,-1,कटाक्ष इस नाम को मै क्या नाम दु कोण कधी बोलत त्याचं मेळ नाहीं कि ताळमेळ नाहीं
2591,-1,लोकशाही मध्ये लोक नेत्याला स्वीकारतात महत्वाचे लिब्रांडू लोकांच्या हिंदू द्वेष अरेरावीला कंटाळून त्यांना कसे झिडकारले आठवा काँग्रेसने सोनिया राहुल ह्यांना झिडकारून टाकावे हिंदुद्वेष सोडावा तरच पक्ष टिकेल
2592,-1,माणूस खरच प्राध्यापक
2593,-1,अगदी योग्य
2594,-1,चुकीची मिळाली तुम्हाला
2595,-1,तुमच्या भागातली पद्धत पारंपरिक आरोग्यपूर्ण दीक्षित नाश्ता पद्धत पाश्चात्य त्यांच्यासाठी योग्य आपली जीवनशैलीही पाश्चात्यांसारखी विशेषतः सूर्यास्तानंतर बऱ्याच वेळाने जेवणे झोपणे
2596,-1,केंद्रातील राज्यातील सरकार जर उद्या गेलं ह्याला बांग्लादेशात स्थायिक व्हावं लागेल
2597,-1,बायकोच्या बोलण्यात व्यंग असतोच असं मला कायम वाटत होतं टायमिंग साधून टायमावर घरी येण्यासाठी आठवणीने दिलेली आठवण आणून देणारी सुखद भेट
2598,-1,खरचं आताच १० वेळा वाचले डोक्याचा पार भुगा ना कळायला मार्गच राव मग यांची कॉमेंट वाचली तेव्हा कुठे डोके शांत
2599,-1,गर्दीची कसोटी लावली मागील वर्षापासुन राज ठाकरे राज्याचे मुख्यमंत्री आहेतनाही
2600,-1,मुंबईला महाराष्ट्रापासून वेगळं करण्यासाठी बनवलेला पूल
2601,-1,कळवतो हो दाजींना मगाच व्यंग हो
2602,-1,मला जास्त जाणवत असलेली समस्या विषयीचं बोलत होतो व्यंग पद्धतीने बाकी तुम्ही विचार करता ठरवू शकत आपल्यावर थोपवू शकत
2603,-1,याचे पेंग्विन राज्य
2604,-1,अरे तुम्ही लोकहिताची कामे करता आम्हाला वाटले जातींमध्ये दुही माजवणे खोटा इतिहास लिहिणाऱ्याचा प्रचार प्रसार करणेबेकायदेशीर झोपडपट्टी वाल्यांना एकत्र आपली राजकीय पोळी भाजणे हेच जीवनाचे उद्दीष्ट
2605,-1,मला माझा मजूर माझ्या डोळ्या समोर करताना बघायचा भले आठवड्यात एकदाही मॅनेजर बोलला चालेल ल च्या देवा
2606,-1,सत्तेविना मती गेली जो मिळेल त्याच्याशी युती
2607,-1,ठिकाण आपले तेच २७ गावातील एकमेव दुर्लक्षित प्रभाग अडिवलि काका ढाबा मलंगगड रोड कल्याण पूर्व प्रभागात वयक्तिक लक्ष असू द्या कारण नागरिकांना स्थानिक नगरसेवक कडून काहीच अपेक्षा नाहीत
2608,-1,यांच्या अथक प्रयत्नानंतर नागरिकांच्या मनोरंजनासाठी सुशोभीकरणाच्या हेतूने पाण्याचे कारंजे पाण्याचे तलाव बांधण्यात नागरिक मान्यवरांनी ह्याचा लाभ घ्यावा
2609,-1,काकांच्या हातातून सुटले तरच वाचू शकतील
2610,-1,बाळासाहेब बाबासाहेब पुरंदरे यांचा एकमेकांबद्दल असलेला आदरआणि ह्या संबंधी मराठी माणसाचे असलेले प्रेमहे सगळे विसरून जाऊन अश्या संघटनेच्या कुशीत गेले जे फक्त द्वेष पसरवण्यासाठी पवार साहेबांनी वापर केलेला आहेकाळ सांगेल युती बरोबर चूक
2611,-1,सिरियल वाली चांगलेच विशेषण वापरले आहेस्त्रीवादी पुरोगामी वैद्य शोभतातआशा करतो घरातील आसपास स्त्रियांचा तुम्ही उल्लेख नसल करत
2612,-1,काका सेनेला पूर्णपणे संपविला शिवाय थांबणार
2613,-1,गांधीपवार ठाकरे बचाओ आंदोलन हातात घ्यावे लागेल पुरोगामी पत्रकारांनानाहीतर सगळेच होण्याच्या मार्गावर
2614,-1,माधव मिश्रा उर्फ ​​पंकज त्रिपाठी जस्टिसऑनहॉटस्टार
2615,-1,वादक पदवी जबाबदारी आपली मराठी संस्कृती परंपरा जपण्याची
2616,-1,गुजराती व्यापाऱ्यांना सोडण्यासाठी बुलेट ट्रेन ची गरजच आपले रोहित दादा ना बनून त्यांना बरोबर सोडुन देतील
2617,-1,तुझी हर्बल तंबाखू खूप कडक वाटते अरे सुपारी चाय बिस्कुट पत्रकाराचे चुकून झालेले प्रमोशन फार सिरीयसली घेऊ नकोस त्यांना
2618,-1,कसली मजा भावा ठेचा खाऊन मोड त्याचे ऑपरेशन जाम दुखलं रे ठेचा शब्द ऐकला घाम फुटतो
2619,-1,तेच गृहस्थ ना जे गरिबांच्या चाळी करण्याच्या नावाखाली मलिदा लाटला आहेपत्रा चाळ काहीतरी नाव आहेतुम्हाला माहीत असेलच
2620,-1,कर्पूरगौरं करुणावतारं संसारसारम् भुजगेन्द्रहारम् सदावसन्तं हृदयारविन्दे भवं भवानीसहितं नमामि ॥
2621,-1,च्या देवा ज्या संत गाडगेबाबा यांनी संपूर्ण आयुष्य स्वच्छतेचे महत्व पटऊन देण्यात खर्ची घातलं त्यांची उपेक्षा
2622,-1,तुम्ही नेहमी विचारता ठाकरेंचा व्यवसाय सोय करावी वाटली पोटात दुखत
2623,1,आमच्या डॉलर चे रुपये मिळतील आजचा रेट ₹ कमिशन
2624,-1,सिलिकॉन डोनेशन
2625,-1,कंपनी हस्तांतरण कायदेशीर कर्ज च्या आधी घेतले अटी तेव्हाच्याच कुबेरना धास्ती उद्या लोकसत्ता अंबानी किंवा अदानीकडे गेला आपल्याला कुठे लाथ मारून बाहेर काढले जाईल नवीन मालकांचे जोडे साफ करावे लागतील
2626,-1,निर्माण ध्वस्तीकरण
2627,-1,शनिवारची व्यंग स्पेस एकदम बंद
2628,-1,आलेल्या ची संख्या पहाता तुम्हाला स्पष्ट करू इच्छितो वजन झालं पाहिजे लोकांचा ग्रुप कोणताही ग्रुप वजन करण्यासाठी तुमच्या उत्सुकतेचा सलाम
2629,-1,हेच अमाचे नशीब असले बेअक्कल लोक आमचं प्रतिनिधीत्व करणार ह्यातला एकही निवडून पाहिजे परत परत फिरून पहियेत लोकांनी लक्षात ठेवावं
2630,-1,चुकी तुमच्याच पक्षाची अशा पानटपरी वरच्या नाक्यावरच्या अशिक्षित असंस्कृत लोकांना लोकप्रिनिधीं बनवून महाराष्ट्राला दिवस दाखवलेत
2631,-1,विरोधकांना शत्रू समजणारे लोक सत्तेत बसले यांच्याबरोबर जिकायचे असल्यास युद्धाचीच तयारी असणे गरजेच अन्यथा पराभव अटळ
2632,1,५० खोके एकदम चे मार्केट मध्ये विधानसभेत लोकांनी तेच घालून बसावे बाहेर लोकांनाही वाटावे
2633,1,पुरोगामी शाहू फुले आंबेडकर यांचा विचारांची लढाई विचाराने लढणाऱ्या महाराष्ट्राचे आमदार विधानभवनाच्या पायऱ्यांवर मारामाऱ्या करतात ने मंत्रालयाच्या बिल्डिंग वरून उडी मारून आत्महत्या करण्याचा प्रयत्न ल कारण मंत्रालयाच्या मध्ये जाळी लावलेली
2634,-1,परंतु योगीजिंना आपले एकटे संजय राऊत आव्हान देऊन होतेत्यामुळे त्यांच्या जागा वरुन पर्यंत खाली आल्याखरोखरच योगी इतके
2635,-1,व्यंग आई वडिलांबद्दल ना गोविदा पथकांना पडलंय ना आयोजकांना
2636,-1,कोपरखळी मिश्किल टिप्पणी विनोदाच्या प्रकारापासून बाई कोसो मैल दूर
2637,-1,च्या देवा
2638,-1,अभ्यास व्यंग गेला वाटत भाऊ तुझा
2639,-1,आमचे गडकरी साहेब २०२४ साली पंतप्रधान पदाचे प्रबळ दावेदार त्यांना पंतप्रधान पदापासून दूर ठेवण्यासाठी मोदीशा पंतांनी मराठी भैय्ये कामाला लावलेत बरोबर गिरीश भौ
2640,1,खंजीर महाराष्ट्रातल्या राजकारण्यांचं आवडतं शस्त्र जो उठतो खंजीरच खुपसतो अरे दुसरं काहीतरी शस्त्र शोधा राव
2641,1,देवाला मानणारा देवानेच पाठवावा विरोधाभास जियो मेरे लाल
2642,-1,कोणी सांगा मला व्यंग होतं
2643,1,व्यंग ज्यांना मराठी जनांचे कैवारी समजत होतो त्यांच्यामुळेच मराठी माणूस मुंबई मधून हद्दपार ज्यांना हिंदुहृदयसम्राट पदवी तेच कायम हिंदूंमध्ये वाद लावत जो हिंदूंसाठी लढतोय त्यालाच बिनडोक शेनीक विरोध करतायत
2644,-1,श्री कृष्ण गोविंद हरे मुरारी नाथ नारायण वासुदेवा श्री कृष्ण गोविंद हरे मुरारी नाथ नारायण वासुदेवा श्री कृष्ण गोविंद हरे मुरारी नाथ नारायण वासुदेवा श्री कृष्ण गोविंद हरे मुरारी नाथ नारायण वासुदेवा
2645,-1,खरय तुमच मैडम माझे ट्वीट निव्वळ
2646,-1,श्री कृष्ण गोविंद हरे मुरारी नाथ नारायण वासुदेवा
2647,-1,ब्राम्हण ना त्याच्यावर चांगले संस्कार त्याला ब्राम्हण घेतील मग सुटका करतील भक्तांनी कंमेंट पासून दूर राहावे
2648,-1,किती ना बहूत्येक लोकं सिरीज त्याच पद्धतीने बघणार
2649,-1,आईला विचार तुझ्या व्यंग च्या नावाखाली तुझ्या घरचे संस्कार इथे दाखवू नको
2650,-1,वरून ग्रोव्हर ने जास्त पाहिजेत जाम भारी
2651,-1,च्या देवा तुला ठिणगि ठिणगि वाहु दे
2652,1,कुठल्या विचारणारे तोंड वर कमला हॅरिस भारतीय वंशाच्या असल्याचा अभिमान वाटून घेतात
2653,-1,अरे संपायला महिने राहिले मरना गेलंय कोणत्या मुहूर्तावर पैदा झाल बरोबर इलेक्शन ची वेळ गाठून टपकणार
2654,1,जिथं डांबर टाकून रस्त्यावर खड्ड पडत्यात तिथं खड्ड्यात भर पावसात मुरूम टाकून खड्ड भरत्यात डबल खड्डेमुजवे लोक्स त्यात पेव्हिंग ब्लॉकच्या विटा टाक्त्यात हायवेवर
2655,-1,राज ठाकरे सर तुम्ही अस केलं खूप चुकीच वाटत अपेक्षा नव्हती तुमच्याकडून नन्तर तुम्हाला ब्लॉक करतो देशद्रोहाचा केलं तुम्ही
2656,-1,आसाराम चा भक्त नारी सम्मानाच्या गोष्टी सांगून गेला
2657,-1,व्यंग ना दादा
2658,-1,अहमद लो
2659,-1,नाव शिवसैनिक नेहरूचा
2660,-1,शिल्लक सेना प्रतिनिधी टोलेरन्स वर भाष्य करतोय व्यंग कुठे हरवली तू
2661,-1,वंदे मातरम राष्ट्रगीत म्हणायला कचरणारे लोक तिरंग्याच्या अपमानाबद्दल बोलतायत च्या देवा
2662,-1,विषय स्वातंत्र्य धोक्यात आलंय अंधभक्तला परवानगी देण्याची विनंती करण्याची गरज विधानावरून सिद्ध तुम्ही स्वतच तुमच्या वादविवादाच्या प्रश्नाचे उत्तर दिले
2663,-1,भक्त एवढे बधीर असतात सार्कैज़म समजत
2664,-1,एवढा मोठा व्यंग करायचा सर
2665,-1,कौतुकास्पद कासर्व द्रविड भाषांची जननी संस्कृत लोप पावत चाललेली असतानाह्या मुली संस्कृत चा प्रचार करत आमच्या वेळापर्यंत कमीतकमी संस्कृत स्कोरिंग विषय निवडला जायचाआता जागा फ्रेंच ने घेतली फालतू व्यंग प्रदर्शित करता आणी शिव्या खाता
2666,-1,कळत नाय तुला इतर वेळेस कायम इटालियन बार डान्सर ची चाटण्यात व्यस्त असतोस तू
2667,-1,अरे भाऊ तुला व्यंग नावाचा प्रकार असतो माहित बाबा तुला पोस्ट मधे तेच
2668,-1,स्टेटस ला ठेवले एकानी स्क्रीनशॉट मारून स्टेटस ला ठेवलं किमान व्यंग व्यंग समजून घ्या राव जन्माचे विरोधी लोकं त्याला वाटलं राठोड ग्रुप चा शहाण्याला सांगण्याची गरज
2669,-1,रस्त्यांवर दाखवण्यासाठी फोटो चालेल
2670,-1,सहापैकी पाच आमदार सत्तेत असताना एकही मंत्रिपद शिवसेनेने कधीच रायगडला दिल शिवसेनेच्या भाषेत रायगड जिल्ह्याचा अपमान दिल्लीपुढे महाराष्ट्र झुकणार तसंच छत्रपतींचा रायगड मुंबई पुढे झुकणार
2671,-1,कळायची अक्कल नसेल माणसाने नको उचापती करूच नये नसलेल्या बुद्धीचे देखील नित्न्नप्रदर्शन करू नये
2672,-1,लिव्हत चला मालकमला जरावेळ तुमची तळमळ खरी वाटली
2673,-1,कळत कसं लोकांना
2674,-1,शिव शंभू
2675,-1,माझ्या मते इतर राज्यात माझ्या प्रवेशावर बंदी घातली जाईल
2676,-1,मुळात कम्युनिस्ट आधीपासून आमीर खान सोबत करणे त्याने रंग दे बसंती मध्ये हिन्दूवादी माणसाची भूमिका
2677,-1,व्यंग म्हणुन ट्विट केलं होतं शिंदे गटाचे आमदार खरंच फ्रेंडशिप डे च्या शुभेच्छा देत बिनलाजे
2678,-1,चला चला विरोध करा हर घर तिरंगा अभियानावर शशांकची व्यंग पोस्ट
2679,-1,हेडर बघ त्याचे व्यंग
2680,-1,खरंय तुझं थोडं व्यंग
2681,-1,चला चला विरोध करा ‘हर घर तिरंगा’ अभियानावर शशांकची व्यंग पोस्ट
2682,1,छपरीपणाचा कळस निष्ठा दाखवण्याच्या नावाखाली महाराष्ट्रभरातुन पतिज्ञापत्र मागवले उतरतीकळा लागलेल्या उद्धवगटाला रद्दी विकुन प्रचंड उत्पन्न ह्या रद्दी घोटाळ्याची तपास यंत्रणांनी सखोल चौकशी करावी
2683,-1,व्यंग नाग दुसरे जहरी टिका ह्याची मग नक्की नाग कोण नागात जहर नाहीतर मग कायमचुर्ण असत
2684,-1,भक्त रे
2685,-1,लाळ चाटून बुद्धी वर्धन बाला व्यंग समजायला डोकं लागतं
2686,-1,जुन्या काळात गावात जत्रे मधी टॉकीज लागायची पिक्चरच्या बॅनर समोर लोग बसवायचे टॉकीज वाले
2687,1,ज्या आरएसएस ने स्वातंत्र्यानंतर ५० वर्षे मुख्यालयावर तिरंगा झेंडा फडकू दिला तिरंग्याच्या महत्व समजून सांगून डीपी लावायला सांगत
2688,-1,भरवा भरवा कर
2689,-1,कोणताही न्युरोसर्जन स्वतःच्या मेंदूचा इलाज स्वतः करू शकत अराजकीय पोस्टयाचा कोणत्याही राजकीय व्यक्तीशी संबंध नाहीअसल्यास निव्वळ योगायोग समजावा
2690,-1,काकानी मध्ये स्वतंत्र विचारधारा लिहले
2691,-1,ह्याचं कारण नवीन ट्रेंडस चुलीवरची मिसळ चुलीवरचे मटणचिकन महागाई वगैरे सब झुट
2692,1,जिची कधी तिला पुरली तिचं नाव पुर्वा ठेवलाय
2693,1,झुणका किंवा पिठलं ह्यांचं नाव बदलून इंग्लिश मध्ये ठेवा भाकरी ला लोक आपोआप आकर्षित होतात हल्ली चविष्ट पेक्षा देखणं नाव पदार्थ जास्त चालतात
2694,-1,टाकत जा सर
2695,1,यांच्यावरील कारवाई बद्दल शिवसेना राष्ट्रवादी काँग्रेस काँग्रेस यांनी ईडी ऑफिस समोर जे प्रचंड मोठे आंदोलन एकजूट दाखविली त्यावरूनच समजले महाविकास आघाडी अजून जिवंत धन्यवाद
2696,-1,ज्यांना समजला नसेल त्यांच्या साठी मिनिट चे मौन
2697,-1,मराठी उद्यजकांना पकडुन मुंबई गुजरातला देण्याचा डाव उदोउदो
2698,-1,मराठी अस्मिता खऱ्या अर्थाने मेली ज्या पक्षाने आतापर्यंत मराठीमराठी माणूस मराठी अस्मिता राजकारण केलं त्यांच्याकडून महाराष्ट्र राज्यातून राज्यसभेवर पाठवलेल्या खासदार बाई मराठीचा अपमान इंग्रजीतून सांगत आहेतवाह रे दुनिया
2699,-1,बासुंदी मध्ये शेण मिसळून खाणाऱ्या सांस्कृतिक संघटना मधला ह्या स्वयंसेवका कडून बाकी अपेक्षा करणार
2700,-1,गुजराती राजस्थानी निघून गेले महाराष्ट्रात पैसे राहणार कि ठरवणारे राज्यपाल कोण पोट भरायला आलेल्यांनी महाराष्ट्राला शिकू नये वेळ राज्यपालांना घरी पाठवण्याची मा प्रधानमंत्री जी कृपया आपण राज्यपालांचा राजीनामा घ्यावा
2701,-1,अनंत करमुसे महाराष्ट्राच्या माजी हरामखोर मंत्र्याला उचलणार समजते
2702,-1,अस असतं अडानी ब्रिगेड्या
2703,-1,अरे व्यंग असते रे तसही त्यात तुझी चूक वाला तू तुमच्या पाचवी ला पुजला
2704,-1,आशिष जी असतं असो तुम्ही साप समजून भुई धोपटत रहा
2705,-1,पवार साहेबांचे असेल व्यंग वाले वक्तव्य काढले अवघड व्हायचं आशिष दादा बरेच
2706,-1,मुद्दा नाहीये व्यंग
2707,-1,जो येतो ठाकरेंना टपली मारून जातो
2708,-1,त्यालाच व्यंग म्हणत्यात
2709,-1,मोदी भक्तांना बुद्धीचं नसेल मग
2710,-1,आषाढान्ते जठरविकलो मांसभक्षी बुभुक्षुः मांसाहारप्रतिदिनकरो मद्यभोगी पिपासुः चातुर्मासव्रतनिजधरः पापभीरुश् चिकीर्षुः शाकाहारो नियतसुलभो मन्यमानो मुमुक्षुः
2711,-1,पत्रकार निष्पक्ष असतो थोडी म्हणतोय संजय राऊत
2712,-1,आय्ये रिप्लाई कर
2713,-1,हो जास्त येडा होतो आन प्रश्न इचारतो
2714,-1,लायकी पेक्षा जास्त मिळालं व्यंग
2715,-1,केंद्रात उद्धव राज्यात आदित्य
2716,-1,च्या देवा तुला
2717,-1,आमदाराच्या जीवावर ह्यांना गृहमंत्री पद हवंय बेस्ट ह्यांच्याकडून शिकण्यासारखं बरच
2718,-1,मुळात व्यंग कमेंट उगाच नको तिकडे वाद उकरून काढु नये
2719,-1,सगळ्यांना व्यंग समजेल
2720,-1,हर रानडे ब्याह करवावे सरपंच
2721,-1,भोले बाबा देदे नोट छापण मशीन
2722,-1,बातमीमध्ये लिहिल्याने लोकांचा गैरसमज होऊ शकतो
2723,-1,ऑफिसवरून आल्यावर संज्याची अवस्था झालीये कोणीच विचारत
2724,-1,पूर्ण राष्ट्रवादी पार्टी मध्ये एकमेव हिंदुत्ववादी विचाराचे नेता दादा पार्टी लाईन बाहेर त्यांना प्रकट जे त्यांच्या मनात ह्रिदयात दिसून येतं व्यंग
2725,-1,बोलला व्यंग
2726,-1,याला स्वतःला ४ अपत्य चौथ्या वेळेस वंशाला दिवा मिळाला नसता हाही थांबलाच नसता
2727,-1,ने केलेली ट्विट्स सुद्धा ह्यांना घंटा कळत नाहीत मग आहेच शेवटचा पर्याय शिव्या द्यायच्या वगैरे
2728,-1,आपला भ्रम डोळे उघडून बघा थोडे संसदेत त्यांनी कालच जीएसटी बद्दल आंदोलन प्लस सगळ्या देशभरात गॅस वाढल्यावर स्मृती इराणी बाई चि व्यंग लावून आंदोलने प्रॉब्लेम लोकांना दिसत
2729,-1,है अमित शाह ला आव्हाहन दिलंय राउतांनी दम असेल दाखवावे
2730,-1,बोलले च पाहिजेमी म्हणत इथे व्यंग अर्थाने बोललो होतो
2731,-1,कुठे म्हटल नका बोलूत्या डॉक्टर म्हणालो माझा रिप्लाय
2732,-1,अहो भिष्मपितामह त्यांच्या भात्यात बाण असलेच पाहिजे गरजेचे आकाशाकडे हात सरसावतील मंत्र पुटपुटतील लगेच बाण हातामध्ये प्रगट होईल
2733,-1,सामण लागते हरियाणा जाट
2734,-1,ओ भाऊ फॉलोबॅक द्या नुसता नमस्कार करता
2735,-1,अरे येड्या पोस्ट मध्ये बदनामी किंवा यांची पुण्यात राहतोय बरं ह्याला उपरोध म्हणतात व्यंग
2736,-1,असेल पोरांच्या शाळा झाल्यात खर्च वाढला असल तुम्ही वाले पाकीट देत म्हणुन अस मोहसीन शेठ ह्याला अर्थ कड़ी निंदा
2737,-1,तुझा कळतोय लोकांना
2738,-1,ना ब्रो कोनी करण देंदे
2739,-1,भाउ हेजास्त मनावर नको घेऊ
2740,-1,इथे फक्त वर्षाच्या म्हातार्यावर हल्ला जातो डोळ्याला इजा पक्षाचे नेते इतरांना टीका सहन करा सांगत
2741,-1,गामा
2742,1,गचकणं मेली त्यांच्या मते बिगर हिंदुत्ववादी पक्षांनी बनवलेल्या सरकारने औरंगाबाद च नाव संभाजीनगर केलं त्यांच्याच नुसार हिंदुत्ववादी सरकारने संभाजीनगर च औरंगाबाद नाव परत केलं ह्यांच हिंदुत्व
2743,1,हवामान खातंच डॉलर वाढणार असं प्रॉजेक्ट डॉलरला खाली आणू शकतं
2744,-1,व्यंग समजला म्हणूनच इतकं दिलं जेणेकरून व्यक्तीवर बारामतीच्या साहेबांशी होऊ नये
2745,-1,साठी नक्कीच त्यांचाआणि धन्यवाद विषयी अवगत केल्याबद्दल ट्विट चा विषय थोडा व्यंग
2746,-1,शेनिकांचे ट्विट पाहता माझ्याही गोष्ट लक्षात ह्यांना ने केलेली ट्विट्स घंटा कळत नाहीत एखादा शिवसेना समर्थक त्यांनाच जर कोड्यात बोलत असेल त्यांना कळेल एवढी अक्कल त्यांना नसलेली बुद्धी वापरून सुद्धा कळलं मग नेहमीप्रमाणेच शिव्या द्यायच्या
2747,1,पुणेकरांनो घाबरू नका आम्ही सांगतिले ना दिवस मुसळधार पाऊस मग बघा कसा बंद होतो नायसदैव तुमच्या मदतीस पुणे हवामान खातं
2748,-1,काल तूम्हाला स्पेस मधे ऐकलं तुमचा वाचला स्वतः एवढे जातीयवादी वादी बोलता अन सुसंस्कृत पणाचा आव आणता आयरनी पुराच्या पाण्यात वाहून गेली
2749,-1,मित्र नक्की मागिल अडीच वर्ष मुका झालेला बहुतेक २०१९ ला जे रिझल्ट लागले बघुन कारण महाराष्ट्राच्या जनतेने यतीला १६० पेक्षा जास्त आमदार निवडूण दिलेले युतीला बहुमत दिले त्यावेळी यांचं वकिली जाग झालं नव्हतं ना यांच्या मित्राचे व्यंग
2750,-1,नवीन मला जातीवाद कसा करावा यासाठी मार्गदर्शन करा
2751,-1,जंत एकदम व्यंग हमम
2752,-1,पुरोगामी लोकांना भुंकणारे फुरोगामी चिडवणारे लोक स्वतः प्रचंड जातीयवादी असतात कधीच मान्य करत नसतात
2753,-1,सर नेहमी व्यंग च्या मूड मध्ये असतात रे
2754,-1,ह्या ट्विटची व्यंग पहिला चहा त्याच देशात बनला तिथूनच सुरुवात
2755,-1,शिव्या देऊन पातळी सिद्ध नको करुस राहील बाजार तुझा भरवायला वेळ लागणार इथेबोलताना तारतम्य बाळगइट्स जस्ट व्यंग बोलायची पद्धत सुधार
2756,-1,हुनी पंचायती नी करनी आपणे
2757,-1,ट्विट चांगला फक्त देवी शब्द भोवला कचोरी नालायक हलकट हिला व्यंग सुद्धा देवीची उपाधी देऊ नये
2758,-1,सकाळ संध्याकाळ स्तुति करतात प्रेमात पड़लो म्हणता त्याला चाटणे म्हणतात बीजेपी ची स्तुति व्यंग असते अर्थात इतकी अक्कल असती राउत नहीं शेलार म्हणले असते डिका लवंडे
2759,-1,लाला देख गेलन
2760,-1,कोथली ले जाय करेगा लाला
2761,1,ज्यांना आकडे म्हणुन केवळ जुगार माहीत असतो गुलाम आकडे दाखवा म्हणुन सांगतात
2762,-1,आम्ही कोणत्याही पक्षाचे नाहीत भाजप ला बेंबीच्या देठापासून शिव्या देतात
2763,1,देवेंद्र फडणवीसांचा फोटो लावून भाजपचा प्रचार करणारा बिनचेहऱ्याचा बिननावाचा सदस्य शिवसेनेच्या बंडखोर आमदारांसाठी भाडत शिवसैनिकालाच उपऱ्या म्हणतोय
2764,-1,दादा मला वाटतं तुम्हाला व्यंग समाजात टोमणा जाधवांसाठी
2765,-1,मुंबई महाराष्ट्र
2766,-1,शिवसेना संपवणाऱ्या ब्रँड अँबॅसेडरची शेवटी एन्ट्री म्हटलं नाच्याची पदवी मिळाली जरा त्यांचा नाचही बघून घ्यावा
2767,-1,किती फोडावे लागतील
2768,-1,एंडिंगला शिवसेना संपवणाऱ्या ब्रँड अँबॅसेडरची एन्ट्री म्हटलं नाच्याची पदवी मिळाली जरा त्यांची कलाही बघून घ्या
2769,1,तालठ्याच्या घरातील वैभव पाहून तहसीलदारा ची बायको आव तुम्ही कधी तलाठी व्हणार
2770,1,सोडा त्यांनी पक्षाच्या आदेश मोठ्या मनाने मानला कोणा शेजारी बसून सांगतात शिंदेंशेजारी बसून व्यंग च्या देवा
2771,-1,जी लोकं उभ्या आयुष्यात कधी मेट्रो ने प्रवास करणार नाहीत तीच लोकं याला विरोध करत
2772,-1,भाऊ व्यंग पुष्कळ जणांना समजणार
2773,-1,एकीकडे अनाजीचे कौतुक पक्ष निस्टा ज्यांनी विष्टा खाल्ली त्याचे कौतुकच शाबासरे भक्तांनो
2774,-1,म्हणुन पोस्ट केलं असेल ठीक आहेनाहीतर आरेचा सेनेकडून वर्षाच्या काळात छानपैकी ऱ्हास आहेजसं आतल्या अनधिकृत वस्त्यांना मतांसाठी अभयनेत्यांचे जिम हॉटेल्स अर्थातच बिल्डरांना मोकळं रान डोळ्यासमोर झालंयआता नाटक कशाला
2775,-1,बाबा तुमचया सारखे अत्यंत सचोटीचे कार्यक्षम नेते काँग्रेसमध्ये आपला वेळ वाया घालवत भाजपात देशाला राज्याला तुमच्या सारख्या नेत्यांची गरज मनापासून सांगत कारण मला तुमच्याबद्दल प्रचंड आदर
2776,-1,साहेबांचा व्यंग एकदम वेगळा
2777,-1,च सापडत नहिये मघाशी पासून एकाने काल व्यंग केलं होतं सत्तेत जणू लगेच तारखेला आरे होईल ला शिवार होईल ला मराठा आरक्षण मिळेल असं तोंडावर फेकून मारायचे चे निर्णय
2778,-1,राज्यपाल पंतप्रधानांकडे चौकशी करतायत थांबू उरकवून घेऊ सुत्र
2779,-1,ट्वीट नव्हतं बाक़ी माझं आयुष्यच
2780,-1,ताबडतोब सर्वांनी बैठका घ्या पहिला मोर्चा कोणत्या शहरात न्यायचा ठरवा मोर्चाद्वारे येणाऱ्या जुलमी सरकारला आपल्याला मिळालेलं आरक्षण कायम ठेवण्यास भाग पाडू जागे व्हा निर्लज्जांनो जागे व्हा निर्लज्जांनो टीपमी स्वतः मराठा असल्यामुळे कोणीही ग्यान हेपलु नये
2781,-1,अरे काल पर्यंत खुप व्यंग सुचत तुम्हाला
2782,-1,तेच हिंदू मुस्लिम मंदीर मस्जिद भारत पाकिस्तान
2783,1,तुम्ही गुवाहाटीत आमच्या चाळीस पन्नास आमदारांची ओक्के मध्ये राहायची सोय द्यायची मग आम्ही सगळे मिळून तुमच्या राज्याला ५१ लाखाची मदत करणार मग तुम्ही आम्हाला मराठीत धन्यवाद म्हणायचं
2784,-1,व्यंग हातभट्टी स्वतः पोस्ट तेच सांगत आहेस चमडी
2785,-1,बाबासाहेब आंबेडकरांनी घटना लिहिताना श्री उल्हास बापट यांचे मार्गदर्शन घेतले
2786,-1,चा मराठी अर्थ विचारणाऱ्या व्यक्तींना उदाहरणासह समजून सांगण्याचा प्रयत्न
2787,1,सूत्रांच्या म्हणण्यानुसार राष्ट्रवादी काँग्रेस पक्षाला बुडवून भाजपा मध्ये यायचा प्लॅन अजित दादाचा
2788,-1,सभेत बोलण्यापेक्षा मोदींच्या कानात बोला भागवतजी
2789,-1,हिथं लोकाना मधला फरक समजंना झालाय अन आपन समजवायलाोय
2790,-1,ज्याची सुरवात टिंगल राव
2791,-1,महाराष्ट्रच हिंदुत्व वाचवण्यासाठी लोक गुहाटीत गेलेले व्यंग
2792,-1,इंग्रजीमध्ये पोस्ट लिहिली त्याला कारणे सगळ्यात महत्त्वाचं प्रकारचं व्यंग व्यंग
2793,1,तेवढ्यात दरवाजावर टकटक सर लॉंड्री अगं तेच बघ चल नंतर बोलू बाय थोड्या वेळात ब्रेकिंग न्यूज बंडखोर आमदारांना अजूनही बंडखोर आमदारांनी रॅडिसन हॉटेलवर जाऊन धुतले ३३
2794,1,गुवाहाटीत गेलेल्या पत्रकारांची एकूण संख्या पाहता त्यांनी सत्तास्थापणेचा दावा शिंदे गटा आधी महाराष्ट्रासह आणखी एखाद्या राज्यावर त्यांचे स्वतंत्र सरकार स्थापन होईल
2795,-1,काल सगळ्याच लोकांना व्यंग समजायला लागलाय कालचा स्पेस लोकांना खूप चांगल्या प्रकारे समजला
2796,-1,टाळ्या वाजवतकोण रे तिकडे नो महाराज तू महाराज कोण नो तुम्ही महाराज बर बर समजल नाहीतर पचका
2797,-1,तुम्ही जसे व्यंग वापरले तेच प्रत्येक गोष्टीत अस्मिता मध्ये आणून भावनिक लुबाडी करणाऱ्या लोकांना लावलेला टोला तुमच्या भावना समजलो
2798,-1,बारक्या पोरांना व्यंग कळत
2799,1,च्या देवा ईडी आयकर विभागाची कारवाई झालेल्यांना केंद्राची सुरक्षा केंद्रीय यंत्रणा केंद्राकडे शिवसेनेत असताना नेत्यांची तपासणी केंद्रीय यंत्रणेकडून शिवसेनेसोबत बंडखोरी यांना वाय प्लस दर्जाची सिक्युरिटी
2800,1,निदान जिथे स्वच्छ सर्वेक्षणची जाहिरातबाजी तिथे कचरा जमा होऊन देऊ नका गणेशनगर धायरी
2801,-1,उपार्जितानां वित्तानां त्याग एव हि रक्षणम् तडागोदरसंस्थानां परित्राव इवाम्भससाम्॥१४॥ चाणक्य नीती ज्याप्रमाणे तलावातून पाणी काढत राहिले तरच पाणी शुद्ध पवित्र राहून त्याचे रक्षण त्याप्रमाणे आपण मिळवलेले धन दान करणे हाच रक्षणाचा उत्तम मार्ग
2802,-1,ओ काका पोरखळ पणा जे टॅग खर बदलणार मान्य पुढे चालायच सोडला उगाच कश्या वर रडायचं घ्या बातमी मध्ये आलं
2803,1,सगळ्यांना फ्लोअर टेस्ट साठी जावं लागेल त्यासाठीचा रस्ता मुंबईतून जातो असं म्हणुन नाराज आमदारांना अप्रत्यक्षपणे धमकी देणारे आदित्य ठाकरे पुढल्या वाक्यात म्हणतात देशातील लोकशाही वर विचारमंथन झालं पाहिजे
2804,-1,मराठीत तिरकासापणा किंवा इंग्लिश मध्ये व्यंग नावाची गोष्ट असते आपण योग्य आहात
2805,-1,चा ख्वाजा सोबत असल्यावर असच
2806,1,बाळासाहेब ठाकरे कधिच काँग्रेस राष्ट्रवादी काँग्रेस शि सरकार स्थापने साथी हात जुलावनी करणार उद्धव ठाकरे प्रस्थाव बाळा साहेबच्या शिवसेनेशी बेईमानी कर्णर्यान्नवर कथोर करवाई जनार
2807,-1,करणार डोळ्यावर पट्टी बांधली दिसत दिवसांपूर्वी लोक यांच्यासोबत
2808,-1,निष्ठा वांतान कडे लक्ष नहीं दिला त्यांना बुडन्यास भाग पाडलं अतात विष्ठाच उर्लिये अर्थ असनार
2809,-1,चा स आम्हाला तुम्हीच ग्रूप बनवा आम्हाला शिकवा
2810,-1,ट्विटर वर नवीन लोकांच्या ग्रुप मध्ये मला करा
2811,1,एकेकाळी हिंदुत्वासाठी हिंदू विरोधी लोकांच्या विरोधात लाठ्या काठ्या उभे राहणारे शिवसेनेचे कार्यकर्ते त्याच हिंदुद्वेष्ट्या काँग्रेस राष्ट्रवादी काँग्रेस सोबत राहण्यासाठी त्याच लाठ्या काठ्यांचा वापर करत स्वतःच्याच आमदारांची कार्यालय फोडत
2812,-1,अहो लक्षात घ्या
2813,-1,खरंच जातील साहेब तुम्हाला वाटतं त्यांना कळतं
2814,-1,तुम्ही एकदा कंपनी सोडून गेलात कंपनी मॅनेजमेंटबाबत कितीही ठणाणा केलात तरीही त्यावरून एच आरने पावले उचलावीत अपेक्षाच अवाजवी असते एखादाच कोणी असतो जो कंपनीत खडा राहूनच मॅनेजमेंटशी पंगा घेतो तुका म्हणे एथें पाहिजे जातीचे येरा गबाळाचे नाहीं
2815,-1,इथे ट्वीट चा विषय बुद्धि चा विषय कळणारे
2816,-1,स्वतःला मानत आलेत बाक़ी तुम्ही बऱ्याच दिवसांनी
2817,-1,चालायचच राव एवढ कुठ मनावर घेताय फडणवीसांना ब्राह्मण म्हणूनच हिणवल त्याच फक्त व्यंग उत्तर असत एवढ तुम्हाला कळत नसेल अवघड
2818,-1,तुझा ज्यावेळेस जन्म नसेल त्याआधी पासून आनंद दिघे साहेब शिंदे साहेब त्यांचे साथीदार सर्वांनी रात्रं दिवस कष्ट निष्ठेने शिवसेना तळागळात पोहोचवली तुमच्या सारखे बिनकामे त्यांना ढोंगी म्हणता
2819,-1,अहो वैचारिक प्रश्न विचारला मग राजकारणात कसा जाईन
2820,-1,समजून घ्या रे मित्रांनो
2821,-1,काँग्रेसमधून आलेले शिवसेना काशी चालते सांगतायत च्या देवा
2822,-1,सावरकर
2823,1,आजपासून राज्यातील घोड्यांचे बाजार बंद राहतील इच्छुकांनी पुढील खरेदीविक्री साठी कृपया गुजरात किंवा गुवाहाटी संपर्क साधावा आदेशावरून
2824,-1,ताई कालपासून चालत मेलोड्रामा बद्दल आक्षेप व्यक्त करत मेलोड्रामा करत
2825,-1,ताईसाहेब स्वतःला पत्रकार समजतात आणी दिवसभर व्यंग व्यंगात्मक विनोदी पोस्ट केलेल्या म्हणे आम्ही पत्रकार बातमी देण्यापेक्षा समाज्याला हसवलंय ज्यादा कॉमेडी किंग बनून आपले नव्हे
2826,-1,व्यंग नको तिथ वापरायचा सोडून द्या आपल्याला कोणी बोलल हाय भेंडी कशाला उगा आगीत उडी मारताय
2827,-1,म्हणता डबल हेल्मेट कायदा सगळ्यांना लागू फक्त आम्हालाच ज्या परिसरात लोक सिंगल हेल्मेट वापरत नाहीत सारासार कायदे मोडतात त्यांना कायदे लागू झालेत
2828,-1,आजचा एपिसोड मध्ये अनिल कपूर आलेत कुशल बद्रिकेला आवरण आव्हाड जाणार नुसता अनिल कपूरची ऑडिशन करायला बघ्यला मिळेल
2829,-1,यदा यदा हि धर्मस्य ग्लानिर्भवति भारत अभ्युत्थानमधर्मस्य तदात्मानं सृजाम्यहम् ॥४७॥ परित्राणाय साधूनां विनाशाय च दुष्कृताम् धर्मसंस्थापनार्थाय सम्भवामि युगे युगे ॥४८॥ जय विष्णु व्यंग
2830,-1,फार दात काढून हसत व्यंग लेवल पर्यन्त ठीक जोक मारायचे त्यावर हसायचं संस्कार दिसतात माणसाचे
2831,-1,नींबू खालो
2832,-1,होतं सर बारावी लायकी दाखवते मला
2833,-1,ह्या बायका रोज नवऱ्याच डोकं खातात अजून पाहिजे
2834,-1,ह्याला व्यंग म्हणायचं जमलंय बेस्ट कडून शिकवण्या घ्या गंगाजलाचा अभिषेक सत्रानंतर आजोबा उभं करत असतील शंका बारा हत्तींच्या बळावरच राज्यपाल साहेब बारामती ला पुरून उरलेत बर येतो अय ड्रायव्हर गाडी निकाल
2835,-1,तेच त्यांना म्हणावं पोळ बाईचे कालचे ट्विट जाऊन बघा कशावर दात काढून हसत पहा मग जर व्यंग गलिच्छपणा यात जर फरक कळला कळेल
2836,-1,संजय जी माझ्या प्रश्नाचे उत्तर उपरोध व्यंग समजणे इतपत बुद्धी फक्त तुम्हा मंडळीकडे असणार ना
2837,-1,त्यांना उपरोध कळत मग कळणार
2838,-1,टाकतात खालच्या पातळीची भाषा वापरता आम्ही फक्त व्यंग केलं बुडाला आग लागते
2839,-1,जांब पेरू
2840,-1,नेमकी म्हणयच तुम्हाला
2841,-1,खरंतर यामध्ये व्यंग इन्फिनिटी लेवल वर समजल त्यालाच
2842,1,परभणी जिल्हा मध्यवर्ती बँक घोटाळा प्रकरणी देवेंद्र फडणवीसांनी त्यांच्या वडिलांविरूद्ध विधानसभेत मुद्दा उपस्थित नंतर फडणवीसांच्या उपस्थितीत भाजपमध्ये सामिल
2843,-1,पेरू मराठी
2844,-1,छिद्रान्वेषण
2845,1,मुख्यमंत्री पवार साहेबांना म्हणतील म्हणतोय ना तुम्हाला राष्ट्रपती मग जिंकायची गरज पासून तुम्ही राष्ट्रपती निलेशजी राणे ले साहेब
2846,-1,मविआ सरकारला सर्कस म्हणताय व्यंग असेल वाटले सुरुवातीला
2847,-1,ए बस खाली चा स समजुन घे संदीप ला पाठवू तुला झगायला शिकवायला
2848,-1,वागळे साहेब पैसे खाणे बंद करा खर बोला आत्ता काश्मीर मध्ये जे देशातल्या प्रत्येक राज्यात होताना बघितल्या शिवाय आपले डोळे उघडणार नाहीत डोळे उघडायचेच नाहीत ठरवलंय आपण बघा बंगाल मध्ये हिंदू बरोबर होतंय सुधारा
2849,-1,साउंड जिव्हाळ्याचा विषय इकडं मला ईचारा व्यंग
2850,-1,वीणा शब्द निवडणुकीत जिंकण्यासाठी इतरांच्या मतांवर अवलंबून असणारे धर्माबद्दल बोलत
2851,-1,सत्य शेवटी जिंकतेच हो सत्याची बाजू मांडणाऱ्या सत्याच्या बाजूला उभे राहणाऱ्या लोकांचा तोपर्यंत शेवट झालेला असतो त्याचे असत्य हरत असले नेहमी आश्रयदात्यांना बरेच मिळवून देते दुसरीकडे सत्य आश्रयदात्यांकडून जवळजवळ सगळेच हिरावून नेते
2852,-1,चे बादशाह सरांचे स्पेस मधले खरे शत्रू भाऊला वाढदिवसाच्या हार्दिक शुभेच्छा
2853,-1,एव्हढा ताण नका देऊ डोक्याला आमचा मेंदू गुडघ्यात असतो
2854,-1,निकलाआधीचे जोशात केलेले निकालानंतर व्यंग वाटू लागलेत
2855,-1,जवळ असायला पाहिजे
2856,-1,मॅडम हॉस्पिटल मैं टाके लागणे जाते है टाके भिडणे नहीं
2857,-1,होतं सर मला त्यातलं कळत माझ्या सारखा अडाणी कुठला ऑफिसर बनणार उलट तुम्ही मला तुमच्या ऑफिस मध्ये प्युन ठेवा
2858,1,चा चौथा उमेदवार निवडून सत्याचा विजय लोकशाहीचा विजय आघाडी धर्माचा विजय असणार भाजपाचा तिसरा उमेदवार जिंकला घोडाबाजार केंद्रीय यंत्रणांचा वापर जनशक्ती समोर धनशक्ती जिंकणार
2859,1,चा चौथा उमेदवार निवडून सत्याचा विजय लोकशाहीचा विजय आघाडी धर्माचा विजय असणार भाजपाचा तिसरा उमेदवार जिंकला घोडाबाजार केंद्रीय यंत्रणांचा वियज जनशक्ती समोर धनशक्ती जिंकणार नोंद घेण्यात यावी अध्यक्ष महोदय
2860,1,काका काहीही तुमचं ताज चा खर्च चालेल तुम्हाला चा खर्च बघून पोटदुखी तुम्हाला बघूनच व्यंग मेली असेल
2861,-1,ने बुर्ज खलिफा वरून खाली उडी मारून जीव दिला सर
2862,-1,अगर साल बात करते हो नहीं बल्कि हुआ हमारे नबी سلللاحواليوسللم पहले ईसा मसीह اليصلام नबी थे उनसे पहले मूसा हारून दाऊद इस्माइल इब्राहिम नूह सुलेमान याहया ये सिलसिला आदम الىصلام तक पहोंचेगा अच्छी तरह पढ़ो
2863,-1,शिवसेना राष्ट्रवादी काँग्रेस काँग्रेस राजकीय पक्षांच्या समर्थकांचा बेसिक प्रॉब्लेम त्यांना झाट कळत नाहीते अशा ट्विटसला एकतर काहीतरी असंबद्ध रिप्लाय करतातनाही सवयीप्रमाणे शिवीगाळ करतात ट्विटला नेच प्रत्युत्तर द्यायचे असते
2864,-1,ओळखला राव तुम्हीं
2865,-1,उद्यापासून व्यंग वापरायला चालू करतो
2866,-1,तुम्ही बद्दल एकदा घ्या
2867,-1,कार्यकर्त्यांचे ट्विट व्यंग असतात काहीच मेळ लागतं
2868,-1,धौती योग ट्राय बघा
2869,-1,त्यांनी अनावधानाने व्यंग ट्वीट ज्याचा मूळ फोकस वेगळा बॉटम लाइन आपन साठी एकत्र आहोत आणी एकत्रच राहू
2870,1,भाजपचे लोक परदेश दौऱ्यांबद्दल आक्षेप घेत च्या देवा तुला ठिणगी ठिणगी वाहू दे
2871,-1,ट्रेवलिंग फ्रेंड्स
2872,1,हिंदुत्वाच्या पाठीत खंजीर खुपसणारे दुसऱ्यांना प्रामाणिक पनाचा सल्ला देतात तेव्हा व्यंग डोंगरावरून उडी मारून आत्महत्याच करते
2873,-1,व्यंग हमारे माननीय श्री जी कृपा से जून रोटी स्थान बलहाधाम
2874,-1,टॅग टाकायला विसरले राव तुम्ही
2875,-1,गुड मॉर्निंग होम्टी
2876,-1,गुरुत्वाकर्षण
2877,-1,कसले टोमणे हानलेत सर्जेरावांनी प्रतापगढीला
2878,-1,ॐ हनुमते नमः
2879,-1,मागे फोटो बघा कुणाचे
2880,1,जी पार्टी माणूस भ्रष्टाचार विरोधी आंदोलनाचे मुख्यमंत्री बनतो राज्यात सरकारे त्यांचाच आरोग्य मंत्री भ्रष्टाचाराच्या आरोपात जेल मध्ये मध्ये सगळ्यांना मूर्ख बनवले याने
2881,-1,झाकणझुल्या च व्यंग होतं
2882,-1,अयोध्या काशी मथुरा वृंदावन चित्रकूट
2883,-1,बाबा विश्वनाथ
2884,-1,नाथद्वारा जी खाटु श्याम जी
2885,-1,टाकायचं विसरले बातमी मध्ये
2886,-1,सोमनाथ मंदिर
2887,-1,मूर्ख भक्त समजत जणांनी केलं
2888,-1,२ वाक्य त्यात ३ चुका मराठीचे कैवारी बनून अस्मितेच्या नावाने गळे काढतात
2889,-1,माझ्या नजरेची भाषा समजून घे गॉगल लावून सांगत
2890,-1,मुखर्जी नगर दिल्ही खर्चा ना मांगन लागगे छोरे
2891,-1,व्यंग नाहीये खरच
2892,1,पंतप्रधान नरेंद्र मोदी यांच्या नेतृत्वातील सरकारने आठ वर्ष पूर्ण सरकारच्या कामगिरीला पैकी किती गुण द्याल प्रश्न माझाने विचारलेला दिलेततरी भक्ताने माझी त्याला कळाला बहुतेक
2893,-1,चौकीदार
2894,-1,च्या व्यंग मुळे अनेकांना अपचन
2895,-1,देवाचा बाप काढणाऱ्या पक्षाचा म्होरक्या म्हणतोय सगळ्या धर्मनिरपेक्ष पक्षांनी भाजपा विरूद्ध एकत्र येण्याचे ठरवले व्यंग च्या देवा ओम फट स्वाहा टाक एकदा पटकन
2896,-1,व्यंग देशद्रोही वर थंड घेयून च वेळ ना तर्क वितर्क वर चरचा अणि महागाई वर कही फरक पडला बाप अपने ४साल के बेटे से दर गया जब पुरे दिन ना मिला रात को वो खाली हाथ घर आया
2897,-1,भाई आपलाच कायम व्यंग मध्ये बोलत असतो
2898,-1,लोक़ांना व्यंग सुद्धा समजेना झालाय बाक़ी शांत असताना याला राजेंवर बोलायची गरजच छत्रपतिबद्दल टिकेने भरलेली राजेंबद्दल लोक़ांना आदर अशाने राष्ट्रवादीला लोक मतदान करणार नाहित
2899,-1,वडनगर
2900,-1,सांगणारा कोड टाकून लोकांना पैसे मागतो
2901,-1,आरोग्यमय किती कोडगेपणा सगळ्यात जास्त मृत्यू इकडे झालेले असतांना स्वतःला आरोग्यमयी महाराष्ट्राचा नेता म्हणवून घेतात व्यंग च्या देवा
2902,-1,राजस्थान रो अगूर
2903,-1,न्याय न्याय न्याय
2904,-1,महाराजांच्या गादीला स्वतःच अस्तित्व सिद्ध करायला शिवबंधन बांधाव लागनार तिच खरी व्यंग
2905,1,एकंदरीत महाराष्ट्र सरकारचं बरोबरच दारु पेट्रोल दोन्ही स्वस्त असल्यावर लोक दारु पिऊन गाडी चालवायची शक्यता सरकारने दारु स्वस्त पेट्रोल महाग ठेवलंय जेणेकरुन लोकांना दारु पुल्यावर गाडी चालवता येवू नये कळालं रे महाराष्ट्र द्रोह्यांनो
2906,-1,समजुन घ्या
2907,1,उन्हामुळे मराठवाड्यावाल्या पोरी काळ्या झाल्यात कृपया मराठवाड्याचा अट्टाहास नको व्यंग
2908,-1,अरे व्यंग दाखवतायेत
2909,-1,मराठी ट्विटर वरून लहान लहान बालिश पोरं पोरी हाकलली पाहिजे यांना व्यंग कळत यांना मजाक सहन एखाद्याला उगीच केलं म्हंजे स्वतःला उगीच भारी समजणाऱ्या ह्या निब्बा निब्ब्यांना शाळा पूर्ण झाल्याचं प्रमाणपत्र दाखवल्या शिवाय इथं प्रवेक्ष नाकारला पाहिजे
2910,-1,जय बिंदु राष्ट्र
2911,-1,कोरियन लवर
2912,-1,सदर ट्विटला आपण काढता पाय असं म्हणूया छान वाटलं जेव्हा सत्य समोर असतं आपण तोंडावर पडू जाणीव असताना एखादा पत्रकार म्हणवून घेणारा माणूस बौद्धिक दिवाळखोरीच्या गोष्टी करतो
2913,-1,मग दातेंना व्यंग कळला असो नीट समीक्षा करा ज्यांना आपण डोळे बंद वोट देतो घेतात दुसऱ्या समाजाची करतात चंपा प्रदेशाध्यक्ष पर्यंत भाजप सत्तेत
2914,-1,काहींना व्यंग समजत
2915,-1,चालूच राहिले पाहिजे इथे दलींदर समाज ज्यांना व्यंग समजत त्यांच्यासाठी मंडपाच्या डाव्या बाजूने जाण्यासाठी रस्ता बाकी आपण सुज्ञ आहात
2916,-1,व्यंग ट्विटबद्दल मत आपलं
2917,-1,मला खरं वाटलं पांडे आडनाव बघून तेच असले करण्यात पुढं असतात नन्तर पूर्ण वाचल्यावर कळलं व्यंग
2918,1,सर्वात चांगला गोड आंबा पुण्यात मिळतो भैया पुण्याला कोकणचे हापूस आंबे विकायला घेवून जाताना बोलत
2919,-1,गेल्सप्पो
2920,-1,बावली बुच
2921,1,बायका टोमणे मारत नाहीत डॉक्टर डायरेक्ट च बोलतात व्यंग
2922,-1,लोकांच्या व्यंग ला ग्रहण लागलंय लै मोठं लैच शिव्या दिल्या सरांना
2923,-1,जटाटवीगलज्जलप्रवाहपावितस्थले गलेऽवलम्ब्य लम्बितां भुजङ्गतुङ्गमालिकाम् डमड्डमड्डमड्डमन्निनादवड्डमर्वयं चकार चण्डताण्डवं तनोतु नः शिवः शिवम् ॥ व्यंग
2924,-1,मराठी ट्विटरवर सर्वात कठीण कोणती गोष्ट असेल विदाऊट इमोजी ट्विटस किंवा रिप्लाय करणे प्रत्येकालाच समजतो नाहीपुलअत्रेचिवीजोशी यांच्या विनोदी साहित्यात वाढलेल्या मराठी भाषिकांमध्ये विनोदाची समज होणेही नक्कीच चांगली गोष्ट
2925,-1,भावा तुझ प्रेम कळतंय उगा येड नको बनऊ दुनियेला चालू दे तुझ व्यंग
2926,-1,सगळ्यांना समजत मला चांगलंच ठाऊक इथे मुद्दा राखी बांधतीये बॅंड
2927,-1,काकाला स्वतःचा दुसऱ्याने कळावा अपेक्षा असते दुसऱ्याने मिरची लागते म्हणे तुम्ही खरंच असता पक्षाने तुम्हाला राखीव खेळाडू ठेवलं नसतं असो
2928,-1,डोळ जिस्या पनचोळ
2929,-1,आत्ता ची भाषणं ऐकतो प्रत्येक शब्दा च्यामागच्या व्यंग वर हसतो
2930,-1,फैजलभाऊ मानलं बुवा तुझ्या ला
2931,-1,वा ह्या बाई इतरांच्या संस्कारांवर बोलत
2932,-1,शुक्रिया ज्वलनशील
2933,-1,लोकांना खरच व्यंग कळत
2934,-1,तुम्ही मराठी दादा मला माहित
2935,1,ज्यांच्यामुळे भारतात जातीयवाद पसरला बघा दुसऱ्यांना जातीयवादी म्हणतात किती सगळं
2936,-1,तात्या राव काल तुम्ही व्यंग ची कमतरतेमुळे कुणी क्लासेस घेणार सापडेल शोधत होताकाही शोधण्याची गरज तुम्हाला तुमच्या मित्र यादीतच सापडतील फक्त तुमच्या लक्षात आलेल
2937,-1,एवढं टाईप करण्या अगोदर व्यंग समजून घेतले असते बरे असते सर
2938,-1,पार्टी विथ डिफरेंट बिंदु
2939,-1,दारुची अवैद्य वाहतूक वैद्य अवैद्य विक्री वैद्य कधी व्यंग
2940,1,नाव च याचे गुळाची चव याला जास्त माहीत नसणार
2941,-1,दिल्ली विजय दिवस
2942,-1,आरा कढोणी अर कढोणी कढया ओया दूध
2943,-1,यांची किव येते खरच बुध्दीचा वापर करत असतील ताई एवढा बिनडोक त्यांने ट्वीट मध्ये लिहिलेल्या गोष्टी पडताळून पाहील्या पहा व्यंग रिप्लाय दिला त्याने आमच्या आधीच्या चर्चेचा संदर्भ पकडुन रिप्लाय दिला झोडपला
2944,-1,आत्ताच रोहित अयोध्येला जाऊन ह्याचा अर्थ पाटलांनी रोहित पवार ह्यांना घरचा आहेर दिला
2945,-1,माणूस दुसऱ्यांचे पोल खोलणार म्हणतो स्वतचाच पोलखोल करतो
2946,-1,मराठी माणसाला वाईट बोलतो वर सांगतो व्यंग
2947,-1,अरे मतिमंद नावाचा प्रकार असतोतू मला मराठी अभिमान वगैरे शिकवू नकोसट्विटस तसेही शेणकिड्यांना समजत
2948,-1,लोकांना व्यंग लिहिलें ल काळात
2949,1,धर्मवीर च्या ट्रेलर लॉन्च च्या सोहळ्याला सलमानची हजेरी किती व्यंग त्याचे धर्मरक्षण मध्ये योगदान ट्रेलर मध्ये घुसवला
2950,-1,धर्मवीर च्या ट्रेलर लॉन्च ला सलमान ची हजेरी व्यंग
2951,-1,शहाणपणा करू नयेअसे बोलून भाषेचे चांगले भान ठेवले अहे तुम्ही राजसाहेब
2952,1,महाराष्ट्रात कुठे कधिही संकटात सापडलात हनुमान चालीसा लाऊडस्पीकर वर लावा पोलिस मोठ्या वेगाने पोहोचतील अराजकीय ोश्या
2953,-1,ह्याच पक्षासोबत काका सत्तेत बसलेत सगळं इथंच फेडावं लागतं बाबासाहेब विना व्याधी वर्ष जगलेत बाकी असो जैसे ज्याचे कर्म तैसे फळ देतो रे ईश्वर
2954,1,नास्तिकपुरोगामी लोक अयोध्या ला जायला लागली राज ने मुद्दा घेतला हातात सगळे आम्ही कसे हिंदू आहोत दाखवायला निघाले
2955,-1,ट्वीट सारख्या लोकांसाठीच होतं
2956,-1,अमृता फडणवीसउद्धव ठाकरे यांच्यातील वाकयुद्धावर फडणवीसांनी दोघांनाही दिला सल्ला
2957,-1,समजलं माझ्या लिहिण्यात व्यंग आधीच
2958,-1,आधी व्यंग जाणून घे उगाच स्वतःच्या डांगीत बांबू घालून बसू नको
2959,-1,लाडक्या पत्रकारांची काळजी फक्त उद्धव साहेबांनाच
2960,-1,हर हर महादेव मित्र सुप्रभात
2961,-1,राज ठाकरेंच्या भोंग्याने जर मविआला घंटा फरक पडणार नसेल रात्रभर स्पेस कशासाठी घेतात लोक तेच कळत नाय दर ५ मिनिटाला सभा निव्वळ टाइम पास म्हणायच त्यात मते मांडायला दर वेळचा वक्ता कोण ज्याला १२ रुपयाचे लिंबू महाग वाटतात
2962,-1,मुद्यांच्या राजकारणावर बघा कोण बोलतंय
2963,-1,गवारण तू फक्त लिहिले इंग्रजी अक्षरे मध्ये भाषा हिंदी व्यंग गवारन
2964,-1,मॉर्निंग
2965,-1,कसं सगळं वाटत
2966,-1,खऱ्या श्रीमंतीची व्याख्या बरोबर नाहीतर आतातरी गाडी घे म्हणणारे रोजच भेटतात
2967,-1,शिवरायांच्या सैन्यातले हेच मग त्यांना नमाज पढायला शिवाजी पार्कच हवे
2968,-1,फसवणीस फसवलाय बे तू तडीपार राजांच्या आयुष्यावर बोलू शकतो वाक्य लय मोठी व्यंग हां राजांनी सुरत २ वेळा लुटल्यामुळ राग असल म्हणा शाला
2969,-1,तन्ना नि नारे तानी नाना रो ताने नाने ना तन्ना नि नारे तानी नाना रो ताने नाने नातन्ना नि नारे तानी नाना रो ताने नाने ना तन्ना नि नारे तानी नाना रो ताने नाने नातन्ना नि नारे तानी नाना रो ताने नाने ना
2970,-1,हो आहेच ट्विट केवळ व्यंग
2971,-1,अरे लॉर्ड हितेश
2972,-1,महादेव हर
2973,-1,मोठा कवर करणारा
2974,-1,शिवसेनेने तुम्हाला जी वागणूक खरेतर संपूर्ण अमरावती करांचा अपमान अमरावती चा लोकांनी शिवसेनेला धडा शिकवला पाहिजे
2975,-1,अरे वा व्यंग ली होईना काँग्रेस ची बाजू घेताय
2976,1,बघा जो माणूस बाळासाहेब ठाकरेंना दाऊद चे नातेवाईक संबोधायचा माणसाचा ठेवून बाळासाहेबांचा फोटो ट्विट
2977,-1,विवेक म्हणत अलिबाग वाला विवेक म्हणतोय समजून घ्या राव
2978,-1,व्यंग प्रधानमंत्री सवर्ण समाज अनैच्छिक स्वर्गा गमन योजना
2979,-1,मूत्रविसर्जन
2980,-1,भाऊ तुला व्यंग कळल
2981,-1,आणदे ताई
2982,1,आजपर्यंत आपल्याला शाळेच्या इतिहासात मुघल हायलाईट दाखवले परंतु दक्षिणेकडे जी हिंदू राज्य त्याचे क्वचितच ओझरते उल्लेख येतात असेच राज्य विजयनगरचे हिंदू साम्राज्य जे कधीच लोकांच्या समोर आणले गेले
2983,-1,मेकॅनिकल ला मुली खूप असतात
2984,-1,आणी मधला फ़रक नाहीं समझत लोकाना अपमान आपण किती भारीकाय मोठा तीर मारला अस वाटत
2985,-1,इतकी सुंदर कि मला क्षण थरूरल्यासारखे
2986,-1,बहुधा खरे
2987,-1,ब्लेस्ड बीइंग हिस फॉलोवर
2988,-1,नको असलेले राजकारण्यांना द्या सोडून इथे
2989,-1,तन्ना नि नारे तानी नाना रो ताने नाने तन्ना नि नारे तानी नाना रो ताने नाने ना वाह
2990,-1,मुलाखत टीव्ही९ घेत
2991,-1,तन्ना नि नारे तानी नाना रो ताने नाने तन्ना नि नारे तानी नाना रो ताने नाने ना
2992,1,मूळ प्रश्न बाजूला राहील दुसरा प्रश्न पुढे येईल राज ठाकरे नेहमी म्हणायचे व्यंग वेळेस त्यांनीच केलंय
2993,-1,एवढा जबरदस्त कुठून आणता भाऊ
2994,-1,कृपया यांची मुंबई पोलीस यांच्याकडे तक्रार करा चंद्रकांत दादांवर तुम्हाला झोंबल मोदींना सरळ शिव्या घालतोय आम्ही बिचारे बेनाम बोलणार
2995,-1,पुणे भारताला जगाला सामाजिक ऐक्य समरसतेचे उदाहरण देत महाराष्ट्रातील पुरोगामी नेत्यांनी करुन घेतला खतना सांगितलं पुरोगामी महाराष्ट्रात धर्मांध हिंदुत्ववादी शक्तींना स्थान सूत्र
2996,-1,नशीब मराठीत नाहीतर लोकांनी यांना लावले असते
2997,-1,यांना जर व्यंग कळत नसेल न्यूज चॅनलवरून सभ्य भाषेत चालवला जाणारा भाजपविरोधी प्रोपागांडा कसा समजणार त्याविरुद्ध कारवाई करणार
2998,-1,ने आयडी सुद्धा बदलली नव्हती पाच मिनिटांसाठी व्यंग साठी नाव चेंज केलें होतें
2999,-1,भाऊ फेक व्यंग
3000,-1,आशिष सर व्यंग भाजपा कार्यकर्ता
3001,-1,साहेब घोषीत करण्या आधी एकदा बघायची
3002,-1,ज्यांना व्यंग समजत त्यांनी युनिव्हर्सिटी मध्ये ऍडमिशन घ्या ब्लू टिक वाल्यांसाठी स्पेसिअल ऑफर्स सुरु
3003,-1,जरा कोल्हापूर मध्ये ग्राऊंड लेवल ला जा़ऊन चंद्रकांत यांच्या विषयी मत जाणून घ्या मग कळेल पाब्लो ला व्यंग वाले ट्वीट करावे लागले
3004,-1,सर बीजेपी सपोर्टर
3005,-1,सर व्यंग म्हणतात त्याला तुम्हाला लोकांच्या भावनांची कदर वाचून जरा बरं वाटलं मस्करी करत तुम्ही एकदम लोड नका घेऊ
3006,-1,अरे मूर्ख माणसा मग व्यंग फक्त तुलाच येतं २पैशासाठी बुद्धी गहाण ठेवलीस
3007,-1,असं म्हणता येईल मुळेच घराघरात पोहचले
3008,-1,भटजी म्हणत असतील लग्न हाच जोक फार सिरीअसली घेऊ नका
3009,-1,तुमाहरे पास
3010,-1,याच्यामुळे घराघरात पोहचले मध्ये केलेला ट्रेंडमध्ये लोक सांगायला लागलेत
3011,-1,यूवानेता फ्रॉम राजकीय माध्यमिक विद्यालय चुंगी नाका
3012,-1,आजवरच्या अभ्यासात मला फक्त माहित
3013,-1,कोन ये
3014,-1,कोळसा टंचाई चे खरे कारण
3015,-1,उगाच सर्कॅस्म च्या नादात नको तिकडे नका जाऊ एखाद्या राजकीय नेत्याने राजकीय फायद्यासाठी काहीही बोलू दे तुम्ही त्याच्यावर नाव टिप्पणी करा हनुमान चालीसा म्हटल्याने अन् फायदा होतो असले ट्विट आपली झ दर्जाची व्यंग बुद्धी नागडी नका करू
3016,-1,साहेबांचं व्यंग नेहमी वेगळ्याच लेव्हल ला वास करत असत
3017,-1,बरोबर महाराजांच्या काळात कुठे वीज त्यांनी चांगल राज्य केल आपल्याला मार्गावर चालायच उपरोध समजत लोकांना
3018,-1,बात मनसे बोलू दिवा विझताना जास्त फड फडू लागतो
3019,-1,ताई ट्विट लाईक करण्याअगोदर असत माहीत घ्या
3020,-1,अतिशय शांत स्वभावाच्या पक्षीप्रेमी आपलं मत कणखर पणे मांडणाऱ्या व्यंग मिळून मिसळून राहणाऱ्या सर्वांच्या लाडक्या अश्या अनिंदाजी ना वाढदिवसाच्या अनेकानेक शुभेच्छा आपणास उत्तम आरोग्य भरभराटी लाभो हीच प्रभू राम चरणी प्रार्थना
3021,-1,इया कोनी खेला
3022,-1,मोदीची वाचवायला व्यंग चा आधार घ्यावा लागतोय यातच सगळं आलं बरं सांग शेठला व्यंग माहीत असेल मध्ये त्याला शिकवलं असेल
3023,-1,तुला जर व्यंग समजत नसेल अवघड तुझं वाद घालून उपयोग तुझ्याबरोबर
3024,-1,’ सुप्रभात
3025,-1,पोस्टला व्यंग असं एखादं दणदणीत बक्षीस देता येईल अभ्यास होणं गरजेचं अध्यक्ष महोदय
3026,-1,अंकल द सींप किंग
3027,-1,सिरीयस घेऊ नका ट्विट व्यंग
3028,1,दिल्लीतल्या शेतकरी आंदोलनाला हवा देणाऱ्यांना संस्कृतीअराजकता वगैरे आठवू लागलीय
3029,1,इकडे महाराष्ट्राच्या शेतकऱ्यांकडे वीज मध्ये बसून अभ्यासाचं नाटक करतात
3030,-1,दादा पर्याय नाहीये
3031,-1,गुपचूप सहन करावं लागणार
3032,-1,असल काहीच कायद्यात
3033,-1,टेन्शन घ्यायचं नसतंच
3034,-1,बडबडीवरून वाटत
3035,-1,पेपर टोटल बाकी
3036,-1,भावे वाटत तुझे
3037,-1,मॅगी बनवायला गेला होतास तू अस ने सांगितलं आम्हाला
3038,-1,बाहेर जाऊन आलो भडका उडवला इथे
3039,-1,बद्दल गुन्हा नोंदवता येईल
3040,-1,कोण बोलतंय
3041,-1,मला वाटल तुला किंवा कडून कळल असेल
3042,-1,अरे बिनकाम्यानो सकाळी सकाळी शांत बसा
3043,-1,हो मला ताई मॅडम ने सागितलं
3044,-1,मला ट्विट दिसलेलं ने लाईक केल्यामुळे ने मारलेल
3045,-1,बरोबर नाहीये
3046,-1,हो बघितलं भाऊ नी ट्विट
3047,-1,थ्रेड म्यूट
3048,-1,ना तिकडे
3049,-1,बरोबर ने बघितलं त्याला एकटाच खेळत म्हणे
3050,-1,तिथेच करत बसलेला अस ऐकलं
3051,-1,सौरव सोबत तिथे मला त्याने सागितलं
3052,-1,ॐ श्री महालक्ष्मी देव्यै नमः सुप्रभात
3053,-1,इन पा त लाणे स
3054,-1,धाग्यात सांगितल्याप्रमाणे माजिवडा चोकडी
3055,-1,सदर घटना कोठे घडली
3056,-1,आपली तक्रार पोलीस उप आयुक्त वाहतूक विभाग यांना आवश्यक कारवाईसाठी कळविली
3057,-1,ज्या मालिकेत करतात त्याच नाव स्वाभिमानशोध अस्तित्वाचा
3058,-1,व्यंग सगळ्यांच्या डोक्यावरून
3059,-1,ट्रॅक्टर वाचलेलं सुरुवातीला
3060,-1,सर व्यंग होतं जाऊद्या जोक करत
3061,-1,अहो काका व्यंग कशाला दुसऱ्यांना टॅग त्यांना त्रास देतायएंटरटेनमेन्ट घ्या
3062,1,बॉम्बस्फोटातील आरोपी सोबत लागेबांधे असणाऱ्याचा बचाव करणारा व्यक्ती दुसऱ्याला देशद्रोही म्हणतोय
3063,-1,बाजीराव किथ्थे है
3064,-1,व्यवसाय बंधूंना शालजोडीतले देण्याची धमक दाखवल्याबद्दल अभिनंदन बाकी धाडीचे कवित्व रंगतच जाणार
3065,-1,माझ्या कपाटात बंद शक्तीचा वापर करू शकत च्या स्त्रोत नसल्यामुळे तुम्ही पहा बाहेर पडू शकत
3066,-1,वजा सर तुमचा व्यंग लोकांना लवकर कळणार खरच वाटेल लोकांना वाले वर पसरवतील श्रद्धा ठेवा म्हणुन
3067,1,सहकारी बँकेत गेले नवीन खाते उघडायला फॉर्मवर ओळखीच्या लोकांची नावे लिहायची ज्यांना बँक ओळखते‌‌ फक्त काका पुतण्याचे नाव लिहिले लगेच माझे खाते उघडले गेले‌
3068,-1,मग दुसऱ्यांनी इतकं मनापासुन लिहले त्याचे कौतुक केल्यावर आपण जळू नयेशांत बसावे
3069,-1,सगळे बोलतात जे वरती बोले त्याचे कौतुक मीजळक्या
3070,-1,तू वालामनापासून कधी कौतुक वत्सजेव्हा बघावं तेव्हा च इकडे छापतो
3071,-1,अरे वाह आपली मंडळी उत्तर प्रदेश मध्ये जाऊन आंदोलन करतेय ह्याचा अभिमान वाटतोय असेच पुढे रहा होतं महाराष्ट्रात फक्त मराठी
3072,1,सातत्याने एकाच ठिकाणी एकनिष्ठ राहिलेले खंजीर किंग पवार काका असं म्हणतायत राज ठाकरेंच्या भूमिकेत सातत्य आनी ठिकानी ला पार चावडीवर बांधली काकांनी
3073,-1,ॐ सुर्य देवाय नमः
3074,-1,पुढच्या २ वयक्तिक ११ ट्विट मध्ये ज्याचा व्यंग ९० परिणामकारक असेल त्याला विजेता घोषित करण्यात येईल
3075,-1,म्हणुन व्यंग च ट्रेनिंग पूर्ण झालं निवडणूक कशी लढवायची याचं ट्रेनिंग तुमच्या कडून घेणार
3076,-1,पुण्याचे व्यंग समानार्थी
3077,-1,कधी कधी बाबाजीच्या व्यंग लेव्हल अस्ती समिती नेमून हुडकून काढावा लागतो असतो खरा कोर्स हवा शिष्य समान बौद्धिक पातळीवर येतील
3078,-1,तुमचं व्यंग बाबाजी
3079,-1,सिक्स चौके राजस्थान वाले पाणी पाजून राहिले मुंबई वाल्यांना
3080,-1,मंगल मांगल्ये शिवे सर्वार्थ साधिके शरण्ये त्र्यम्बके गौरी नारायणी नमोस्तुते
3081,-1,खुपच छोटं ट्विट पुर्ण वाचलं असतं मला टोमणा नसता मारलात
3082,-1,कळलं दिसायला तिथे
3083,-1,संपला विषय मग लगेच करतो त्यांना
3084,-1,चे आश्रम किती वर्षानंतर होतात
3085,-1,तुझ्यावर खूप प्रेम करतो
3086,-1,मेरीजुआना
3087,-1,ॐ गं गणपतये नमः
3088,-1,म्हणायचं असेल ना त्यानं लहान भावांशी ओळख घ्यायला मला हरकत
3089,-1,तुझ्यावर प्रेम करतो
3090,-1,माझं तुझ्यावर प्रेम
3091,-1,मला तू खूप आवडतेस
3092,-1,माज तुझ्यावर प्रेम
3093,1,माझा घोटाळेबाज डॉक्टर मित्र आम्हा सर्वांना काल ओरडू ओरडू सांगत खूप प्रामाणिक बोलली होय तू तुझ्या पवार साहेबांइतकाच प्रामाणिक आहेस एकदम ना राव चिडून निघूनच गेला तुम्हीच सांगा माझं चुकलं
3094,-1,ये वेडे आदी भांडी घास
3095,-1,लोकांना यांतला फरक कळत नाहीये हम करे करे क्या वाहवाह
3096,-1,सु प्रभात
3097,-1,तेवढं महागाई चं बघा
3098,-1,व्यंग नाहीं समजला मेमानेना
3099,-1,ऑस्कर मिळवल आयुष्यभर कमावलेली इज्जत गेली
3100,-1,उस्ताद परणा साबते साल गेल रहा करे
3101,-1,याला वॉर्डातील लोकांनी घेतला कधी अन् ह्यो ला सल्ले देऊन राहला च्या देवा
3102,-1,तुझं मतभेद ठीक स्वतः ला फक्त म्हणतात तू त्यातला कधी पासून तुणतुणतोय तू मला कुसळ फरक पडत तुझी पिस सोलणे झालंय तू कुठं कर तुझी तासायला असणार तुला व्यंग शिकवतो
3103,-1,म्हणतात त्याला
3104,-1,सुप्रभात डियर
3105,1,काल आपले बेस्ट विधानसभेत आव्हान देत सरकारी यंत्रणाचा वापर करुण नातेवायकांना त्रास देताय जर हिम्मत असेल समोरुन लढा दापोली मधे यांचीच पोलिस यंत्रणा यांना अटक करते
3106,-1,सत्तेचा दुरुपयोग अजिबात बरं काहीही लॉ अँड ऑर्डर धोक्यात येईल गुन्हा झालेला नसताना कारवाई एकदम योग्य
3107,-1,तुम्ही स्वघोषित सर्कस सॉरी कावळा तुम्हाला तुमच खरं नाव वापरायची चोरी तुम्ही विद्वत्तेची व्याख्या सांगणार चा बाप १०० खात्री प्रोफाइल मधला चेहरा तुमचं थोबाड यात संबंध
3108,-1,ऑफ इंडिया
3109,-1,दुष्काळी भाग जिथे हिरवळ भाग हिरवळ मुली हो असं कुठच कुठे गेलं सगळं भांडता तूम्ही लोकं
3110,-1,एवढं सांगून समजत नसेल मला गरज वाटत कारण कितीही कसं समजावलं त्यांना काढायचाय तोच अर्थ काढणार त्यांचं त्यांच्याकडे समजत सगळ्यांना पापडासारखे असतात काहिंचे सगळं अंगावर ओढून घ्यायचं
3111,-1,नाद
3112,-1,भारी
3113,-1,गो फॉर इट
3114,-1,विनयभंगाची तक्रार लागेल तुझ्यावर कारण लहान आहेस ना तू
3115,1,आधी आमदार साहेबांना गाडी घ्यायला लाखाचे बिनव्याजी कर्ज नंतर साहेबांच्या पीए ड्रायव्हरची पगारवाढ नंतर आमदार निधी वाढवून कोटीआता आमदार साहेबांना मुंबईत कायमस्वरूपी घर लोकप्रतिनिधीचा गतिमान विकास करणारं सरकार आजतागायत राज्याने बघितले नसेल गतिमान महाराष्ट्र
3116,-1,गुजरात
3117,-1,व्यंग खरंच मत लिहिणाऱ्याचे खूप थोर विचार
3118,-1,इट विल
3119,-1,केम हियर बिफोर बेंगर
3120,-1,खरोखर मनापासून लिहिलं व्यंग
3121,-1,भटाला ओसरी भट हातपाय पसरी
3122,-1,हेच लोकं त्यांना त खाली खेचनार
3123,-1,काँग्रेसी कार्यकर्ते दुसऱ्यांना राजकारण शिकवत आजच्या घडीला ने जीव दिला भाऊ
3124,-1,छे हो आम्ही मुंबईकर आहोत शुद्ध रक्तात आहे‌ आमच्या
3125,-1,व्यंग ताई उद्विग्नता निरीक्षण करणाऱ्या मुलाची
3126,-1,भाऊंच्या वर पर्यंत फ्कत शिव्या शाप पाहायला मिळते इतका त्रास होतो भाऊंनी सांगितल्या प्रमाणे स्वतः चा भाऊंना चुकीचा ठरवा इतकी मेहनत करेल कोण भाऊ तोरसेकर व्यंग
3127,1,च्या देवा आरेतील झाडांची कत्तल करणारे म्हणतायेत जंगल सुरक्षित ठेवा
3128,-1,आपलं व्यंग समज कठीण जातंय सर्वांना
3129,-1,जय राष्ट्रीय लोकदल
3130,-1,अतिशय सुंदर विवेचन अतिशयोक्ती अलंकार चा उत्कृष्ट वापर खेडोपाड्यात जत्रांची सुपाऱ्या घेणे सुरु झालं हास्य प्रयोग सुरु कराच आमच्या तुम्हाला शुभेच्छा
3131,-1,लोकांना कळत
3132,1,विद्युत कॉलनी मध्येच विद्युत व्यंग
3133,-1,व्यंग जे लोक पाणी सुद्धा धुऊन पीता त्यांनाच जमत
3134,-1,मग मत कशी भेटणार ताई
3135,-1,तांबडे बाबा समजायला बहुजनांच्या अजून पिढ्या खर्ची पडतील
3136,-1,सच्चा पुणेकर तोच जो यात खोचकपणा शोधेल
3137,-1,मला कळत रेपण तुझी व्यंग मध्ये लागलेली दिसतेय मला सांग आई बाप दोघंही सावत्र कशे बुआ मान्य तू डॉक्टर लावतो नावात
3138,-1,चोंग्या तुला व्यंग समजतो नाहीसावत्र आई बापाने शाळेत घातलं नव्हतं तुला आधी नीट वाचत ज मग गटार उघडत जा चल निघ
3139,-1,तू वेगळ्या गेम खेळत असशील
3140,-1,एवढं लहान तुमी
3141,-1,फक्त बघायला
3142,-1,आयरणी व्यंग चूक भूल माफी असावी
3143,-1,पूर्ण मूव्हीच विसरू शकत पल्लवी जोशी च व्यंग
3144,-1,कुठं यांना व्यंग शिकवायला जातो यांना शिकवता शिकवता आपण विसरायचो
3145,-1,२० टक्क्याची भीती दाखवून ८० टक्क्यावाल्यांची ह्यांनी पद्धतशीर मती भ्रष्ट केलीय
3146,-1,सर जी घेतलं बाकी इथे मराठी वाल्यांमध्ये जरा आहेसगळ्यांनाच व्यंग समजेल असं महिला मुलींच्या ट्विट खाली जरा जपून गॅंग येतात भांडायला मध्ये डोकं खातात
3147,-1,सेल्फ रिस्पेक्ट
3148,-1,असली चेष्टा नका करू व्यंग ना कळत
3149,-1,समजतच
3150,-1,फक्त करता करता एखाद्याचा अख्खा पाय काढून घेऊ नकोस बाकीच्यांसारखं करता करता विकृत होऊ नकोस
3151,-1,पाहिजे गोष्टीचा गर्व सांग मला पागल गुंडागर्दी तिथे आमच्या रक्तातच छत्रपती शिवाजी महाराज कडून शिकली कोणाशी गुंडागर्दी करायची कोणाला त्यांची औकात कुठे दाखवायची आमच्या रक्तातच वे गुंडागर्दी बद्दल कोण बोलत
3152,-1,आयफोन दे तितकंबाकी कुत्रा ठेव तुला
3153,-1,ट्विटर वरचा लै भयानक असतो
3154,-1,आर बाबा व्यंग हाय र
3155,-1,मनसे चर्मकार सेने कडून चेक स्वीकारल्यानंतर भाषण झाल्यावर साहेब लगेच जातीपाती मानत
3156,-1,हिला विचारून सांगतो हंअरे आई जाऊ देत ए असं कलटी मारणार्यांना
3157,1,शालिनी ताई महिला होत्या त्यांनी मराठा आरक्षण मागितलं साहेबांनी त्यांना पक्षातून काढून टाकलं साहेब महिला दिनाच्या शुभेच्छा देत कोपऱ्यात बसून रडत
3158,-1,समाजात मर्द मिरवणारे घरात स्वतःच्या आईच्या डायबेटीस ब्लडप्रेशरच्या गोळ्या नाहीत बायकोला कामात तसूभर मदत करत नाहीत मुलीला ओझं समजतात मध्ये परस्त्रीबद्दल आईबहीणकाढतात स्त्रीला फक्त उपभोगाची वस्तू समजतात
3159,-1,सिदू ची हवा
3160,-1,समजून घेत जा मराठी ट्विटर वाल्यांनो
3161,-1,वचन पूर्ती भाजपाची स्वप्नंपूर्ती पुणेकरांची
3162,-1,आधी माहीत असत ने २५ वर्ष पद दिलं असत
3163,-1,अर्धा पाऊण तास रांगेत उभं राहून साधना ची मिसळ आवडीने खाणारे लोक पुण्याच्या मिसळीला नाव ठेवतात
3164,-1,अण्णा खूप खूप शुभेच्छा अभिनंदन
3165,1,मोठ्या पदावरील व्यक्तीने विचार करूनच शब्द बोलायचा असतो अजितदादांचा राज्यपालांना सल्ला धरणात पाणी जाऊन मुतु अस जेव्हा आपण बोलला होतात तेव्हा आपण राज्याचे उपमुख्यमंत्री
3166,-1,संघी शाळा दिसते
3167,-1,अमेरिका रशिया सारखी राष्ट्रे बलाढ्य असूनही शांत बसत नाहीकाही ना करतच असताततर आपण थोडे मिळाल्याने समाधानी असणाऱ्यांनी आत्मचिंतन पाहिजे
3168,-1,एवढा लांबवरचा प्रवास घरी पोहोचल्यावर आंघोळ करावी लागणारच ना मग केंद्र त्यांना आंघोळीसाठी साबण देत
3169,-1,यातील समजून घ्या मुद्दामहून ज्यांचे थांबणे आवश्यक नसेल विद्यार्थी भारतात परतण्याचा विचार करू शकतात कसल्याही अर्थ नसलेल्या वाक्याला पोस्ट करत अतुलजी आपण भाजप आमदार आहात मोदी सरकारला ट्रोल करणे शोभते
3170,-1,शाहुपुरी
3171,-1,प्रिय पिंट्या एखाद्या केलेल्या पोस्ट खाली टाकणं सोप्प असतं जिथून केलंय त्यांच नाव टाकणं फार अवघड असतं
3172,-1,उल्हासनगर
3173,-1,गोबर भक्त गोबर खाना बंद कर दे
3174,-1,तुमच्या व्यंग चा कंड शमवण्यासाठी महाराजांना मध्ये आणून त्यांच्या जन्मस्थळावर जोक बनवू नकाबाकी विषय राजकीय वैयक्तिक टीका करण्यासाठी
3175,-1,भाई
3176,-1,जय उमाशंकर
3177,-1,जा अभ्यास कररात्रीचे वाजेपर्यंत जागा राहतो
3178,-1,बिचारा बोलायचं तुला
3179,-1,अभ्यास करतोय ग भिचारा
3180,-1,याने असेल ना ट्विट
3181,-1,बुलडोजर एक्सप्रेस
3182,-1,तरीही माविआ सरकार सर्वोत्तम सरकार
3183,-1,पेमली बेर
3184,1,कही दिवसांत ५ राज्यातील निवडणुकांमध्ये फायदा व्हावा ह्यासाठी मोदींनीच युक्रेन वर हल्ला करवला असाही तर्क विरोधकांनी नवल वाटायला नको
3185,-1,वाढदिवसाच्या खूप खूप शुभेच्छा
3186,-1,नक्कीच तू समर्थ आहेस भावा
3187,-1,धन्यवाद असेच प्रेम असूद्या
3188,-1,वाढदिवसाच्या शुभेच्छा ऊर्फ भाऊ माफ कर थोडा उशीर लैच उशीर प्रचंड कामात होतो रे नेहमी आनंदी रहा भांडण वगैरे कर तुझी मर्जी स्वतःला जपत जा तुझी काळजी वाटते रे बोललो
3189,-1,वाढदिवसादिवशी भावाला आंघोळ घालावी ना
3190,-1,माझं आधी तेच आलेलं मग ह्या ची कॉमेंट वाचली २६ उत्तर नाहिये मग डोक्यावरचं फुल गृहीत धरता वेगळंच लावत बसलो व्यंग होतं कृष्णवत्सल आवडलं मला
3191,-1,एखादी पिन मारुन मजा बघण्याच्या नादात लोक भाला घुसवून घेतात हेच कळत
3192,-1,भटुकड्यांनी नेमलेला खासदार मराठ्यांसाठी लढतोय व्यंग
3193,-1,आलोच तासा भरात भोसरीत करू पार्टी
3194,-1,हॅप्पी वाला बिर्थडे भावा
3195,-1,द्यायचं नाहीतर गैरसमज होतील लोकांचे
3196,-1,चुकून झालं
3197,-1,अकाउंट स्विच रिप्लाय द्यायचा सर
3198,-1,कुठे सर तुम्ही
3199,-1,नारायणगावचे डॉन जिगरी यार पप्पांचा लाडका उर्फ ला वाढदिवसाच्या खूप खूप शुभेच्छा असच नोट्स मागायची निमित्ताने कॉलेजच्या मारायच्या निमित्ताने ट्विटरच्या पोरी पटवत रहा
3200,-1,म्हणी वाक्प्रचार भाषेची लेणी बोलण्यात सहज येतात याकडे बोलणाऱ्याचं लक्ष असलं पाहिजे अमराठी लोकांसमोर मराठी बोलताना आपण स्वतः भाषेचा आनंद घेत असलो मराठीचा प्रसार होणारच सर्वाधिक टिकणारा असेल
3201,-1,जा मग अंघोळ घे बादली भर पाण्याने खुप दिवस असतील ना अंघोळ
3202,-1,धन्यवाद मॅडम तुमच प्रेम बघून टचकन डोळ्यात थेंब खोटखोट पाणी आल नेहमी असच प्रेम असुदया
3203,-1,वाढदिवसाच्या हार्दिक शुभेच्छा कचऱ्याच्या डब्यातून उचलून आणलेल्या माझ्या लाडक्या भावाला आई बोल्याप्रमाणे आजच्या दिवशी अंघोळ परोश्या सकाळी इकडे तिकडे जाऊ नको लय हाणतील लोक तुला
3204,-1,क्रोनॉलॉजीम्हणजेचसंबंधित घटनांचा कालक्रमनीटसमजला तरच व्यंग किंवा विरोधाभास लक्षात येईल नाआज सेनेला बाळासाहेबांचेते ९२चे ओजस्वी उद्गार सोयिस्कर आठवतातत्यानंतरही त्यांनी युती टिकवलीनव्हेतर९५ते ९९ युतीला सत्ता मिळवूनदिलीनोव्हे २०१२त्यांच्यानिधनानंतर७ वर्षांतचयुतीभंगली
3205,-1,म्हणे व्यंग
3206,-1,साहेबांचा व्यंग समजून घ्या बरोबर बसप वोट द्या फटाके फोडू मुंबई मध्ये
3207,-1,कोण चालवत हँडल बाबा क्रोनोलॉजी समाझीये अस कधी लिहायचं घटनांचा क्रम समजून निष्कर्षावर यायचं असत तेंव्हा अस लिहितात इथे किंवा विरोधाभास समजून घ्या अस लिहायला हवं भाजपाने कसले बिनडोक भरून ठेवलेत राव
3208,-1,वापरला
3209,-1,महारानी अजुन उठली नसेल
3210,-1,फजित दादा शांत खूप कळत यातून
3211,-1,फक्त पाळीव कुत्र्यांचा थयथयाट पडसाद म्हणेसुज्ञ लोक सगळं जाणून
3212,-1,झरबेर और
3213,-1,जस्ट इमॅजिन व्यंग बोर्ड्स
3214,-1,लवकरच आत्मनिर्भर झालास
3215,-1,भाई मुंबई तक जे ट्विट यांनी केलं व्यंग जर तुम्हाला कळत नसेल अवघड
3216,1,किती विरोधाभास बघा ना युद्धाच्या पार्श्वभूमीवर एकीकडे लाखो लोकांचे जिव धोक्यात असताना दुसरीकडे हजारो लोक त्याच्याकडे आपलं भविष्य सुधरविण्यासाठीची स्टॉक मार्केट मधील संधी बघत मुडद्याच्या टाळूवरच लोणी खाणे दुसर
3217,-1,खाली वरून अस दिसतंय लोकांचा सरकारवरील रोष व्यंग समजण्याच्या पलीकडे गेलाय
3218,-1,आमचे ट्विटरवरील पहिले मित्र अतिशय माणूस सगळया पोरींचा लाडका याला वाढदिवसाच्या हार्दिक शुभेच्छा
3219,-1,यातला व्यंग बऱ्याच जणांच्या पचनी पडणार
3220,-1,अरे व्यंग नच ले वैताग आणला लका
3221,-1,समीर वानखेडे यांना जेल मध्ये पाठवणार होतेस्वतःच जेल मध्ये गेले म्हणतात ह्याला
3222,1,केसीआर यांच्यानंतर लवकरच जो बायडन यांचा महाराष्ट्र दौरा होण्याची शक्यता मुख्यमंत्री ठाकरेशरद पवारांची घेणार भेट रशियायुक्रेन संघर्षावर तोडगा काढण्यासाठी चर्चा बातमीनेच पुतिनला फुटला घाम भेट ठरवण्यात संजय राऊतांची महत्वाची भूमिका सूत्रांच्या हवाल्याने
3223,-1,विचित्र प्राणि
3224,-1,याआधी मला वाटायचं व्यंग इंग्रजी शब्द
3225,-1,क्या बात बोला हैरिस्पेक्ट सॅल्यूट
3226,-1,सगळ्या पोरी बाकी फुटु कडक
3227,-1,हो माझं लावून दे
3228,-1,खरं बोलत जा बे कधी
3229,-1,कातील आदा
3230,-1,गप रे तू चा आहेस
3231,-1,चेष्टा नाहीये याला मराठीत व्यंग म्हणतात
3232,-1,कोणाचा चांगलं दिसला त्याला आपलं तोंड नको चिटकवत जाऊ बे सीध्या
3233,-1,क्यूट हँडसम मुलगा कोण सिध्या
3234,-1,अल्पवयीन मुलींना फसवण्यासाठी जाळ टाकतोय लक्ष देऊ नका
3235,-1,इकडे कोणी वहिनी भेटली मला
3236,-1,लिहलंय
3237,-1,हल्ली भक्तांना व्यंग कळत राव
3238,-1,पहिल्यांदा ऐकतोय वर्ष चतुर्थीचा उपवास चालू विचार कधी डोक्यात शिवाय चंद्रोदय आधीच ठरलेला असतो ना कॅलेंडर प्रमाणे पोस्ट व्यंग व्यंग असेल समजू शकतो
3239,-1,आमचे मित्र ह्यांचा लग्ना साठी मुली पाहत आहोत इच्छुकांनी नाव नोंदणी करा अपेक्षा मुलगी असावी स्वभाव असावा मुलगी असावी
3240,-1,व्यंग लेखन तारेवरील कसरत असतेजरा तोल गडबडला गोट्या थेट कपाळात अशा प्रकारचे लेखन मण्यांच्या माळेसारखे असले पाहिजेमाळेतील मणी एकसारखे असेल तरच माळ सुंदर दिसतेत्याचप्रमाणे लेखनात पहिल्या शब्दापासून शेवटच्या शब्दांपर्यंत एकसंधता असली पाहिजे
3241,-1,तुला कोणी कोल्ला रे
3242,-1,बघा ज्या राज्यातून महात्मा गांधी येतात त्याच राज्यात गांधींची हत्या करणाऱ्या व्यक्तीचे विचार आदर्श रुजले लहान मुलांमध्येमग कशाला गांधीविचारांचा दिखावा केल्या जातोय मॉडेल ची प्रेरणा शी संबंधित दुर्दैव
3243,1,मॉर्निंग वॉकला आलेले उत्साही लोक पार्क मधून बाहेर पडल्यावर कोपऱ्यावरच्या स्वीट मार्ट मधून तेलकट कचोरी सामोसा भक्षण करत असतील
3244,-1,बाळा साहेब व्यंग चित्रकार वकृत्व कला अतित्तम श्रिकांत ठाकरे संगीतकार क़लेचा फ़ार व्यासंग उद्भव उत्तम फोटोग्राफ़र राज ठाकरे व्यंग चित्रकार वकृत्व कला जेथे सरस्वती चा सतत सहवास त्यांच शिवसेना भवनात व्यक्ति शिवराळ भाषेत स्त्री देखत पत्रकार परिषद
3245,-1,ग्रॅम छटाक
3246,-1,साडे छटाक
3247,-1,ईडी ची पीडा एकदा मागे लागली कि कशी फाटते घामाघूम संजय राऊतांच्या रडक्या केविलवाण्या पत्रकार परिषदेत पाहिले त्यांच्या राजकीय कारकिर्दीचा अंत जवळ असेच वाटते पुरते एकटे पडले
3248,-1,सिद्या कोमात वाटतं
3249,-1,सर दुपारी जेवणात
3250,-1,फार सौम्य भाषेत सांगतो भाषा व्यवस्थित वापर तुझा दुतोंडी पणा छुपा संघी अजेंडा उघड करायला नक्की यावं लागतं करायला मुलींना मारलं पाहिजे अस लिहुन कुणाल कामरा ची सस्ती कॉपी दिसलास स्टँड अप कॉमेडियन नक्की होशील अशाने प्रशासकीय अधिकारी होण्यापेक्षा
3251,-1,भीनमाल आस पास से
3252,-1,पुरजी बा सुप्रीमसी
3253,-1,च्या देवा तुला ठिणगी ठिणगी वाहू दे आजही आपलाच विजय
3254,-1,जरोईस पकीया ढोली
3255,-1,लता दीदीचं निधन होऊन दिवस आजून कशी बॉलीवुड मध्ये कुणाला स्टोरी सूचली बीयोपिक साठी नाहीतर तशे कथेचा शोधात असतातच नेहमी
3256,1,आपण कष्ट करत राहू आपण कर भरत राहू इतरांशी त्यांच्या भाषेत बोलून त्यांची मानसिक गुलामी करण्यासाठी सज्ज राहू
3257,-1,अलेलेले
3258,-1,रिस्क मत ले
3259,-1,तसाच
3260,-1,म्हारा घर
3261,-1,टोमणा नेहमी भक्तांना मारतो आपल्याला तिरकस टोमणा मारेन जेव्हा टाईम लाईन वरील व्यंग चे एवढे कौतुक मला वाटतं माझी वाक्यरचना मांडण्यात चूक आपला गैरसमज असावा
3262,-1,कोकण कोकणी थाली भाताशिवाय पूर्ण कोकणात मासे भात प्रमुख अन्न महाराष्ट्र टुरिसम चं ऑफिसिय हॅन्डल चुकीची पोस्ट करत दाखवून दिलं प्रत्येक वेळ व्यंग ची नसते हो कोकणातील लोकांना व्यंग शिकवायला जाऊ नये त्यांच्या रक्तात
3263,-1,फेडरेशन ऑफ खांग्रेस
3264,-1,वेळ मिळेल तशी आतापर्यंत बरीच पुस्तकं वाचली अजूनही चालू वाचन ह्या मोदी सारखे कॅरेक्टर अजून कोणत्याच पुस्तकात भेटले नुसता रंग बदलायचा कुणाचेही खापर कुणाच्याही माथ्यावर निर्णय धडाचा चाललाय देश महासत्ता बनवायला
3265,-1,तू ला ये रे
3266,-1,अतीच जरा तुम्ही भाजपला पाठिंबा देतात तुम्ही चाटू गिरी वर बोलतात राव
3267,-1,जयंत चौधरी
3268,-1,कधी कोणाची काढली माझ्या वरच्या ट्विट मधेही कोणती नमूद केलेली माझ्या ट्विटचा व्यंग तुम्हाला समजलेला नसावा
3269,-1,ह्याच गरीब घरातल्या नातेवाईकांन कडे चे चापे
3270,-1,इथे माकडहाडावर पडलो आपले समर्थक वरून भांडताहेत भाऊ सगळं मीच बोलायचे अरे कुणीतरी करा रे
3271,-1,जे अनोळखी होतात जवळचे नसतात कामापुर्ती जवळीक साधुन हेतू साध्य करुण दूर जाणारे मतलबी माणसं असतात
3272,-1,शिवसेनेचे हिजडे गुंड नेहमी झुंड मध्ये हल्ला करतात नामर्द साले
3273,1,हुंडा नसतोच मुळात कारण लग्ना नंतर नवऱ्याच्या पैशावर बायको जेवढं खर्च करते हिशोब असतो
3274,-1,जय योद्धेय
3275,-1,पाहिला थोडा त्रास होतो ठीक
3276,1,ताई ह्यांना म्हणाल्या विखे घराण्याचे गांधी घराण्याशी चांगले संबंध खाल्ल्या मिठाला जागापण कोण सांगतंय ज्यांनी गांधी घराण्याशी फारकत राष्ट्रवादी स्थापन सुध्दा खाल्ल्या मिठाला जागली
3277,-1,लोकांनी आपल्याला गमावलं आपण त्यांना कारण आपण प्रयत्न गेले चांगलं आहेच आपल्याला समजलं आपलं कोण
3278,1,आत्ताच दिवसांपूर्वी केरळमध्ये शाळेत मुलं मुलींसाठी कॉमन युनिफॉर्म ची न्यूज तेव्हा निर्णयाचं स्वागत करणारेकाही अपवाद हिजाबच समर्थन करत
3279,-1,आचार्य संहिता
3280,-1,त्यातलाच मलाही एकटे राहायला आवडते शांततेत आवडते
3281,-1,सवयी बदल बाबा
3282,-1,बोलणं अगदी सरळ थोडं तिखट पाहिजे
3283,-1,अगदी हुशार मनुष्य आहात तुम्ही
3284,-1,विदर्भ
3285,-1,आमच्याकडे अशा लोकांना अयदी बोकड्या अस म्हणतात
3286,-1,लोकांना टोमणे मारणं भारतीय परंपरा सुधरा रे
3287,-1,भगवतगीता घे
3288,-1,अपेक्षा ठेऊन मैत्री नसते निर्व्याज मनाने कुठे सूर जुळले मैत्री अर्थात प्रत्येक मित्र वेगवेगळ्या स्वभावाचे असू शकतात मैत्री राहत असते माझे मित्र खूप दिवसात भेटले नाहीत मैतर
3289,-1,मला माहितीये तात्याला कळत ना
3290,-1,तुला लिहून दिलंय स्टॅम्प पेपर वर माघार
3291,-1,दिखाऊपणाखोटा नम्रपणा वेड पांघरणे सगळ येतय
3292,-1,लोकांना ऐकणारा आवडतो चांगला बना लोकांना तुम्ही खूप छान बोलता वाटु लागेल
3293,-1,सुद्धा यापैकी
3294,-1,भरपूर खाण्यापिण्याचे फोटो टाका बास
3295,-1,पुस्तक नाहीत लिस्ट मद्ये
3296,-1,लेखकाला इथं माझ्याकडे सुचवायचं
3297,-1,मला कळाव केलोय
3298,-1,शिव्या जमत नसतील एखादा छोटासा दगड फेकून मारायचा
3299,-1,१ लोककल्याणकारी कामे करता करता स्वतः १० पिढीच कमावून घेणे २ एकदा आमदार झाल आयुष्यभर पेन्शन खात बसणे ३ विकास कामातील निधी पवित्र हेतूने खाणे ४ प्रत्येक गोष्टीत आपली टक्केवारी पाहणे ५ स्वतः इतरांपेक्षा किती धुतल्या तांदळासारखे आहोत जनतेस पटवून देणे
3300,-1,सर्वच मित्र नसतात ज्यांना ठरवुनच मैत्री करायची असते लांब जातात
3301,-1,शिव्या द्यायच्या मस्त सवांद वाढत जातो मग
3302,-1,लोक खरे मित्र च नसतात
3303,-1,इगलास अलीगढ़
3304,-1,सिद्धू इतका समजदार कधीपासून झालास रे
3305,-1,अल्वेज वेल्कम ब्रो
3306,-1,दोंन लागतेत फक्त
3307,-1,माझे कधी
3308,-1,दिसले पूर्ण
3309,-1,कच्चा बदाम श्रीवल्लीवर बनवणे सध्या काळाची गरज
3310,-1,काँग्रेट्स
3311,-1,हिंदी मराठी मिक्स
3312,-1,तिसरी नवीन
3313,-1,रसोई गृह
3314,-1,मिळणार
3315,-1,माहित मला
3316,-1,सिध्या जा ना रे इकडूनतो काजो तू आलास
3317,-1,सांभाळा
3318,-1,तु किती रिकाम टेकडा आहेस बे
3319,-1,बदला असता जर वेगळे व्यक्ती भेंडी दोघेच वापरतात
3320,-1,तुम्ही मधे जाऊन मरत
3321,-1,ये शांत बस रे तू करू नको सिधया इकडे विषय तू बोलतो
3322,-1,भटारखाना
3323,-1,पाकशाळा
3324,-1,भोजन गृह
3325,-1,स्वतःशी बोलणारे कोण असतात
3326,-1,एकच व्यक्ती आयडी ने
3327,-1,स्वयंपाक गृह
3328,-1,तुला शब्दच सुचानात
3329,-1,तुम्ही म्हणाल थाम्बतो
3330,-1,आत्ताच झाल
3331,-1,रेस्टॉरंट
3332,-1,खाणावळ
3333,-1,शेजारच्या पोरींवरून लक्ष अभ्यासात दे थोड
3334,-1,त्यांना त्रास देणं माझा ट्विटर सिध्द हक्क तात्या मान्य करतील
3335,-1,जोपर्यंत तुला कोण भेटत नाय तोपर्यंत भारत भाऊंना आयुष्यात सुख लाभणार
3336,-1,रे यांच्याकडून शिक जरा जास्त काढायचे फक्त काढलेत त्यांनी
3337,-1,फक्त चार
3338,-1,खरंय तात्या तू किती काढलेत रे
3339,-1,माणसाने जास्त कांड दुसरे अकाऊंट काढावे लागते
3340,-1,खूप खूप शुभेच्छा
3341,-1,तिची बदनामी लावली तू तिच्या जागेवर तुझ्याच घरातलं कुणी असते लोकांना असेच हसायची संधी असती
3342,-1,याबाबत पुणे वेधशाळेने अद्याप अंदाज वर्तविलेला
3343,-1,जातीवादी पुरोगाम्यानसमोर दररोज आत्महत्या करत असते
3344,-1,माझ्या बोलण्यामागचं व्यंग तुम्हाला कदाचित कळालं प्रत्येक धर्म आपापल्या पद्धतीने पेहेराव करत बसला शाळा फॅन्सी ड्रेस होईन मुस्लिम महिलांना सवलत मिळाली उद्या प्रत्येयक जाती धर्माने वेशभूषे प्रमाणे मुलांना शाळेत पाठवण्याचा अठ्ठाहास धरला अवघड होईल
3345,-1,नम्र विनंती करतो वडेट्टीवारयांनी पूर्वी नाना चुडासमा घ्यायचे तशी मुंबईच्या मैदानात बजेट विश्लेषण करणारी सभाच टाकावी
3346,-1,सर्वांची पूर्ती आपण महाराष्ट्र बजेट मध्ये पूर्ण करू जेणे महाराष्ट्राची प्रजा सुखी होईल जे केंद्र सरकारने पूर्ण महा बजेट मध्ये पूर्ण होईल मध्ये घ्या
3347,-1,मार्च योगीराज
3348,1,रिसोर्ट पाडलं एव्हढी धूळ उडणार परत पर्यावरणाचं नुकसानच णिषेध
3349,-1,गोष्टी व्यंग मध्ये घेत जावा
3350,-1,सगळे ट्विट लाईक करत गेलो उलट्या क्रमाने करत आलो वाटलं होतं व्यंग
3351,-1,अमीदेवला महिन्यांपासून ओळखतेय हुशारी बऱ्याच जणांना माहीत मतं क्लिअर असतात बहुतेक डोळ्यात खुपत असणार कोणाच्या ना कोणाच्या समजून घ्या लोकांनो सगळीकडे सिरीयस व्हायची गरज नाहीये
3352,-1,अखंड थ्रेड लिहिता येईना ह्याला निघालेत महाराज करायला च्या देवा
3353,-1,सेलेब्रटी
3354,-1,जोक व्यंग अपार्ट खरंच एव्हढी महाग असते वाईन
3355,-1,ॐनमःशिवाय्
3356,1,वाझे लादेन हर्बल तंबाखु गांजा वाईन दारु
3357,-1,बघता रागानंपत्र लिहिले वाघानं
3358,-1,वाचली फेसबुकवर ची व्यंग पोस्ट
3359,-1,मुलींनाच ऑफेंड व्हायला सांगत तुझा व्यंग चा दूर दूर पर्यंत संबंध दिसत नाहीये
3360,-1,सुप्रभात प्रिय मित्र
3361,-1,राज्यात सर्वत्र महापालिकेच्या वेबसाईटवर किराणा दुकान सुरु करण्यासाठी लाखोंनी अर्ज वेबसाईट पडल्या बंद
3362,-1,तावली लेले
3363,-1,फेर ना हासे कधी निमट जा अर मेरे नाम होजा
3364,-1,मधून ज्वलंत मुद्द्यांवर हल्ली भारी व्यक्त होतोस दिपक
3365,1,पत्रकार मित्राने जॉब सोडला त्याला संजय राऊत यांची मुलाखत घेण्याचे सांगितले मला
3366,-1,नास हो खट्टर आपणे केसा राख दिया भाई म्हारा
3367,-1,नपले त गेले बेटा
3368,-1,अकेलापन
3369,-1,तुला समजतो रे भार खाऊ तू पिसाळला
3370,-1,सब वाला पलटन गायब
3371,-1,हॅशटॅग राहिलाच म्हणावा
3372,-1,मराठी अस्मितेचे प्रतीक यांचा जन्मदिन बरोबर केलं त्यांनी
3373,1,विमानात बसतांना एकच सांगितले कलियुगात कर्माची फळं तात्काळ मिळतात ऐकुन होतो बघायलाही मिळाले टाळ्या देत घेतलेल्या मोठ्या लाफ्टरनंतर एअरहोस्टेस ने आमच्याकडे बघणे क्रमप्राप्त
3374,-1,काहीच भावना व्यंग दोन्ही पोचलं
3375,-1,उत्तर प्रदेश
3376,-1,सैनिकांची अक्कल गुडघ्यात असल्याने त्यांना व्यंग समजत नसावा
3377,-1,ज्यांनी तक्रार क्रिमिनल केस दाखल करायला हवी फक्त निषेध मोकळे होतात
3378,-1,मराठी बोलू मराठीत बोलू वाक्य प्रॅक्टिकल केस पहिली फार फरक नाहीये पाहिलं जरा व्यंग दुसरं वापर करण्याचं कौशल्य दर्शवते जी ची स्पेशल केस असती जास्त अचूक असतं प्रश्न चर्चा करण्यासारखा
3379,-1,पोटापाण्याचा संबंध असतो तिथं विचारसरणीअभिव्यक्ती स्वातंत्र्य नैतिकतामुल्ये गोष्टींशी देणंघेणं नसतं अन् फारसा संबंध नसतो बाकी मुल्ये भाषणातच त्यात असो वा असो सर बरोबर ना
3380,-1,मराठी ट्विटर वर करण्याबद्दल इथल्या मिम जाण असलेल अतिशय चांगलं हॅण्डल मित्रासोबत चर्चा करतं होतो त्यावेळी त्याने बोललेल फोटो मध्ये लिहिलं माझं सुद्धा अगोदर पासूनच मत
3381,-1,जमानत गारंटी लेले
3382,-1,राष्ट्रीय लोक दल जिंदाबाद
3383,-1,सर बहुतेक व्यंग कि घरी बोलू शकत नसेल ट्विटर वर लिहायचं
3384,-1,आटपाट नगर होतं तिथे गरीब भिक्षाम देई च्या सत्यभाकडकथांचे नायक लेखक म्हणत भिकारी
3385,-1,दादा हॅशटॅग बघा कदाचित होऊ शकतं
3386,1,ब्रेकिंग न्युज राष्ट्रवादीची निवडणुकीतली एकुलती सीट भारतीय संघाचा पूर्वकप्तान विराट कोहली लढणार इसे केहते है साहेबउगीच नव्हते अध्यक्ष
3387,1,ऑक्सिजनची मागणी वाढली निर्बंध वाढवण्या संबंधीचा निर्णय राज्याचे मुख्यमंत्री नात्याने आदित्य ठाकरे साहेब घेतील व्यंग
3388,-1,दल बदलू
3389,-1,पेरू
3390,-1,पेरू जाम
3391,-1,जांब मराठवाडा
3392,-1,लताम बिहार मिथला
3393,-1,पेरुजांबाचे फुल
3394,-1,बिनकाट्याचे छोटे फणस
3395,-1,जांब मराठी
3396,-1,मराठीमध्ये पेरु किंवा जांब म्हणतात
3397,-1,जांभम्हणतात याला आमच्याकडे
3398,-1,जांबमराठी
3399,-1,आडमुठी ऐकलं होतं सुंदरही कळालं
3400,-1,जामफ़ल इन गुजराती
3401,-1,पेरूजांब
3402,-1,सकरात कोथली
3403,-1,पेरू जांब
3404,-1,पेरू जांभ
3405,-1,ड्रॅगन फळ
3406,-1,घासाचे
3407,-1,मराठी पेरू
3408,-1,खूपच छोटे
3409,-1,छोटे वाटतं
3410,-1,फणस साहेब
3411,-1,आंबे नहीत
3412,-1,खोकला आंब्यानी साहेब जांबानी सर्दी
3413,-1,थंडीमध्ये खाऊ नको खोकला येईल
3414,-1,बिही बघेलखंड प्र
3415,-1,पेरू जांब मराठी
3416,-1,सोयतुंबा
3417,-1,मला ला सोडचिठ्ठी द्यावी लागली असलं फ्रेंड सर्कल माझं
3418,-1,अर्थातच माझे ट्वीट उपहासात्मक व्यंग
3419,-1,वर्धा महाराष्ट्र
3420,-1,एलियन
3421,-1,मला कट्टर हिंदू व्हायची तीव्र इच्छा हिरव्या पालेभाज्या खाणं सोडावं जाणकारांना प्रकाश टाकावा
3422,-1,नशीब बाउल दिला पडद्याला हात पुसतो असं लिहलं व्यंग
3423,-1,जाटू खाप ह ये
3424,-1,एडपट च आहेस अभिव्यक्ती स्वातंत्र्य नसतं तू जे संघोटी मोदी भक्त फकीर व्यंग करतोस तुझी ताकत असती अस बोलायची
3425,-1,कालीरावणा असली है
3426,-1,क्यू खामखाह खर्चा करवावे वीरे बाजण दे
3427,-1,सद्यस्थितीत बाजारात उपलब्ध दलाल पत्रकारांचा खरपूस समाचार यांनी घेतलाय व्यंग संवादफेक अफलातून अवश्य पहा
3428,-1,महाराष्ट्र शासनाच्या निर्बंधांना अज्ञाताचे मार्मिक उत्तर
3429,-1,प्रकार असतो
3430,-1,असावा बहुतेक
3431,-1,फुल ऑन बेरोजगारी मिमी
3432,-1,समजणाऱ्यांना बोलायचे
3433,-1,समजा उद्या हाकलतो त्याला
3434,-1,लायकी नाहीचे
3435,-1,हव ग्रेड डे
3436,-1,हवेली से
3437,-1,रलदू बेरोजगार
3438,-1,अदानी अडाणी च मिश्रण त्याला व्यंग म्हणतात असो तुझ्या कडून किती अपेक्षा ठेवणार
3439,-1,अलवर राजस्थान
3440,-1,काहीचं समजल कृपया राष्ट्रभाषा मराठीत सांगा
3441,-1,ये टोपीबाज निकला
3442,-1,म्हणूनच कवितेत व्यंग ने घेतले
3443,-1,मेली दुसर
3444,-1,भाऊ ज्या गतीने नको वयात घडतंय ना फार मोठी अराजकता घडवून आणणार
3445,-1,कोणता प्रोग्राम कुठल्या न्युज चॅनेल ला असतो खतरनाक व्यंग
3446,-1,भावा ठण्ड घे जरासर व्यंग उपहासात्मक बोललेत
3447,1,महात्मा गांधी प्रकरण परत उद्भवलं अचानक त्याला सपोर्ट करणारे लोकांशी कसे भांडू शकतात त्याने एकदा थोबाडीत खाल्ल्यावर दुसरा गाल पुढें करायला सांगितलं होतं
3448,-1,फैन फॉलोइंग
3449,-1,व्यंग वाल्या व्यक्तींसोबत बोललं अजून मस्त वाटते
3450,-1,लिंक लागाणा तसं न्हवं आजच होतंना इति रामदास आठवले
3451,-1,मार गोली
3452,-1,तु योद्धा स भाई
3453,-1,त्यांच्याकडे संजय
3454,-1,गोला लाठी
3455,-1,बक्कल लठ कुनबा वगैरह वगैरह
3456,-1,काहीच त्यात खरंच खूप सुंदर साडी
3457,-1,टाळा घोटाळा पाळा शिस्त
3458,-1,च्या देवा तुला बाई ना बातम्या पहायला सांगा कोणी तरीआरोपी ला अटक आनी कोंग्रेस चा कार्यकर्ता आहेमस्तवाल नालायक कोण
3459,1,कर्नाटक घटनेत काँग्रेसच्या कार्यकर्त्यांचा सहभाग आढळून आल्यामुळे संतप्त मुख्यमंत्री उद्धव ठाकरे यांच्याकडून मुख्यमंत्रीपदाचा राजीनामा असं कधी घडेल
3460,-1,नावाचा प्रकार असतो माहीत अक्कल गुढघ्यात ची हालत
3461,-1,गुड म्हारा
3462,1,च्या देवा तुला पुण्यातल्या मराठी पेपरात उत्तर प्रदेश सरकारची दिव्य काशी भव्य काशी मंदिराची जाहिरात त्यात त्यांनी टागोरांच्या कवितेच्या पहिल्या ओळी वापरल्या कविता पूर्ण वाचली नसेल त्यांनी अर्थ समजला नसेल
3463,-1,फोन पे गुगल पे असले मोठ्या लोकांचे शोक नाहीं आम्ही पाळत सरळ आपलं रोकडा देऊन टाकतो
3464,-1,प्रश्नच आम्ही भटकतो तेव्हा सगळ्या घेतो घेणार ह्याची जवाबदारी
3465,-1,ट्विटर वर अजून वर्षे काढायची मग आयुष्यात केलं मिळवले ऐकल्या रात्र रात्र जागून मोबाइल वर मोबाइल बदलले
3466,-1,सियावर रामचंद्र जय
3467,-1,समजून घे रे बाबा
3468,-1,टवाळी करताना त्यांना जो आनंद होतो त्याला सरळ भाषेत उत्तर देता
3469,-1,इथे कोणी हिंदी समर्थक सत्य रशियनचीनी जपानी चे उदाहरण चुकीचे कारण मातृभाषेत शिक्षण देशात सर्वात जास्त बोलली जाणारी जी भाषा भाषेत होतेमग अर्थाने भारत हिंदी
3470,-1,रेल्वे वाल्यानी कराच काका खोट कधीच बोलणार नाहीत
3471,-1,जोहार एकता
3472,-1,उपहासात्मक व्टिट माझ्यामते
3473,-1,हसतोस
3474,-1,गोला लाठी वाली वैक्सीन
3475,-1,उडी मारायला बाराव्या मजल्यावर गेली
3476,-1,अभिनंदन खूप खुप शुभेच्छा साहेब
3477,-1,ट्विटबद्दल तक्रार स्वतःच अस्तित्व दाखविण्याचा केविलवाणा प्रयत्न करणाऱ्या भाजपच्या नगरसेविका ट्विटरवर अस्तित्वहीन
3478,-1,मीटर फक्त रिक्षाचं वजन वाढवायला च बसवलेत असं वाटतं
3479,-1,ऊच्च प्रतीच व्यंग्य प्लिज अस समजू नका कि विकास च कैतुक हव्वा करत
3480,-1,ट्विटर प्रशंसा कोणी करत सगळे लोक भरलेले
3481,1,पश्चिम बंगाल ची आयर्न लेडी अपल्या महाराष्ट्र राज्यात येऊन म्हणाली माहित देशात हुकुमशाही कट्टरता वाढली म्हणे च्या देवा तुला
3482,-1,म्हारो राजस्थान आरा गो के होवेगो
3483,-1,जी इआ रांडा पणा कटसी
3484,-1,पाऊस तिच्यासारखाच झालाय केल्या थांबत नाहीये
3485,-1,के रोळा है
3486,-1,भारतात प्रखर राष्ट्रप्रेमी सरकार अस्तित्वात असताना लवकरच रामराज्य अवतरणार असताना सहा लोकांना देश सोडुन जायची अवदसा बर सुचली असावी यांचा मोदीझींवर त्यांच्या कल्पनेतील रामराज्यावर अजिबात विश्वास
3487,-1,अस्सच बघा जेंव्हा क्लासिक टीव्हीडीबेटियर कम आर्यभट्टांनाहीलाजवणाऱ्यागणितज्ञ्यांना अश्या तद्दनसभेत धाड़ता
3488,-1,पहा मित्रा मला बाबासाहेबांनी धागेदोरेयलदौडेकलदौडे लिंबू मीरचीभाऊलीटाचणी करणी कवटा भानामतीअंगारा कंदोरी नवस गोडभात अंधश्रद्धा च्या दलदलीतुन बाहेर काढून सुखी समाधानी कल्याणकारी अंतिम सत्य मार्ग दिला मरेपर्यंत पृथ्वीच्या शेवटपर्यंत टीकुन ठेवणार
3489,-1,समजण्या इतकं तुमचं वय नाहीये
3490,-1,खरंच असं असते
3491,-1,ला मराठीत म्हणतात
3492,-1,यापेक्षा मोठी कोविडं योद्धे म्हणतात
3493,-1,जोक नाव ठेवायला मोकळी झालीत लोकं यांना कोण सांगणार दारू पिण्याऱ्या सोबत तंभाखू विमल माणिकचंद मावा खाणाऱ्या मुली महिला आहेतआता विषय निघाला समजलं असेल
3494,-1,समजणे कलाच बर
3495,-1,भेंडी एखादा चिऊताई येऊन फसला नाय मिळवल
3496,-1,यातील उपरोध समजेपर्यंत शब्दांवर विश्वास बसत भारत भाऊ यांच्या लेखणी मध्ये वैदर्भीय जहालपणा विचारांमध्ये क्रांतिकारी भाव भाऊ लिहीत चला
3497,-1,अरे
3498,1,छे देशपांडे तुम्हाला माणुसकी वगैरे मुख्यमंत्री साहेब शस्त्रक्रिया झाल्यावर आराम करत मंत्री दादा लंडन आव्हाडांना विचारा नाव पडले मध्ये राज्याचं प्रतिनिधित्व करायला गेलेत २ दिवसाच्या परिषदेनंतर दिवस फिरणे
3499,-1,कडी निंदा
3500,-1,खरवस मराठी
3501,-1,मध्यप्रदेश वाला
3502,-1,आजी लहानपणीच मेली
3503,-1,लास्ट ला लिहा लोकं शिव्या घालत राहतील
3504,-1,अ मेमे वाया सेल
3505,-1,तुम्ही बोलत असाल चहा पिणाऱ्यांचं खर चहा पिंऱ्यांचा संबंध च नसतो
3506,-1,दूध पिणार्यांचा पिणाऱ्या पेक्षा जास्त असतो
3507,-1,वरील पोस्ट
3508,-1,वरून आठवलं यंदाच्या मास्टर दीनानाथ मंगेशकर पुरस्कार यादी मधे मा संजय राऊत नाव वाचलं
3509,-1,वापरल्याशिवाय इथे अर्थ कळत कुणाला
3510,1,जळगाव शहरात जी महानगरपालिका वर्षात रस्त्ते बनवू शकली ऑक्सिजन पार्क कारंजे उभारणार
3511,-1,फक्त म्हणतायत पलिकडे मिळेल रस्त्यावर आजून मिळतंय नसे थोडके आपण आहार ठरवू त्यांना इलाका ठरवू देत
3512,-1,होतं तेमला कन्नडीमध्ये समजल्या तुमच्या भावना
3513,1,केंद्रीय सरकार खाजगीकरण करतय सर्वच सरकारी कंपन्या विकायला काडल्यात तेच राज्यात मध्ये अग्रेसर थोडक्यात राजकारण
3514,-1,स्वतःचं नाव खोटं असेना लिहीलंय देशपांडे गोखलेंना भिक्षुक म्हणतोय
3515,-1,प्रिय पिंट्या ऐकलेल सर्वात सुंदर वाक्य तुम्ही मूलीकडचे आमची मुलाकडच्यांची बरोबरी कशी करू शकता चांगल्या शिकलेल्या घरातून ऐकायला
3516,-1,हर हर महादेव देवी
3517,-1,ला इतका नको घ्या रे इतका पन समजत नही
3518,-1,आपणो राजस्थान
3519,-1,अरे खुळयांनो गंभीर नं कोणत्या मधे केलंय कळतंय कळतो तुम्हाला
3520,-1,पेंढरी अठराव्याएकोणिसाव्या शतकांत रयतेची लूटमार वाटमार करणाऱ्या संघटित टोळ्या यांपैकी पेंढाऱ्यांच्या सशस्त्र संघटित टोळ्या राजकीय सत्ताधाऱ्यांच्या आश्रयाने उदयास आल्या ठगांची संघटना प्रकारे धार्मिक हिंसाचारी गुप्त संघटना
3521,-1,चालेल
3522,-1,तू बोलाव लगेच बघ
3523,-1,तुझी मुल मला पप्पा बोलणार
3524,-1,घे खाऊन
3525,-1,बनवला
3526,-1,नक्की ये मग तू इकडे
3527,-1,म्हणणार भाऊ माझ्या मुलांना सांगेल मामा म्हणायला
3528,-1,ठक ठक ठक ठक ओळख बुडवणारे इथेच राहतात
3529,-1,नसेल माहीत त्याला
3530,-1,उद्या माहितीय ना
3531,-1,मैत्रीण नाहीयेस
3532,-1,मित्र
3533,-1,मुलीनं समोर
3534,-1,तू पोरगी आहेस तुझ्यावर खर्च करायला
3535,-1,मुलांसमोर गरीब
3536,-1,कधी जायच भाविका दिवाळी मध्ये मोक्कार पैसे जमा केलेत
3537,-1,जाऊ ना गरीब
3538,-1,निघ नाहीतर विनाकारण शिव्या खाशील
3539,-1,फक्त मानसी तेवढी बाकी तूला भाऊ म्हणायची
3540,-1,अफवा सिंगल र
3541,-1,बर्डी मॅडम
3542,-1,करतो तुझी तुला एकटा सोडत नाय
3543,-1,तुझी किडनी विकतो नाला सोपारा मधे मग पिझ्झा बर्गर बिअर
3544,-1,चल जाऊ भाऊबीजेला
3545,-1,भेट ना भो पिझ्झा पुरणपोळी खायला घालतो
3546,-1,विषय भेट पिझ्झा अख्खा विकत देतो रोज खा पिझ्झा मग
3547,-1,तुला कशी मुलगी आवडते मला व्यंग असणाऱ्या मुली खूप आवडतात
3548,-1,संस्कृत संस्कृति
3549,-1,गाम दनोदे त बॉम्बे रस्ता ज्यादा दूर कोन्या
3550,-1,अरे लोल्या व्यंग नावाची गोष्ट असते ह्या जगात तूच तुझ्या झा भर बुद्धीचे प्रदर्शन मांडतोएस
3551,-1,सहा महिने पुढे ढकलावी ११ वरील प्रक्रीया दर पाच वर्षांनी पुन्हा वापरावी
3552,-1,टोमणा मारला असेल ची वाट लावा
3553,-1,मध्ये मोदी पवार साहेब गुरुस्थानी लोकांनी जास्तच घेतलं गडकरी पवार एकमेकांची स्तुती आधीपासूनच करतात त्यात विशेष बाळासाहेब पवार जाहीरपणे बोलायचे विसरून बाकीचे लोकं म्हणता ह्याला तुम्ही जास्तं महत्त्व देता
3554,-1,गंमत कामाचा असलेला वेळ ट्विटर वर येऊन फुकट घालवत व्यंग ने जीव दिला बघून
3555,1,दिवाळीची तोपर्यंत जोपर्यंत मोती साबणाने अंघोळ
3556,-1,प्रिय पिंट्या ट्विटरवर करण्यापेक्षा कॉपीपेस्ट लिहिणाऱ्याचं नाव खोडण सोप्प असतं
3557,-1,भाऊ भावना शैली दोन्ही चांगल्या होत्या व्टिटरच्या शब्दमर्यादेने तुम्हाला दगा दिला पुढच्यावेळी अशा ठीकाणी किंवा वापरावे विनंती
3558,-1,तुम्ही सुद्धा किंवा हॅशटॅग वापरायला हवा पुढच्यावेळी काळजी घ्या भावनेचा बांध प्रमाणातच मोकळा करा पूर नेहमीच काहीतरी उद्ध्वस्त करतो
3559,-1,पूर्ण धागा वाचल्यावर लक्षात येईल माझा गैरसमज झिला विचारल ट्विट् आपण डिलीट् करा
3560,-1,असेल तसे लिहीत जा तुमच्या ट्विट चा भलताच अर्थ झालाय
3561,-1,जेव्हा अतिशहाणपणा आपण अंगीकारतो समोरचे सर्वच मूर्ख व्यंग आपल्यातले व्यंग दुर्लक्ष दिसतात तेव्हा विचार येणे स्वाभाविक सर खंत वाटते आपल्याच माणसांना आपण समजाविण्याची तरीही ट्रोलिंगमिम चालूचधन्यवाद
3562,1,च्या देवा तुला केरळ राज्याचा स्थापना दिवस देव धर्म संकल्पनाच मानणाऱ्या कम्युनीच जमातीचे पोस्टरबॉय मुख्यमंत्री कॉम्रेड यांनी हिंदूमुस्लिमख्रिश्चन भाईभाईभाई चा नारा दिला कॉम्रेडना माझा सविनय लोल सलाम
3563,-1,हि ओव्हर संपल्यावर हेच क्रिकेटर ज्ञान पाजळत असतात
3564,-1,तुझी वाचून च कळलं तू स्वतः मंदभक्त आहेस देशाला फक्त काँग्रेस च वाचवू शकतं म्हणे तसही ३ ४ काँग्रेस वाल्यांची मध्ये मध्ये भुंकण्याची लायकी नाहीये रस्त्यावरचे कुत्रे विचारत तुम्हाला
3565,-1,तडीपार तुमचा गृहमंत्री लाज वाटते सांगायला केलच सांगशील डोंबल नाचत येईना
3566,-1,हो मग तुमचा लोकल फेकू किम जोंग ऊन ऑफ स्टेट ऑफ महाराष्ट्र करतोय तुमच्यासाठी
3567,-1,याह याह
3568,-1,त्याला मराठीत उपहास म्हणतात
3569,-1,मला वाटतं माझीच मराठी खरी मराठी शुद्ध मराठी वापरतो बाकीचे सगळे अशिक्षित अडाणी त्यांची मराठी चुकीची
3570,-1,मला शंका येतीये त्यांना सर्कॅस्म कळेल ना सगळ्यातल
3571,-1,वाढदिवसाच्या खूप खूप शुभेच्छा दादा तुमच्यातला रसिक तुमचं दिवसेंदिवस असंच बहरत राहो
3572,-1,बायको विचारत तुम्हाला लाडाने ओसामा म्हणू
3573,-1,समजलं शांत डोक्याने वेळा वाचावंप्रत्येक वेळी पहिल्या फटक्यात गोष्टी समजायला तुम्ही सर्वज्ञानी
3574,-1,प्रत्येक दिवशी नागडी
3575,-1,कृपया माझ्या बोलण्यातील समजा
3576,-1,दगाबाज निकला
3577,-1,दादा तुमचं बर्याच लोकांना कळत यापुढे थोडं करुन सांगत जा
3578,-1,वसूलीराव वानखेडे
3579,-1,येड्याभोकाच्या मराठी फक्त कर्तबगारच असतो दाऊद सुद्धा कासकर विसरला प्रत्येक गोष्टीला जातीवाद कुठे जोडता चुत्यानो
3580,-1,कडकनाथ घोटाळे करणारे साधू संतांबद्दल बोलत च्या देवा
3581,-1,कळेना तुम्हाला
3582,-1,पोस्ट अपूर्व याने उपरोधाने टाकलीय हो
3583,-1,शी यमला लायकी अन किंमत असेल तरनाहीच भाग वेगळा हाण्या ढोसमुकला शोधून दाखवावं
3584,-1,तोंडावर पडायची भारी हौस
3585,-1,दाखवा मग हाण्याला कुठल्या बिळात ठेवलाय
3586,-1,आतल्या गोटातली बातमी काका कोलायला लागलाय म्हणं झाकणझुल्याला
3587,-1,वनस्पती काका जरा शांतच
3588,-1,स्टार फरचारक हाण्या ढोसमुक असणार
3589,-1,रोज रोज तोंडातून कोण हागतो आमचं पोरगं सांगू लागलंय
3590,-1,बूजबाळला ज्यांनं फोडला दारात कुत्रा असतो झाकणझुल्या
3591,-1,माजाचे कुत्रकार कुत्रकारिता करण्याच्या लायकीचे नाहीत
3592,-1,चारुक घाण याने भालासाहेब टोराथला कामाला ठेवलंय वाटतं
3593,-1,भालासाहेब टोराथ यांचा अस्तित्व दाखवण्याचा केविलवाणा प्रयत्न
3594,-1,हिम्मत असेल वनस्पती काकासमोर बोलावं
3595,-1,अति महासन्माननीय ऊद्धो मंद बुद्धे सायब गांडूळ हाण्या ढोसमूक हाण्या गेंडे फरबवर बोला जरा
3596,-1,टोला गांडूळ हाण्याला नव्हता
3597,-1,काहीजणांना स्वतःची लायकी दाखवण्याची भारी हौस असते
3598,-1,ऐकलेली सर्वात मोठी अफवा मालिका समाज प्रबोधन करतात
3599,-1,आमचाआज झाकणझुल्या हागला वाटतं
3600,-1,चेलारजी गांडूळ हाण्या ढोसमूक बद्दल गप्प तुम्ही कुठल्या बिळात लपून बसलाय
3601,-1,काकाला कोलला काकानं कोलला
3602,-1,क्षणापासून खेळ बघणं बंद
3603,-1,सट्या घाणसिंडेचा क्लास थापा मारायच्या हाणन्या भांडेस्ट्रगलर
3604,-1,न्हभाभ मॉलिक येईल पळत
3605,-1,म्हणतो ना
3606,-1,इंग्लिश वाला हिंदी वाला
3607,-1,गरज
3608,-1,भेंडी ह्यामुळेच तुला फोल्लॉवर च्या शुभेच्छा दिल्या
3609,1,जेव्हा अर्णब गुस्वामी जेल मध्ये तेव्हा अन्वय नाईक यांच्या मुलीचे नकली फोटो वायरल करणारे लोक काल नवाब मलिक यांना अक्कल शिकवत
3610,-1,झाकणझुल्या णभाभ एकप्रकारची कीड
3611,-1,पवाईंट
3612,-1,अस वाटतयं चाहरुक घाण कडून यांना मलई भेटले चा हस्तक्षेप
3613,-1,पुन्हा एकदा आठवण देतो लहान माणसांना मनावर घ्यायचं नसतं काका वनस्पतीवालेहर्बल
3614,-1,तरीपण गांडूळ हाण्या ढोसमूक हाण्या गेंडे फरब यांना विसरणार
3615,-1,वानखेडेंना तुरुंगात टाकण्याची भाषा करणाऱ्या नेत्याने लाज सोडलीच भाषणात टाळ्या वाजवणाऱ्या लोकांची कीव येते म्हणूनच नैतिकता सोडून मालकाच्या पायाशी आपला टाळू ठेवणारे असल्या पक्षाचे कार्यकर्ते म्हणवले जातात
3616,-1,खबाब मॉलिकचं कायतरी अडकून वाटतं वनस्पतीमध्ये
3617,-1,वर ड्रग्स सगळ्याच व्यसन सोडवण्याची दाखवत म्हणावा योगायोग
3618,-1,बुद्धिमत्तेची कीव येते लोकांच्या
3619,-1,तसाही त्याला हकलणारचं होतो णाणा फोटोळेलहान माणूस
3620,-1,स्वतःच ठेवायचं झाकून
3621,-1,यांचाविजय असो
3622,-1,थंकू थंकू
3623,-1,गांडूळआण्या नं भल्याभल्यांना धडा दिलाय
3624,-1,कामापेक्षा कांड जास्त मग त्रास होणारचं
3625,-1,आरं बिघाडीत किती जोकर
3626,-1,वसुली गांडूळ आण्या सापडुदेत रे बाबा
3627,-1,आमच्या लाजूला काकाकडून रोज चॉकलेट लागतंय नाहीतर लगेच काकाला शिव्या करतोय
3628,-1,लाजू काका मला चॉकलेटबिस्कीट पाहिजे नाहीतर तुझं काकीला नाव सांगणार
3629,1,हगरालेख वर दाखवावा लागतो यातूनच पेपरची मालकाची झाकणझुल्या स पादकाची लायकी कळते
3630,-1,झाकणझुल्याला देत जा सुधारू दे जरा
3631,-1,एकनाद सीडीवाल्या नंतर कुऱ्हाडीवर पाय मारलेला दुसरा माणूस
3632,-1,आरं ये कारिट खाऊ फिरतोस लाजमोड्या सारखा काका सोबत अन त्यालाच बोलायचं ढोंग करतोस
3633,1,बाबरमतीच्या ख्वाजाउद्दीन पवार यांनी नावापुढे ढोंगी नवाबुद्दिन मलिक नावाच्या बाबाच्या सल्ल्या नुसार शरदचंद्र असं लावलं उलट परिणाम होऊन पक्ष अगदी रसातळाला जाऊन पोहोचला त्याच मलिक च्या जावया साठी साहेब लाळ सांडत
3634,-1,बातमी देणारा झाकणझुल्याच्या तालमीत तयार झालेला असणार
3635,-1,कुत्रकारितेला भावपूर्ण तिलांजली
3636,-1,चॅनेल अनसबस्क्राईब करण्याचं मुख्य कारण
3637,-1,बारक्याला कुत्रं विचारत वनस्पती काका
3638,-1,मुलं झालं अन हागला चोबा आम्ही चाटणार कुत्रकार
3639,-1,आताच्या काळातील भयानक राक्षसजो जळत संपत आलाय
3640,-1,सुवांगीताई पारदर्शी सुपाली झाकनकरटूर्पनाका झित्याचा राजीनामा कधी मागणार
3641,-1,गेले दिवस चाटायला कुत्रकारांना नविन माणूस मिळालाय बाप नालायक चारुक घान
3642,-1,कुत्रकारांना घु खायला मिळतो आम्ही करायचं
3643,-1,बिघाडी म्हणजेच दळभद्री काकानं घातलेला गोंधळ आहेवाट लावली लांडग्यांनी
3644,-1,नारायण राणे राहुल गांधी उध्वव ठाकरे दोघांखाली झोपले
3645,-1,च्या दैवा
3646,-1,माझी लाडकी सुवांगीताई पारदर्शी कुठं गायब
3647,-1,तूर्पनाखा कुठं गायब
3648,-1,बैलांनं माफी मागितली झालं
3649,-1,चांगलं गहू गिळ्याना बघवत
3650,-1,आण्या नागडा गेलाय त्याच
3651,-1,मुळात म्हातारा अन मूत्रविसर्जन करणारा फजीत दादा नक्की असणार
3652,-1,ईथे नी फाशी घेतलीये
3653,-1,व्हय व्हय हाय रे चाट्यानो
3654,-1,गेला हाण्या गांडूळ कुणीकडे पळपोटा हाण्यागांडूळ हाण्या
3655,-1,मावळ शेतकऱ्यांवर गोळीबार केलेला तेव्हा महाराष्ट्राचे मुख्यमंत्री पृथ्वीराज चव्हाण उपमुख्यमंत्री अजितदादा पवार साहेब तेव्हा
3656,-1,ट्विट ओळखू शकणारे लै भोळे असतात बिचारे
3657,-1,पाप केलं होतं दळभद्री भ्रष्टाचाराचा शिरोमणी खाखा असताना जन्माला आलो
3658,-1,आदळ आपट बाभळी मळमळ निळशार पाणी कोंबडी वडे काळं तिट गेट आउट इतिहास कोतेपणा तिळगुळ खड्ड्यात गेली लोकशाही नुसते टोले मंत्री
3659,-1,चांगलं बोला नारायण राणे बोलातयेत च्या देवा
3660,-1,प्रिय पिंट्या एखाद्याची पोस्ट करतांना खाली लिहिलेलं त्याचं नाव करता यायला हवं बाकी वर पोस्ट करतांना लिहून
3661,-1,पिण्डजप्रवरारूढा चण्डकोपास्त्रकैर्युता प्रसादं तनुते मह्यं चंद्रघण्टेति विश्रुता
3662,-1,टोला आरं कुत्र्यानो फजीत दादाला कळायचं बंद झालंय अन कसला टोला
3663,-1,निर्लज्ज अन टाकाऊ म्हणायला लाज वाटावी व्यक्ती
3664,-1,तुमचा दुसरा काकाचा आण्या लोक विसरले नाहीत त्यांना गांडूळ कुठं झाकून ठेवलास रे निर्लज्जा
3665,-1,हागला झाकणझुल्या हागला
3666,1,जरा एखादी मुलगी तुम्हाला देत असेल समजून जा रिकामटेकडी चं उगाचचं त्याला प्रेम नका समजू
3667,1,शहरी हद्दित हजाराची चोरी पोलीच अन् कुत्री आणतात गावाकडे शेतकऱ्याचा हजाराचा बैल चोरी गेला सीसीटीव्ही लावायचा सल्ला मिळतो वाह
3668,-1,झाकणझुल्या हागायचा इलाज कुत्रकार गेले खायला
3669,-1,आजकाल पोरगं हागत सामानावर
3670,-1,चोर साले
3671,-1,प्रधानमंत्री नामांतर योजना तयारच अंमलबजावणीसाठी
3672,-1,ओसंडून वाहतोय हल्ली
3673,-1,हो लाइटली घ्या
3674,-1,सगळ्यात जास्त दुःख चाटुकारांना झालंय
3675,-1,नेहमीप्रमाणे कुत्रकारितेला तिलांजली
3676,-1,जिच्या नवर्याने शेतकर्यांच्या जमिनी कवडीमोल भावाने शेतकर्यांना भिकेला लावले उत्तर प्रदेशात जाऊन नौटंकी करत च्या देवा
3677,-1,लोकांना साधं कळत इतके मूर्ख लोक कसे असू शकतात
3678,-1,गायकवाड
3679,-1,एकत्र राहून असं बोलणाऱ्यांना आमच्याकडं खळका भादया म्हणतात
3680,-1,कुत्रकारितेला तिलांजली
3681,-1,चौथ्या लहानपणी गुढघ्यावर पडलाय काकांनी गुडघा फोडलाय
3682,-1,आ न्या कुठल्या बिळात लपून बसलाय
3683,-1,गेला अण्या कुणीकडे गांडूळ
3684,-1,सगळीकडंचं तिघाडीत बिघाडी फक्त छळण्यासाठी एकत्र
3685,-1,वेळा हसावं रडावं प्रश्न पडतो
3686,-1,अमेझॉन हेलो बोलण्याचा टोन मॉनिटर करणार कळेल त्याला
3687,-1,करले बात
3688,-1,महापौरांचा व्हिडीओ शेअर करत केदार शिंदे म्हणतात
3689,-1,करतात आपल्यासाठी आपण फक्त खड्ड्यांविषयी तक्रारी करतो
3690,-1,जे वर्ष त्यांनी दुसऱ्यांच्या तोंड काळे होण्यावर बोलू नये आधी बरोबरी करा बरोबरी करायला अजुन वेळा जिंकावं लागेल मग बोलू सविस्तर
3691,1,नवरा तुला पाहिजे बायको सगळ्या वस्तू घरात एके दिवशी नवरा सांग ना तुला बायको मला आजोबांच्या वर्षश्रद्धाला जायचं आजी सोबत राहायचं नवरा सकाळी जायचं रात्री परत यायचं
3692,1,बिल्डिंग बनवता ट्रियांगल आकारामध्ये पैसे घेता स्क्वेअर फुट मध्ये बोलवा तुमच्या मॅनेजर ला
3693,-1,तिथेपलीकडे तिकडे
3694,1,मुख्यमंत्री दिल्लीला मुळात अंदाज घ्यायला गेले कुठेय गृह मंत्रालय कुठेय कारण उद्या आपल्याला तिथे सुद्धा भगवा फडकवायचा संजय राऊत राऊतजी पवार साहेब केंद्रात मंत्री त्यांनी हजारदा बघितलं अजून सुद्धा पंतप्रधान पद त्यांच्यासाठी स्वप्नच
3695,-1,उपहास
3696,-1,अभिनंदन तुम्हाला दगड झालाय
3697,-1,आमच्याकडं सामाना पेपरवर पोरं हगवतात
3698,-1,सालची माझ्या बहिणीची गोष्ट आठवली म्हणाली हिला मनावर घेतलेलं बरं फक्त पब्लिसिटी स्टंट करते खरं ठरलं
3699,-1,संझ्या सनपादक चावलेला दिसतोय
3700,-1,अरे संझ्या गांडुळाला एवढी किंमत देतात तेच कळत कुत्र्याला त्याच्यापेक्षा जास्त किंमत स्वतःच्या डोळ्यांनी पाहिलंय आलं होतं सभेला तेंव्हा
3701,-1,साडे जिल्हयाच्या फुढाऱ्यला दिग्गज मानायचं
3702,-1,झितेंद्र हावाड च्या ऑडिओ क्लिपच झालं
3703,-1,सरळ सरळ सांग काका उभा घेईना झालाय
3704,-1,झाकणझुल्या मोठं बोलतोय उद्या काकासमोर शेपूट घालून बसणार
3705,-1,सनातन धर्म
3706,-1,झी मराठी ला वाटतं रात्रीचं भूताची मालिका दाखवली लोकं घाबरतील
3707,-1,सोसिन चावंत सुवांगीताई पारदर्शी सुपाली झाकणकर कुठं गायब
3708,-1,सगळंच पब्लिसिटीसाठी असतं यांचं जनजागृती वगैरे सगळं ढोंग खिर्तनकारांचं जुन्या कीर्तनकारांना मिस करतोय खूप
3709,-1,जे कमावलं क्षणात घालवलं मुळात आजकाल गल्ली बोळात खिर्तनकार जन्माला आम्ही असल्याना मानत
3710,-1,रोज सकाळी झाकणझुल्या कुत्रकार हं रे खायला हागलोय
3711,-1,धोण्या बाऊवेळी भुईमूग उपडायला गेलो होतो
3712,-1,रोमिलाआजींचा शब्दांशब्द खरा त्यात उजव्या विचारांच्या अल्पमती मंडळींना कदाचित ठाऊक नसावं स्वातंत्र्यानंतर कम्युनिस्टांनी काँग्रेस च्या आधारे दिवसरात्र मध्ये बसून महागडी दारूसिगार यांचा आस्वाद घेत महान सत्य रचले
3713,-1,साधारण महिन्यापूर्वी केलेली भविष्यवाणी तंतोतंत खरी ठरली तुमचं भविष्य जाणून घ्यायचं असेल नोकरी व्यवसाय प्रेमप्रकरण विवाह जमिनीचे वाद यातील अडचणी वर मार्ग हवा असेल आजच संपर्क कर टक्के इलाज ज्योतिष मयूर
3714,-1,नोटा फक्त भावी असतात
3715,-1,माझे व्हाग हागले
3716,-1,कर डर कशाला
3717,-1,चा दावा कुणाविरुद्ध ठोकणार मग
3718,-1,पप्प्याचं खरं आडनाव वेगळं म्हणे
3719,-1,साले दल बदलू
3720,-1,सोसिन निर्दोषत्व सिद्ध करा आधी
3721,-1,मालक चुका करणार कुत्र्यांना भुंकायला सोडणार
3722,-1,कसली भाषा कुठंतरी जावं लागणार बाहेर
3723,-1,ਮੈਂ ਕੁਝ ਵੀ ਕਰ ਕੇ ਮੁੱਖ ਮੰਤਰੀ ਬਣਨਾ ਚਾਹੁੰਦਾ ਹਾਂ ਮੈਂ ਤਿਆਰ ਹਾਂ मला काहीही मुख्यमंत्री व्हायचंय तयार क बहुतेक हेच बोलायचं पाठीराखा दादांना २३ दिवस बद्दल
3724,-1,करायला पुणेकरच असावं असं पुणेकरही सांगत
3725,-1,उत्तर भारतीय मुलं फ्लार्ट चांगलं करतात मराठी मुली लगेच लग्न करायला चालल्या मराठी मुलांना मराठी मुली बोअर वाटतात त्यांना असं वाटतं मग मराठी मुलीही मराठी मुलांना जमत जस्ट सांगत कोणीही उठून अफेयर वा लग्न करणार रे
3726,1,मराठी मुली ट्विटर मराठी मुलांना करता येतं मराठी मुलं मनात फक्त छान दिसते आहेस बोललो इथे आई बहीण काढतील माझी जेवलीस पर्यंत च ठीक
3727,-1,४४ बॅकलॉग पडून सुद्धा नोकऱ्या मिळवणाची अपेक्षा ठेवणार्यांनी च्या पोस्टी पोस्ट केल्यात च्या देवावर ठिणग्यांचा पाऊस पडतोय
3728,-1,वसुलीहाण्याला विसरणार
3729,-1,झाकणझुल्याचा घु खाल्ला वाटतं खूप दिवस
3730,-1,मध्ये बोलले असतील
3731,-1,जय जिनेद्र
3732,-1,बोई जगालाताप यांना इथं चाललंय दिसत वाटतं मोठा पप्प्या
3733,-1,झित्या हावाड डोनू बाऊ वेळी ताई कुठं होत्या
3734,1,बलात्कार्यावर कार्यवाही झाल्याशिवाय शांत बसनार बलात्कारी मेहबूब
3735,-1,कशा बरोबर खातात माहीत
3736,-1,दशलक्षण धर्म
3737,-1,वक्रतुण्ड महाकाय सूर्यकोटि समप्रभ निर्विघ्नं कुरु मे देव सर्वकार्येषु सर्वदा
3738,-1,श्री वक्रतुण्ड महाकाय सूर्य समप्रभा निर्विघ्नं कुरु मे देव सर्वकार्येशु सर्वदा॥
3739,-1,ओके आई एम हप्पी विद माई हिंग्लिश
3740,-1,च्या नावाखाली गोष्टी खपवणे सुद्धा कळतं मला
3741,-1,राजनाथ सिंह यांच्यावर टीका करणार्या भ्रष्टवादिच्या पुरोगाम्यांना गाडीची पूजा केलेली चालते च्या देवा तुला लिंबू मिरची वाहू दे
3742,-1,भावा वाढदिवसाच्या हार्दिक शुभेच्छा
3743,-1,हेलो स्टीफन
3744,-1,जस्ट फ्यु डेज बॅक हर्ड अपार मुस्ट बी द इंग्लिश एडुकेटेड बॉय हाविंग नो लव्ह फॉर मराठी अस्मिता थिंक यू अरे कन्फुसींग सम पीपल
3745,-1,लिहू नका सैनिक कौतुक घेतील
3746,-1,योद्धा चिडलाय गवताचा विस्तव लगेच पेटतो लगेच शांत होतो
3747,-1,जेवढे वाईट दिवस कुत्रकारांवर आलेत तसे कुणावरही येऊ नयेत
3748,-1,खंजीर काका स्वतः च्या फायद्यासाठी अजून किती वाट लावणार कुणास ठाऊक
3749,-1,पाप केलं होतं असली पापी ढोंगी नालायक बिघाडी पाहायला मिळाली
3750,-1,आण्याला फरार घोषित केलाय म्हणे त्याच्यावर रिपोर्ट पाहायला आवडेल झाका डोळे चाटा नीट
3751,-1,डरपोकपणाचा कळस
3752,1,माझा नेता जगातील नंबरचा स पादक माझ्या नेत्यात विलक्षण ताकद व्हाग असतो संकट अचानक गांडूळ होतो माझा नेता शीलव्हर वक वर पार्टटाईम धुनीभांडी करतो मालक फाट्यावर मारतोइतकं असूनपण माझा नेता स्वाभिमानी त्याला खूप मानतो
3753,-1,अण्या योद्धा हागलाय बेक्कार हागलाय
3754,-1,माजी मंत्रि अण्या झगा फरार घोषित इतकं दुर्दैव आपलं अजून दाखवणार बिघाडी माहीत
3755,-1,यात इंटरेस्ट लोकांना माजी घरमंत्रि फरार घोषित झालाय म्हणे दाखवा दम अन मनाची शिल्लक असेल
3756,-1,फजीत फवारला पाठवून कुणी दिला
3757,-1,माजी मंत्रि फरार घोषित होतो यापेक्षा आपलं दुर्दैव
3758,-1,फक्त सेटलमेंट व्हायला नको झालीच पुन्हा मत एकतर नोटा किंवा मग काका बरा एवढं आपली माणसं वाचवतोय काका
3759,-1,डोनू बाऊ हागला डोनू बाऊचं बोलणंच मोठं
3760,1,ज्यांनी आयुष्यात शाळा केल्या अश्या शिक्षकांना हार्दिक शुभेच्छा
3761,1,दिवसांपूर्वी शरद पवार राष्ट्रवादी ज्या अनिल देशमुखांच्या पाठीशी खंबीरपणे उभे त्याच अनिल देशमुखांवर फरार होण्याची वेळ आलीये जैसा कर्म करेंगा वैसा फल देगा भगवान महाराष्ट्राचे माजी गृहमंत्री फरार फरार
3762,-1,सतरंजी बाळ रडलं रं रडलं
3763,-1,सु वांगीताई पारदर्शी सुपाली झाकणकर णीलिम्हा चिवशेणिक यांना झित्या हावाड दिसतं नाहीत दुसरा कोणी असता केवढा स्टंट असता
3764,-1,काका पक्ष लोकं त्याचे संस्कार अपेक्षा करणार आणखी
3765,-1,इतकं भयानक वास्तव काटा येतो अंगावर कसली लोकं
3766,-1,सुपाली झाकणकर सु वांगी ताई शांत पारदर्शक पक्षातील लोकांना सगळं माफ असतं
3767,-1,किंबहुना तूर्त व्हाग घाबरत घाबरणार स्वबळ करणारचं दाखवलं सगळं केलंय इत्यादी इत्यादी
3768,-1,झित्या हावाढ जर सुपाली झाकणकरच्या पक्षात नसता सुपालीनं आतापर्यंत आभाळ जमिनीला टेकवलं असतं
3769,-1,विझयला आधी दूरदृष्टी अभ्यासू समजायचो झाकणझुल्या च्या हजरीतलं निघालं
3770,-1,अन्याला कुठं लपवलाय
3771,-1,जीतूद्दीन हावाडला भेट देणार
3772,-1,चा पट्टा सोडला म्हणं काकांनी
3773,-1,नुसतं प्रत्युत्तर जोरदार प्रत्युत्तर सणसणीत टोला चपराक असलं काहीतर लिहायला पाहिजे होतं चाट्यानो
3774,-1,उत्सुकता वगैरे ज्यांना चाटायचे पैसे मिळतात त्यांना असेल
3775,-1,कागदं नीट जाळा बे
3776,-1,होतं सगळ्यांना वाटतंय मीच बसलोय
3777,-1,वसुलीत हात तोंड होतं डोनू बाऊ
3778,-1,खंगणा हर्णब वसुलीकांड होतं मग
3779,-1,चाटा माझावाली खाऊन भुंकतात
3780,-1,कोण सतरंजी उचल्या
3781,-1,स्टंट करणे लोहित बारक्याचं कोण
3782,-1,बोलण्यासारखं ठेवलं कुत्र्यांना त्यांच्या मालकांनी अस सांग सतरंजी उचल्या बरं तू कुणाच्या सतरंज्या उचलतोस कोण तुकडा टाकलं
3783,-1,आडाण्या दम असेल विचारलेल्या प्रश्नांची उत्तरं दे सडक्या मेंदवाचा सतरंजी उचल्या मालकासारखा पळू नको प्रश्नांची उत्तरं देतापळपुट्या
3784,-1,प्रश्न विचारला बोलतंय सगळे सतरंजी उचले असेच आहात सडक्या मेंदूचे
3785,-1,एकदा काकांना विचारा सतरंजी उचल्यांना आत्मविश्वास फार ज्या जागा निवडून आल्यात कुणाच्या नावावर एवढी हिंमत मग ऊद्धो हातापाया पडला आमदार होण्यासाठी मला आमदार करा नाहीतर राजीनामा देणार सुधारा रे सतरंजी उचल्यांनो
3786,-1,मागं पक्ष एकत्र आल्यावर माई लाल पराभव करणार नव्हता झालं दिसलं वाटतं सतरंजी उचल्यांना
3787,-1,काका गप्प बसलाय पत्रकार परिषद घेतली तोंडावर आपटले नंतर ब्र काढला फक्त सतरंजी उचल्यांना आशा घडलं
3788,-1,प्रत्युत्तर देणाऱ्यांनी आत होतेसांगावं जरा बूजबळ
3789,-1,गप्प्याला किती किंमत बिघाडीत कुत्रं विचारत फक्त बोलघेवडेपणा
3790,-1,ऊद्धो घरकोंबडे यांनी बऱ्याच निधींची घोषणा त्याच झालं
3791,-1,म्हातारा अंड्या मोकळा फिरतोय सेटलमेंट नसेल
3792,-1,पप्पूचा खास
3793,-1,मग योद्धा व्हाग कार्यालयात जायला घाबरतायत रे पोपटा
3794,-1,काका गपगार पडलाय यांत सगळं आलं बाकी पंख कापलेल्या पोपटांच्या बोलण्याला किती किंमत जगाला माहीत
3795,-1,इथं पप्प्याला त्याच्याचं पक्षात कुत्र किंमत देईना गांडूळाला कोण विचारताय
3796,-1,कर डर कशाला मनतरी फरार एकाची टरकले जाऊन यायचं कार्यालयात केलं नसेल दुनिया वेडी
3797,-1,नालायकपणा छापणे वर दाखवणे अभिमान वाटतो चिव शेणेला
3798,-1,आधी वेगळे नंतर खाण्यासाठी एकत्र महाभकास तिघाडी
3799,-1,काहीच हाती लागलं उद्धोचा डावा हात सचू वाजून बरंच सांगितलंय जरा चेक करा सतरंजी उचल्यांनी सांगावं काका गपगार केलं नसेल माणसं घाबरत नाहीत
3800,-1,वसुलीवाल्याच्या
3801,-1,व्हागाचा गांडूळ होऊ शकतो
3802,-1,व्हाग हागला
3803,-1,झाकुण डोळे चाटा नीट चॅनेलला दाखवावं लागेल त्यांचंच ऐकेल तिघाडी बिघाडी
3804,-1,दुष्यंत चौटाला
3805,1,रोज रस्त्यावर हागणारा स्वच्छतेच महत्व सांगतोय हाय हाय रे ढोंगी
3806,-1,कथित वसुली ठरवता किती मोठा प्लॅन असेल मग व्हागांनो
3807,-1,चाट्यानो कधीच कळलं सगळ्यांना वऱ्हाडी मागून कुत्रकार
3808,-1,संकट मोठं छाताडावर बसणार याचना करणार हगरा व्हाग
3809,-1,व्हाग हागला बेक्कार हागला
3810,-1,पेपर ज्याचा उपयोग पोरं हागवायला करतात
3811,-1,अर्थातच घरभेदी खंजीर काका
3812,-1,कुत्र्यांना पैसे बिस्कीट टाकायचं
3813,-1,दिखाव्याची परिसीमा असती शेणकिड्यांनी
3814,-1,हाणामाऱ्याना कोरोना घाबरतो म्हणे
3815,-1,संकटांना गांडूळ घाबरत गायब होतो म्हणे
3816,-1,माऊली
3817,-1,निष्पाप गांडूळ लपतंय
3818,-1,साडे जिल्ह्याच्या नेत्यांना माहीत सगळं गंडलंय
3819,-1,मग उखड दिया होतं रे
3820,-1,खॉटलंड यार्ड हातात केलंय दिसतंय
3821,-1,भाग सै
3822,-1,लोकांची सुट्टी संपली वाटतं पुन्हा रोजंदारीवर जावं लागणार
3823,-1,स्वतः स्वतःला हुथ हायकॉन म्हणणाऱ्या व्यक्तीनं डोक्यावर पडल्यासारखं वागावे आपली आजाची लायकी दिसते
3824,-1,म्हणलं नवीन पपु शी शी घाण बारक्या महाराज कसे कोकलले नाहीत तोंडावर आपटायची भारी हौस लोकांना
3825,-1,जय गुरूवर
3826,-1,हर हर महादेव राधे राधे
3827,-1,आधीही बोललो होतो आजही सांगतोय काकांनी फाट्यावर मारायला सुरुवात आधी फक्त पाळीव कुत्रा भटका कुत्रा झालाय
3828,-1,योद्धा नीच हजर
3829,-1,खास तुमच्यासाठी भ्रष्टाचाराला धर्म पंथ पक्षभाषा नसते
3830,-1,झालं
3831,-1,सगळ्यात जास्त दिवास्वप्न कोण पाहत असतील बिघाडीचे चाटवंत कुत्रकार
3832,-1,सुताई अडचणीचे प्रश्न नका विचारू रे यादी नव्हती विचारायचं
3833,-1,बिघाडीच्या पाळीव कुत्र्यांचा पोपट झाका डोळे चाटा नीट
3834,-1,कोंबडा माणसांना कसा भेटेल
3835,-1,जो जो काकाला मिळाला त्याच पुढं झालं सांगायला नको
3836,-1,एखनाद स्वतःचं स्वतःला खाल्लेला माणूस
3837,-1,पुन्हा सांगतो बारक्या फक्त स्टंट करायच्या लायकीचा अत्तु अन काकाला फाईट द्यायला बघतोय
3838,-1,घर साकारलंय विटा लावल्या स्वतः
3839,-1,फक्त ऍक्टर हिरो
3840,1,झाकणझुल्या हगला अन नेहमीप्रमाणे कुत्र्यांनी स्वछ केलंकुत्रकारांचं डेली रुटीन
3841,1,पेपरमधील हाग्रलेख कुत्रकारांना वर दाखवावा लागतोयातूनच झाकणझुल्या हाग्रलेखाची लोकप्रियता लायकी दिसून येते
3842,-1,शांत बसल्याने आपलंच नुकसान होतं विश्वासार्हता बोलून टाकावं
3843,-1,लोक लुटताना माणुसकी कशी विसरतात
3844,-1,घाबरून संडासला लागल्यावरजुळवून घ्या असं कोण म्हणत होतं
3845,-1,लाचार गुलाम आजकाल कुत्र्यांना जास्त मान मिळतो
3846,-1,आयरनीने जीव दिला फोटो पाहुन
3847,-1,कुठं न्यायच्या लायकीचा नाहीस बघ झाकणझुल्या
3848,-1,बिचार्याला थोडं खेळुद्या रे
3849,-1,आईनी तिच्या पोराला आईवरून शिव्या देणे
3850,-1,ताई
3851,-1,अशा अंधविश्वासी गोष्टींपासून दूर रहा
3852,-1,चिव शेनेच माहीत नाहीपण काकांचं सांगता खांग्रेस फाट्यावर
3853,-1,खरी मजा काका बघतोय चिव शेणाची
3854,-1,मोठं विधान करणारे कोण काहीही म्हणा खांग्रेस ची लोकं लिंबू टिंबु झाल्यात बिघाडीत
3855,-1,पपुबाबा उद्धो घरकोंबडेश्वर झोपलेत नंतर बघू
3856,-1,मागच्या दिवसात खोरोना सुट्टीवर म्हणे पुन्हा कामावर श्री चाटेश्वर कुत्रकार यांच्या कृपेने
3857,-1,जवळपास सगळीकडं असाच टाईमपास असतो
3858,-1,बोला गोंधळलेली मुलगी
3859,-1,काकानी सांगितलंय म्हणे जो हागला त्यानेच धुवायचे सारखं सारखं इकडं याचं
3860,-1,काका शांत झाकणझुल्याला बंदी घातले म्हणे चनदेरी वक वर येऊन भुंकायला
3861,-1,पहिला मजला
3862,-1,पुरावे आधीच दिले असते वेळ नसती आसपास दिसला नसता
3863,-1,आधी मोठं बोलणाऱ्या माणसाचं तोंड चड्डीत शी केल्यासारखं झालंय
3864,-1,गांडूळ कुठं खरं
3865,-1,ठाण्यात शिवसेनेच्या विभागप्रमुखावर जीवघेणा हल्ला अफगाणमधल्या भारतीयांना मायदेशी येण्यासाठी ऑपरेशन देवी शक्ती वाले ह्या वेळेला शांत कसे
3866,-1,एवढीच लायकी कुत्रकारांची सध्या
3867,-1,काहीही म्हणा खंजीर काकाची माणसं जाणून बुजून गप्प असं वाटतंय कोंबड्याचं मन राखायला काहीतरी बोलतील नंतरपण काकाचं काहीतरी वेगळं शिजतंय
3868,-1,केलं त्यानं स्वतःच
3869,-1,फायदा कुणालाही कुत्रकार फक्त चाटणारचं
3870,-1,शेनेकडचा वसुलीवाला सचू वाझुला विसरले नाहीत लोकं ईनायकराव
3871,-1,कळलं पाहिजे आपल्याला साहेब
3872,1,शिवसेनेमुळे काल रस्तावर उतरून उत्तर देणारे भाजप कार्यकर्ते दिसले भाजप नि साठी सेनेला म्हणावं गृहमंत्री कोण जनतेला समजलं परबसाहेब सगळं मॅनेज करू शकतात बघून वळसेपाटील साहेबांच्या डोळ्यात पाणी आलं सूत्रांकडून
3873,-1,सगळं लोकांनी केलंय यांचं कौतुक
3874,-1,चाललं सांगा राव
3875,-1,कोर्टाचा न्याय झगा मंतरी अन्याला गांडूळ कुठं गायब
3876,-1,तरीही अन्याला विसरणार नाहीत लोकं
3877,-1,वसुलीवाला मनतरी मोकाट फिरतोय
3878,-1,सर्टीफाईड लोकांकडून अपेक्षा
3879,-1,प्रकरणात केलेली सेटलमेंट महागात पडली तुम्हाला
3880,-1,फडणवीस विधानाला पाठिंबा विधान करणाऱ्याला पाठिंबा दरेकर आजची जण आशीर्वाद यात्रा यशस्वी यशाचे शिलेदार कोण भा कार्यकर्ते शि सै पत्रकार पोलिसमामा मोलाचा प्रश्न
3881,-1,बातम्या जन यात्रेत मोठ्या प्रमाणात एकत्रीकरण होईल यात्रा थांबवण्यासाठी दुप्पट संख्येने शिवसैनिक एकत्र राणें ची भाषा ठाकरी म्हणे उठाकरेंची भाषा संतवाणीम्हणे सेनाभाजपा कार्यकर्ते सोडून बाकी सगळे घरी पॉपकॉर्न खात खात चॅनल बघत बसले
3882,1,ज्याच्यामुळे आपण दुखावतो त्याच्यावर आपण नाराज होतो ज्याने दुखावलं त्याच्याच कुशीत शिरल्यावर बरं वाटलं जग ओलांडलेलं प्रेम असतं
3883,-1,बैल्ट यौद्धा
3884,-1,आदर्श लोकांमुळे आपण मागे राहिलो
3885,-1,छक्षना व्हलगरला विसरले नाहीत अजून लोकं चिवसैनिकांनो व्हलगरबेनं कुणाला बोलली माहीत
3886,-1,कुठल्या सरकारच्या सांगा आयत्या घरात कोंबडोबा
3887,-1,पटतंय
3888,-1,फजीत दादाला चर्चेसाठी गंडवलंय कुणीतरी
3889,-1,डरपोक गांडूळ अण्या कुठं
3890,-1,हर हर महादेव
3891,-1,आजकाल राजकीय लोकांत ट्रेंड आलाय प्रसिद्धी मिळवायची अन मग काहीही करायचं सुसाईड नोट
3892,-1,आश्चर्य यात लायकी ज्ञान असणार माहीत
3893,-1,ना बोलता येतं ना कुत्रकारिता येते झटक्यात फ्लॅट घेतला करामत वगैरे आम्ही फक्त चाटतो
3894,-1,जर अजूनही तुम्हाला सारखे फ्री गिफ्टचे मेसेज असतील कोणाकडून समजून जा शिक्षणाचा अक्कले चा संबंध
3895,-1,इथं मीच टाईमपास ऊद्धो बावळटे
3896,-1,पुन्हा एकदा मोकळाच सोलमोन बॉई
3897,-1,नाव देणार ट्रॅकवर गाड्या लावणार काका खंजीरवाले
3898,-1,कावळा जरी कावळ्यासारखे केक खाणारे
3899,-1,सोपं करता करता आधी खंजीर काकाची केसं पिकली गेलीपण सोपं झालं
3900,-1,लोका सांगे ब्रम्हज्ञान आहेच कोरडे पाषाण
3901,-1,व्यक्ती झाकणझुल्या असल्याची शंका पपी असताना बांधलेला असायचा लिंगपिसाट बाळूच्या घरी खंजीर काका बिस्कीट चारवत फोटो दाखवून करत दिशाभूल चोबा फुटेपर्यंत मारल्यावर वठणीवर
3902,-1,इथं सगळंच नकली अन तोतया खंजीर काका जय हो मुत्रे दादा जय हो वांगी ताई जय हो पुढंपुढं लोहित दादा जय हो बावळट पार्ट दादा जय हो
3903,-1,सेम कुत्रकारांसारखं झालंय चाटतात एकाची धुनी धुतात एकाची भुंकतात कुणा दुसऱ्यावर
3904,-1,बरं मग झगा मंत्री अन्या तोंड काळं गायब झालाय
3905,-1,तोंड अस सारखं केलंय बाळ हळूच हगलाय वाटतं चड्डीत
3906,-1,पुन्हा एकदा लिंगपिसाट बाळूच्या भाषेत आरं चाटायची किती चाटायची जिभेला विश्रांती द्याल
3907,-1,तोच ना जो पतरकार परिषदेत स्वयंवर करत
3908,-1,प्रकरणात नाव आलं शेंबड्यांनं चड्डीतच हागुन घाण केलं होतं
3909,-1,नवरा पळवाल मनातलं प्रेम कस कराल
3910,-1,ट्विटरवर मेन अकाऊंट पेक्षा मीम ची टाळकीच जास्त दिसू लागली
3911,-1,ने स्वतः चप्पल ने मारून घेतल्या तोंडावर वाचून
3912,-1,अनुभवी लोकं त्यांना विचारा
3913,-1,हातात नाहीये भारत सरकार पूर्ण भारतात निःशुल्क राबवत लसीकरणावर भारत सरकारचा हक्क मोदींचा फोटो असल्यामुळे काहीही वावग नसावं
3914,-1,सोकावलेत असंच करत राहणार कारवाईची अपेक्षा केलेली बरी फक्त माऊलींसाठी वाईट वाटतं
3915,-1,फजित दादा कधीच ड्राइवर सीटवर
3916,-1,नगरसेवक परत आणून दे फजीतदादा नाहीतर शी यम पदाचा राजीनामा देईन
3917,-1,गप अय गयबण्या कुत्रं दोनदा भूकलं मनावर घेतात नंतर पायतानं काढतात तसं तुझं झालंय
3918,-1,जर लपून चोरून झालं असत वेगळं दिसलं असत प्रकरणातसंज्या रातोडच्या नावाचे फोटोचे केक फोटो व्हायरल त्यावर बोलली असतीस लग्न बायका प्रकरणावर एवढी नाचक्की नसती
3919,-1,आपण म्हणावं ताई
3920,-1,आमच्या गारगोट्या वेगळ्या होत्या छईलु
3921,-1,बिघाडीतील अश्लाघ्य गोष्टी लिंगपिसाट बाळ्या पहिला मजला फोनू निघम पेंग्विन नाईट लाईफ संज्या लाथोड धन्या भौ रिंगण भाई पक्ष झेंडे लगीन बायका राहील असेल सांगावं
3922,-1,विरुळा पाण्यात असतो पोहणाऱ्याच्या नको जागेत घुसतो असं आमच्या गावाकडे म्हणतात यात तथ्य किती माहीत ला अगदी चपखल बसतंय असाच शिरतो कुणाच्यापण
3923,-1,फक्त एवढंच खूप केलंय म्हातार्यांनं भरपूर वाट लावली हरामखोर माणसानं एकदा आजोबा म्हणत खंजीर काका लिंगपिसाट बाळ्या सगळा उकिरडा टाकला
3924,-1,इशारा उद्धोकडं झुकतोय अस वाटतंय
3925,-1,जे कांड करतात त्यांचीच फाटतेकर डर कशाला
3926,-1,खंजीर काका फजीत दादा फक्त औपचारिकता बिघाडीत खरं प्रेम वेगळंच
3927,-1,काळ्या दगडावरची पांढरी रेषयेत नाहीत
3928,-1,असेल रे मनुष्य प्राणी एवढा बौद्धिक दिवाळखोर असूच शकत
3929,-1,मस्त व्यंग
3930,-1,पास सुद्धा तोपर्यंत मिळेल सगळे निवांत सुरु आपणच घाई घाई करतो आहोत
3931,-1,गुड नाईट शिवन्या
3932,-1,लई बेक्कार भावा
3933,-1,वॉटरफकर
3934,-1,कुणाला पडलेली राष्ट्रीय हाध्यक्ष व्हायला कोण तयार नाहीत यांच
3935,-1,साहेब यांचा सूत्रधार झगा मंत्री गायब त्याच बघा प्लिज
3936,-1,वेळीपण चिव शेणा होतीच मग एवढं बेवडं कोण सांगायलाच नको
3937,-1,स्वतः पैसे खाणार
3938,1,माझी शाळा खूप जातीयवादी बीसी माझ्या दाखल्यावर भारतीय लिहायचं सोडून हिंदूमराठा लिहायची
3939,-1,देशासाठी
3940,1,मूळचा बजरंग वर्षा पूर्वी त्याचे आजोबा हरयाणा मधे कामासाठी गेले तिकडे त्यांचे नाव मधून पडले
3941,-1,स्वतःकडे बघा जरा वर्षे लोटली ना कोरोना आटोक्यात येतोय ना लोकांना करू देत आहात स्वतःही घरी बसलात लोकांनाही घरी बसवून ठेवलत
3942,1,कोणाताही वाद नको नवी मुंबई विमानतळाला आदरणीय श्री शरदचंद्र पवार साहेबांचेच नाव द्यावे शिवसेना देखील मान्य करेल
3943,-1,अभिनंदन निखिल खूप वेळेत एवढे कमवलेत तुझे असताना तुला भविष्यासाठी खूप खूप शुभेच्छा
3944,-1,मग लहान
3945,-1,वाद नका करू माझ नाव द्या विषय संपावा बर बस जास्त चर्चा नको
3946,-1,मला फक्त सांगा राजीव गांधी कोणत्या कारणाने हिरो जर उत्तर सांगितले भारत रत्न पुरस्कारा ला तुमचं नाव देऊमी काँग्रेस चा गुलाम गांधी घराण्याची चमचेगिरी करणे माझा जन्मसिद्ध हक्क
3947,1,अहमदाबाद क्रिकेट स्टेडियमला स्वतःचे नावं देणारे खेलरत्न पुरस्काराचे नाव बदलत
3948,1,ज्यांची साधा तोळा सोन्याचा दागिना बनवण्याची ऐपत लोक सुद्धा ऑलम्पिक मध्ये भारताचं गोल्ड मेडल हुकलं खेळाडूंना बोल लावतात
3949,-1,चीनच पोसतंय पूर्ण पाकिस्तानला फंडिंगच्या जीवावर
3950,-1,कदाचित सुगरण तीच नाव असेल तिला पोळी शिकरण याशिवाय नसेल सगळं झालंय रोज रोज तेच तेच
3951,-1,बोलणारे आयडी तोंड सगळंच लपवतात मेली मातीत तोंड घालून
3952,-1,प्रसन्ना त्याचे पाहायची हिम्मत रे
3953,-1,ये बाई मेंदू एकदा घेत
3954,-1,सकाळी सकाळी चांगली बातमी गणपती बाप्पा मोरया
3955,-1,कोण बोलतोय बघा यांचा कोंबडा बुळचटा सारखा निवडणुकीला घाबरून पी यमच्या हाता पाया पडला
3956,-1,शाळा कॉलेजचा हप्ता येणं बाकी आल्यावर निकाल वसुली सरकार
3957,-1,व्हन मंतली लिंगपिसाट निघाला म्हणल्यावर
3958,1,आज सकाळी हवामान खूप प्रसन्न होते.
3959,1,मी वेळेवर ऑफिसला पोहोचलो.
3960,1,आज शाळेत नवीन धडा शिकवला गेला.
3961,1,आईने सकाळी गरम चहा बनवला.
3962,1,बाबा आज कामावर लवकर गेले.
3963,1,आज बाजारात ताज्या भाज्या मिळाल्या.
3964,1,मी संध्याकाळी मित्रांसोबत फिरायला गेलो.
3965,1,आज क्रिकेटच्या सामन्यात आमचा संघ जिंकला.
3966,1,शेतात पिकांची वाढ चांगली होत आहे.
3967,1,आज गावात स्वच्छता मोहीम राबवण्यात आली.
3968,1,महाविद्यालयात नवीन सत्राची सुरुवात झाली.
3969,1,विद्यार्थ्यांनी प्रकल्प वेळेत पूर्ण केला.
3970,1,आज रेल्वे वेळेवर आली.
3971,1,मी नवीन पुस्तक वाचायला सुरुवात केली.
3972,1,घरात सर्वांनी मिळून जेवण केले.
3973,1,आज बँकेतले काम पटकन झाले.
3974,1,शाळेत विज्ञान प्रदर्शन भरवण्यात आले.
3975,1,आज इंटरनेटची गती चांगली होती.
3976,1,मी सकाळी नियमित व्यायाम केला.
3977,1,डॉक्टरांनी नियमित तपासणी करण्याचा सल्ला दिला.
3978,1,आज शहरातील वाहतूक सुरळीत होती.
3979,1,गावात नवीन पाणीपुरवठा योजना सुरू झाली.
3980,1,आज मंदिरात शांत वातावरण होते.
3981,1,सकाळचा नाश्ता खूप स्वादिष्ट होता.
3982,1,आज सर्व बैठका वेळेवर पार पडल्या.
3983,1,मी नवीन वही विकत घेतली.
3984,1,आज रुग्णालयात गर्दी कमी होती.
3985,1,पोस्टाने आज महत्त्वाचे पत्र आले.
3986,1,गावात नवीन बससेवा सुरू झाली.
3987,1,आज सूर्यास्त खूप सुंदर दिसत होता.
3988,1,शाळेत क्रीडा स्पर्धा आयोजित करण्यात आली.
3989,1,आज फळांचे दर कमी झाले होते.
3990,1,शेतकऱ्यांना चांगला पाऊस मिळाला.
3991,1,आज सर्व विद्यार्थी उपस्थित होते.
3992,1,नवीन संगणक व्यवस्थित चालू आहे.
3993,1,मी आज वेळेवर अभ्यास पूर्ण केला.
3994,1,उद्या सुट्टी असल्यामुळे सर्वजण आनंदी आहेत.
3995,1,बागेत अनेक रंगांची फुले उमलली आहेत.
3996,1,मी नवीन पाककृती करून पाहिली.
3997,1,घरातील साफसफाई पूर्ण झाली.
3998,1,आज वीजपुरवठा अखंडित होता.
3999,1,मी नवीन मराठी कादंबरी विकत घेतली.
4000,1,आज सकाळी योगाभ्यास केला.
4001,1,मुलांनी आनंदाने खेळ खेळले.
4002,1,शिक्षकांनी सर्व शंका समजावून सांगितल्या.
4003,1,आरोग्य शिबिराला चांगला प्रतिसाद मिळाला.
4004,1,कार्यालयात प्रशिक्षण कार्यक्रम आयोजित करण्यात आला.
4005,1,सकाळी फिरायला जाणे आरोग्यासाठी चांगले आहे.
4006,1,दूध वेळेवर मिळाले.
4007,1,आज नवीन चित्रपट प्रदर्शित झाला.
4008,1,उद्या शाळेत सांस्कृतिक कार्यक्रम आहे.
4009,1,मी गृहपाठ वेळेवर पूर्ण केला.
4010,1,आज सर्व मित्र भेटले.
4011,1,शेतात पाणीपुरवठा नियमित सुरू आहे.
4012,1,बस वेळेवर निघाली.
4013,1,नवीन रस्ता वाहतुकीसाठी खुला करण्यात आला.
4014,1,ग्रामसभेत विकासकामांवर चर्चा झाली.
4015,1,कार्यालयात नवीन कर्मचारी रुजू झाले.
4016,1,मी आज नवीन शब्द शिकलो.
4017,1,उद्या सकाळी प्रवासाला जाणार आहे.
4018,1,आज आरोग्य तपासणी करून घेतली.
4019,1,विद्यार्थ्यांनी विज्ञान प्रदर्शनात सहभाग घेतला.
4020,1,शहरात स्वच्छता मोहीम राबवण्यात आली.
4021,1,सकाळी हवेत गारवा होता.
4022,1,ग्रंथालयात नवीन पुस्तके उपलब्ध झाली.
4023,1,मोबाईलची बॅटरी दिवसभर टिकली.
4024,1,आमच्या परिसरात झाडे लावण्यात आली.
4025,1,आज शेतात खत टाकले.
4026,1,सर्व काम नियोजनानुसार पूर्ण झाले.
4027,1,मी नवीन गाणे ऐकले.
4028,1,पाण्याची टाकी पूर्ण भरली.
4029,1,गावात नवीन आरोग्य केंद्र सुरू झाले.
4030,1,कार्यालयातील सर्व संगणक व्यवस्थित चालू होते.
4031,1,आज बाजारात गर्दी कमी होती.
4032,1,उद्या परीक्षा असल्यामुळे अभ्यास सुरू आहे.
4033,1,बँकेतील व्यवहार सुरळीत पार पडले.
4034,1,सकाळी पक्ष्यांचा सुंदर आवाज ऐकू आला.
4035,1,मी आज मित्राला भेटलो.
4036,1,गावात स्वच्छता अभियान राबवले गेले.
4037,1,आज नवीन कपडे घेतले.
4038,1,शेतात भाजीपाल्याची चांगली वाढ होत आहे.
4039,1,सर्वांनी मिळून वृक्षारोपण केले.
4040,1,इंटरनेट सेवा दिवसभर सुरळीत होती.
4041,1,मी नवीन कौशल्य शिकायला सुरुवात केली.
4042,1,मुलांनी चित्रकला स्पर्धेत भाग घेतला.
4043,1,पगार वेळेवर खात्यात जमा झाला.
4044,1,रुग्णालयात नवीन वैद्यकीय उपकरणे बसवण्यात आली.
4045,1,सर्व कामे यशस्वीरित्या पूर्ण झाली.
4046,1,आज सकाळी सूर्य लवकर उगवला.
4047,1,मी नवीन पेन विकत घेतला.
4048,1,शिक्षकांनी गृहपाठ तपासला.
4049,1,आज घरात पाहुणे आले.
4050,1,कुटुंबासोबत आनंदात वेळ घालवला.
4051,1,हवामान प्रवासासाठी अनुकूल आहे.
4052,1,मी आज नियमित अभ्यास केला.
4053,1,कार्यालयातील बैठक यशस्वी झाली.
4054,1,गावात पिण्याच्या पाण्याचा पुरवठा नियमित होता.
4055,1,आज सायकलने कार्यालयात गेलो.
4056,1,मुलांनी मैदानात फुटबॉल खेळला.
4057,1,आज परिसरात शांत वातावरण होते.
4058,1,मी आज नवीन रोप लावले.
4059,1,"""आज हवामान खूप आल्हाददायक आहे."""
4060,1,"""उद्या सकाळी शाळेत विज्ञान प्रदर्शन आहे."""
4061,1,"""आईने आज गरम पोहे बनवले."""
4062,1,"""आज ऑफिसमध्ये नवीन प्रोजेक्टची सुरुवात झाली."""
4063,1,"""गावातील रस्त्याचे काम पूर्ण झाले."""
4064,1,"""आज बाजारात ताज्या भाज्या मिळाल्या."""
4065,1,"""मित्रांसोबत संध्याकाळी फिरायला गेलो."""
4066,1,"""आज क्रिकेटच्या सरावात चांगली कामगिरी झाली."""
4067,1,"""शेतात कापसाचे पीक चांगले आले आहे."""
4068,1,"""उद्या सकाळी पाऊस पडण्याची शक्यता आहे."""
4069,1,"""विद्यार्थ्यांनी वेळेवर प्रकल्प सादर केला."""
4070,1,"""आज रेल्वे वेळेवर आली."""
4071,1,"""मी नवीन पुस्तक वाचायला सुरुवात केली."""
4072,1,"""घरात आज सर्वांनी मिळून जेवण केले."""
4073,1,"""आज बँकेत नवीन खाते उघडले."""
4074,1,"""शाळेत आज वृक्षारोपण कार्यक्रम झाला."""
4075,1,"""माझा मोबाईल व्यवस्थित चालू आहे."""
4076,1,"""आज इंटरनेटचा वेग चांगला आहे."""
4077,1,"""आज सकाळी नियमित व्यायाम केला."""
4078,1,"""डॉक्टरांनी नियमित औषधे घ्यायला सांगितली."""
4079,1,"""आज शहरात वाहतूक सुरळीत होती."""
4080,1,"""गावात नवीन पाणीपुरवठा योजना सुरू झाली."""
4081,1,"""आज मंदिरात शांत वातावरण होते."""
4082,1,"""सकाळचा चहा खूप छान होता."""
4083,1,"""आज सर्व बैठक वेळेवर पूर्ण झाल्या."""
4084,1,"""महाविद्यालयात नवीन सत्र सुरू झाले."""
4085,1,"""विद्यार्थ्यांनी परीक्षेची तयारी सुरू केली."""
4086,1,"""आज वाचनालयात नवीन पुस्तके आली."""
4087,1,"""मी आज नवीन वही घेतली."""
4088,1,"""आज ऑफिसमध्ये सर्व काम वेळेत पूर्ण झाले."""
4089,1,"""आज रुग्णालयात गर्दी कमी होती."""
4090,1,"""आज पोस्टाने महत्त्वाचे पत्र आले."""
4091,1,"""आमच्या गावात नवीन बससेवा सुरू झाली."""
4092,1,"""आज सूर्यास्त खूप सुंदर दिसत होता."""
4093,1,"""शाळेच्या मैदानात खेळ स्पर्धा झाली."""
4094,1,"""आज बाजारात फळांचे दर कमी होते."""
4095,1,"""शेतकऱ्यांना चांगला पाऊस झाला."""
4096,1,"""आज सर्व विद्यार्थी उपस्थित होते."""
4097,1,"""नवीन संगणक व्यवस्थित कार्यरत आहे."""
4098,1,"""आज मी वेळेवर कार्यालयात पोहोचलो."""
4099,1,"""उद्या सुट्टी असल्यामुळे सर्वजण आनंदी आहेत."""
4100,1,"""आज बागेत खूप फुले फुलली आहेत."""
4101,1,"""मी आज नवीन पाककृती करून पाहिली."""
4102,1,"""घरातील साफसफाई पूर्ण झाली."""
4103,1,"""आज वीजपुरवठा अखंडित होता."""
4104,1,"""मी नवीन मराठी पुस्तक विकत घेतले."""
4105,1,"""आज सकाळी योगाभ्यास केला."""
4106,1,"""मुलांनी आनंदाने खेळ खेळले."""
4107,1,"""आज शिक्षकांनी नवीन धडा शिकवला."""
4108,1,"""गावातील आरोग्य शिबिराला चांगला प्रतिसाद मिळाला."""
4109,1,"""आज कार्यालयात प्रशिक्षण कार्यक्रम झाला."""
4110,1,"""सकाळी फिरायला जाणे आरोग्यासाठी चांगले आहे."""
4111,1,"""आज दूध वेळेवर मिळाले."""
4112,1,"""आज नवीन चित्रपट प्रदर्शित झाला."""
4113,1,"""उद्या शाळेत सांस्कृतिक कार्यक्रम आहे."""
4114,1,"""मी आज वेळेवर गृहपाठ पूर्ण केला."""
4115,1,"""आज सर्व मित्र भेटले."""
4116,1,"""शेतात पाणीपुरवठा नियमित सुरू आहे."""
4117,1,"""आज बस वेळेवर निघाली."""
4118,1,"""नवीन रस्ता वाहतुकीसाठी खुला करण्यात आला."""
4119,1,"""आज ग्रामसभेत विकासकामांवर चर्चा झाली."""
4120,1,"""आज कार्यालयात नवीन कर्मचारी रुजू झाले."""
4121,1,"""आज मी नवीन शब्द शिकलो."""
4122,1,"""उद्या सकाळी लवकर प्रवासाला जाणार आहे."""
4123,1,"""आज आरोग्य तपासणी करून घेतली."""
4124,1,"""मुलांनी विज्ञान प्रदर्शनात सहभाग घेतला."""
4125,1,"""आज शहरात स्वच्छता मोहीम राबवली गेली."""
4126,1,"""आज सकाळी हवेत गारवा होता."""
4127,1,"""शाळेत ग्रंथदालनाचा उपयोग विद्यार्थ्यांनी केला."""
4128,1,"""आज मोबाईलची बॅटरी चांगली टिकली."""
4129,1,"""आज आमच्या परिसरात झाडे लावण्यात आली."""
4130,1,"""आज शेतात खत टाकले."""
4131,1,"""आज सर्व काम नियोजनानुसार झाले."""
4132,1,"""मी आज नवीन गाणे ऐकले."""
4133,1,"""आज पाण्याची टाकी भरली."""
4134,1,"""गावात नवीन आरोग्य केंद्र सुरू झाले."""
4135,1,"""आज कार्यालयात सर्व संगणक व्यवस्थित चालू होते."""
4136,1,"""आज शिक्षकांनी शंकांचे निरसन केले."""
4137,1,"""आज बाजारात गर्दी कमी होती."""
4138,1,"""उद्या परीक्षा असल्यामुळे अभ्यास सुरू आहे."""
4139,1,"""आज बँकेचे काम लवकर झाले."""
4140,1,"""आज सकाळी पक्ष्यांचा सुंदर आवाज ऐकू आला."""
4141,1,"""मी आज मित्राला भेटलो."""
4142,1,"""आज गावात स्वच्छता मोहीम झाली."""
4143,1,"""आज नवीन कपडे घेतले."""
4144,1,"""शेतात भाजीपाला चांगला वाढत आहे."""
4145,1,"""आज सर्वांनी मिळून वृक्षारोपण केले."""
4146,1,"""आज इंटरनेट सेवा सुरळीत होती."""
4147,1,"""आज मी नवीन कौशल्य शिकायला सुरुवात केली."""
4148,1,"""आज मुलांनी चित्रकला स्पर्धेत भाग घेतला."""
4149,1,"""आज वेळेवर पगार जमा झाला."""
4150,1,"""आज गावातील रुग्णालयात नवीन यंत्रणा बसवली."""
4151,1,"""आज सर्व कामे यशस्वीरित्या पूर्ण झाली."""
4152,1,"""आज सकाळी सूर्य लवकर उगवला."""
4153,1,"""मी आज नवीन वही आणि पेन घेतले."""
4154,1,"""आज शिक्षकांनी गृहपाठ तपासला."""
4155,1,"""आज घरात पाहुणे आले."""
4156,1,"""आज कुटुंबासोबत छान वेळ घालवला."""
4157,1,"""आज हवामान प्रवासासाठी अनुकूल आहे."""
4158,1,"""आज मी नियमित अभ्यास केला."""
4159,1,"""आज कार्यालयात सर्व बैठक यशस्वी झाल्या."""
4160,1,"""आज गावात पिण्याच्या पाण्याचा पुरवठा नियमित होता."""
4161,-1,"""ट्रॅफिक सिग्नल फक्त ५ मिनिटे बंद पडला, एवढ्यात संपूर्ण शहराने शिस्त शिकवली!"""
4162,-1,"""आजचा ५G इंटरनेट स्पीड इतका जबरदस्त होता की मेसेज पाठवायला फक्त अर्धा तास लागला."""
4163,-1,"""पावसाळ्यातील खड्डे इतके सुंदर आहेत की महापालिकेने तिथे बोटिंग सुरू करायला हवे."""
4164,-1,"""सोमवारी सकाळी ९ वाजता मीटिंग ठेवून बॉसने सर्वांचे आठवडाभराचे मानसिक स्वास्थ्य सांभाळले."""
4165,-1,"""आज वीज महामंडळाने ३ तास वीज घालवून सर्वांना मेणबत्तीच्या प्रकाशात रोमान्स करण्याची संधी दिली."""
4166,-1,"""परीक्षेच्या आदल्या रात्री संपूर्ण सिलॅबस पूर्ण करून मी नवीन जागतिक विक्रम रचला."""
4167,-1,"""माझ्या लॅपटॉपने महत्त्वाच्या सादरीकरणादरम्यान अपडेट घेऊन मला ५ मिनिटांची छान विश्रांती दिली."""
4168,-1,"""आज रस्त्यावरील सर्व खड्डे व्यवस्थित पाण्याने भरले होते, अगदी निसर्गरम्य दृश्य दिसत होते."""
4169,-1,"""नेत्यांचे आश्वासन ऐकून वाटले की आता थेट मंगळ ग्रहावरच मोफत घरे मिळणार आहेत."""
4170,-1,"""आज बस वेळेवर आली, बहुतेक चालकाला आज घरी जायची घाई असावी."""
4171,-1,"""इतक्या कडक उन्हात बाहेर पडल्यावर मोफत स्टीम बाथचा आनंद मिळाला."""
4172,-1,"""कस्टमर केअरने १५ मिनिटे होल्डवर ठेवून माझे संयम वाढवण्याचे मोफत प्रशिक्षण दिले."""
4173,-1,"""आज ऑफिसच्या वायफायने इतका अप्रतिम स्पीड दिला की व्हॉट्सॲप मेसेजही रांगेत उभा राहिला."""
4174,-1,"""आमच्या गल्लीतील कुत्र्यांनी रात्री २ वाजता भुंकून सर्वांना रात्रीच्या सुरक्षेची खात्री दिली."""
4175,-1,"""शाळेच्या व्हॉट्सॲप ग्रुपवर पालकांचे मेसेज वाचून वाटले की सर्वजण नोबेल पारितोषिक विजेते आहेत."""
4176,-1,"""आज डासांनी रात्री इतके छान संगीत वाजवले की झोपच उडाली."""
4177,-1,"""आजच्या मिटींगमध्ये फक्त दोनच तास चर्चा झाली, विषय काय होता हे अजून ठरत आहे."""
4178,-1,"""मॅपने दाखवलेला छोटा रस्ता निवडला आणि मला ऑफ-रोडिंगचा मोफत थरार अनुभवता आला."""
4179,-1,"""भाजीवाल्याने १० रुपयांची कोथिंबीर मोफत देऊन आज माझ्यावर फार मोठे उपकार केले."""
4180,-1,"""सोमवारच्या सकाळचा उत्साह पाहून वाटले की संपूर्ण देश आजच क्रांती करणार आहे."""
4181,1,आज सकाळी मी वेळेवर उठलो.
4182,1,आजचे हवामान खूप छान आहे.
4183,1,मी आज नवीन पुस्तक विकत घेतले.
4184,1,माझ्या मित्राने मला फोन केला.
4185,1,आज शाळेत उपस्थिती चांगली होती.
4186,1,आईने आज स्वादिष्ट जेवण बनवले.
4187,1,बाबांनी नवीन झाड लावले.
4188,1,संध्याकाळी आम्ही बागेत फिरायला गेलो.
4189,1,आज ऑफिसमध्ये नवीन बैठक झाली.
4190,1,आज मी नियमित व्यायाम केला.
4191,1,गावात पावसाची सुरुवात झाली.
4192,1,आज रेल्वे वेळेवर पोहोचली.
4193,1,शेतात मका चांगला वाढत आहे.
4194,1,आज दूध वेळेवर मिळाले.
4195,1,मी आज नवीन वही घेतली.
4196,1,घरात सर्वजण आनंदी आहेत.
4197,1,आज इंटरनेट व्यवस्थित चालू होते.
4198,1,मी आज वेळेवर जेवलो.
4199,1,आज बँकेचे काम लवकर पूर्ण झाले.
4200,1,उद्या सुट्टी असल्यामुळे आनंद आहे.
4201,1,आज रस्त्यावर वाहतूक कमी होती.
4202,1,मी नवीन कौशल्य शिकत आहे.
4203,1,आज कार्यालयात सर्व काम पूर्ण झाले.
4204,1,विद्यार्थ्यांनी प्रकल्प सादर केला.
4205,1,आज ग्रंथालयात नवीन पुस्तके आली.
4206,1,मी सकाळी चालायला गेलो.
4207,1,आज शाळेत विज्ञानाचा तास झाला.
4208,1,माझ्या बहिणीने परीक्षेत चांगले गुण मिळवले.
4209,1,आज सर्वांनी मिळून घर स्वच्छ केले.
4210,1,आज गावात आरोग्य शिबिर भरले.
4211,1,मी नवीन मोबाईल घेतला.
4212,1,आज शेतात पाणी दिले.
4213,1,आज वीजपुरवठा सुरळीत होता.
4214,1,मी आज नवीन गाणे ऐकले.
4215,1,आज सर्व शिक्षक उपस्थित होते.
4216,1,उद्या आम्ही सहलीला जाणार आहोत.
4217,1,आज कुटुंबासोबत वेळ घालवला.
4218,1,आज बागेत खूप फुले उमलली आहेत.
4219,1,आज नवीन चित्रपट पाहिला.
4220,1,मी वेळेवर कार्यालयात पोहोचलो.
4221,1,आज मित्रांसोबत चहा घेतला.
4222,1,आज मुलांनी चित्रकला केली.
4223,1,आज सकाळी गार वारा होता.
4224,1,आज सर्व बैठक यशस्वी झाल्या.
4225,1,मी नवीन कपडे विकत घेतले.
4226,1,आज गावात शांत वातावरण होते.
4227,1,मी आज मराठी पुस्तक वाचले.
4228,1,आज नवीन शिक्षक वर्गात आले.
4229,1,आज हवामान प्रवासासाठी योग्य आहे.
4230,1,माझ्या आजोबांनी छान गोष्ट सांगितली.
4231,1,आज मी वेळेवर गृहपाठ पूर्ण केला.
4232,1,माझ्या मित्राने नवीन सायकल घेतली.
4233,1,आज बस वेळेवर आली.
4234,1,आज कार्यालयात प्रशिक्षण झाले.
4235,1,आज मी नवीन पाककृती करून पाहिली.
4236,1,आज सर्व विद्यार्थ्यांनी सहभाग घेतला.
4237,1,गावातील रस्ता दुरुस्त करण्यात आला.
4238,1,आज नवीन दुकान सुरू झाले.
4239,1,आज मी योगाभ्यास केला.
4240,1,आज सर्वांनी वृक्षारोपण केले.
4241,1,आज हवेत गारवा जाणवत होता.
4242,1,आज शाळेत सांस्कृतिक कार्यक्रम झाला.
4243,1,आज मी संगणकावर नवीन गोष्ट शिकलो.
4244,1,आज सर्वजण वेळेवर पोहोचले.
4245,1,आज पावसामुळे वातावरण थंड झाले.
4246,1,आज फळांचे दर कमी होते.
4247,1,आज गावात ग्रामसभा झाली.
4248,1,आज आम्ही मंदिरात गेलो.
4249,1,आज सकाळी सूर्य तेजस्वी होता.
4250,1,आज नवीन पेन विकत घेतला.
4251,1,आज माझे सर्व काम पूर्ण झाले.
4252,1,आज बाजारात ताजे फळ मिळाले.
4253,1,आज कार्यालयात नवीन संगणक बसवला.
4254,1,आज शेतातील पीक चांगले दिसत आहे.
4255,1,आज मुलांनी फुटबॉल खेळला.
4256,1,आज सर्वांनी एकत्र जेवण केले.
4257,1,आज बँकेत नवीन खाते उघडले.
4258,1,आज आरोग्य तपासणी केली.
4259,1,आज मी नवीन चित्र काढले.
4260,1,आज शाळेत सर्व वर्ग भरले.
4261,1,आज हवामान ढगाळ आहे.
4262,1,आज मी वेळेवर झोपलो.
4263,1,आज कार्यालयात शांत वातावरण होते.
4264,1,आज नवीन झाडाला पाणी घातले.
4265,1,आज सर्वांनी बैठकीत सहभाग घेतला.
4266,1,आज शहरातील रस्ते स्वच्छ होते.
4267,1,आज गावात नवीन दिवे बसवले.
4268,1,आज सकाळी पक्ष्यांचा आवाज ऐकू आला.
4269,1,आज मी नियमित अभ्यास केला.
4270,1,आज शेतात काम पूर्ण झाले.
4271,1,आज सर्वजण उत्साहात होते.
4272,1,आज शिक्षकांनी नवीन उदाहरण दिले.
4273,1,आज बसस्थानकावर गर्दी कमी होती.
4274,1,आज मी नवीन शब्द शिकलो.
4275,1,आज परिसरात स्वच्छता राखली गेली.
4276,1,आज आम्ही कुटुंबासोबत बाहेर गेलो.
4277,1,आज मोबाईल व्यवस्थित चालू आहे.
4278,1,आज सर्वांनी वेळेचे पालन केले.
4279,1,आज पिण्याच्या पाण्याचा पुरवठा नियमित होता.
4280,1,आज शाळेत क्रीडा स्पर्धा झाली.
4281,1,आज मी नवीन वही वापरायला सुरुवात केली.
4282,1,आज कार्यालयात नवीन कर्मचारी आले.
4283,1,आज रुग्णालयातील सेवा चांगली होती.
4284,1,आज शेतात तण काढले.
4285,1,आज आम्ही सकाळी फिरायला गेलो.
4286,1,आज गावातील बाजार भरला होता.
4287,1,आज नवीन कपडे परिधान केले.
4288,1,आज सर्व मित्र पुन्हा भेटले.
4289,1,आज मी वेळेवर नाश्ता केला.
4290,1,आज शाळेचे मैदान स्वच्छ होते.
4291,1,आज नवीन रोपे लावली.
4292,1,आज सर्व काम नियोजनानुसार झाले.
4293,1,आज कार्यालयातील इंटरनेट व्यवस्थित चालले.
4294,1,आज मुलांनी नृत्याचा सराव केला.
4295,1,आज हवामान खूप आल्हाददायक आहे.
4296,1,आज मी वाचनासाठी वेळ काढला.
4297,1,आज गावात नवीन पाण्याची टाकी सुरू झाली.
4298,1,आज मी माझ्या शिक्षकांना भेटलो.
4299,1,आज सर्वांनी आनंदाने कार्यक्रम साजरा केला.
4300,1,आज नवीन बूट विकत घेतले.
4301,1,आज शहरात वाहतूक सुरळीत होती.
4302,1,आज मी नवीन लेख वाचला.
4303,1,आज कुटुंबासोबत चित्रपट पाहिला.
4304,1,आज मित्रांसोबत गप्पा मारल्या.
4305,1,आज आम्ही नवीन ठिकाणी भेट दिली.
4306,1,आज मुलांनी खेळाच्या स्पर्धेत भाग घेतला.
4307,1,आज शाळेत प्रार्थना शांततेत झाली.
4308,1,आज सर्व कर्मचारी वेळेवर आले.
4309,1,आज मी नवीन भाषा शिकायला सुरुवात केली.
4310,1,आज घरात आनंदाचे वातावरण आहे.
4311,1,आज आम्ही एकत्र नाश्ता केला.
4312,1,आज बागेत नवीन फुले फुलली.
4313,1,आज मी आरोग्यदायी आहार घेतला.
4314,1,आज सर्वांनी एकमेकांना मदत केली.
4315,1,आज नवीन कल्पनेवर चर्चा झाली.
4316,1,आज मी संध्याकाळी फेरफटका मारला.
4317,1,आज गावातील पाणीपुरवठा सुरळीत होता.
4318,1,आज मुलांनी वाचन स्पर्धेत भाग घेतला.
4319,1,आज मी वेळेवर सर्व काम पूर्ण केले.
4320,1,आज मी सकाळी लवकर उठलो.
4321,1,आज घरातील सर्व कामे वेळेत पूर्ण झाली.
4322,1,आमच्या परिसरात नवीन उद्यान तयार झाले.
4323,1,आज मी माझ्या मित्राला पुस्तक दिले.
4324,1,संध्याकाळी आम्ही कुटुंबासोबत फेरफटका मारला.
4325,1,आज शिक्षकांनी नवीन विषय समजावून सांगितला.
4326,1,मी आज वेळेवर नाश्ता केला.
4327,1,आज हवामान स्वच्छ आणि प्रसन्न आहे.
4328,1,आज आम्ही बागेत झाडांना पाणी घातले.
4329,1,आज कार्यालयात नवीन प्रकल्पाची चर्चा झाली.
4330,1,मी आज नवीन वही वापरायला सुरुवात केली.
4331,1,आज रेल्वे वेळेवर धावली.
4332,1,आज गावात शांत वातावरण आहे.
4333,1,मी आज माझी खोली स्वच्छ केली.
4334,1,आज नवीन पुस्तक वाचून पूर्ण केले.
4335,1,आज मुलांनी मैदानात क्रिकेट खेळले.
4336,1,आज मी नियमित योगाभ्यास केला.
4337,1,आज रस्त्यावर वाहतूक सुरळीत होती.
4338,1,आज नवीन संगणक सुरू करण्यात आला.
4339,1,आज मी मित्रांसोबत चहा घेतला.
4340,1,आज शेतात पिकांची पाहणी केली.
4341,1,आज मी नवीन गाणे ऐकले.
4342,1,आज शाळेत विज्ञान प्रयोग दाखवण्यात आला.
4343,1,आज गावात आरोग्य तपासणी शिबिर भरले.
4344,1,आज मी आईला स्वयंपाकात मदत केली.
4345,1,आज नवीन झाड लावले.
4346,1,आज कार्यालयात सर्व बैठक यशस्वी झाल्या.
4347,1,आज हवेत हलका गारवा होता.
4348,1,आज सर्व विद्यार्थी वर्गात उपस्थित होते.
4349,1,आज शेतात पाणी सोडण्यात आले.
4350,1,आज नवीन कपडे विकत घेतले.
4351,1,आज मित्रांसोबत छान गप्पा झाल्या.
4352,1,आज नवीन मोबाईलचा वापर सुरू केला.
4353,1,आज गावातील रस्ता स्वच्छ करण्यात आला.
4354,1,आज मी सकाळी चालायला गेलो.
4355,1,आज नवीन पेन घेतला.
4356,1,आज घरात आनंदाचे वातावरण होते.
4357,1,आज कार्यालयात प्रशिक्षण आयोजित करण्यात आले.
4358,1,आज मुलांनी चित्रकला स्पर्धेत भाग घेतला.
4359,1,आज मी वाचनालयात जाऊन अभ्यास केला.
4360,1,आज बाजारात भाज्यांचे दर कमी होते.
4361,1,आज नवीन पाककृती करून पाहिली.
4362,1,आज सर्वांनी एकत्र वृक्षारोपण केले.
4363,1,आज माझ्या मित्राचा वाढदिवस साजरा केला.
4364,1,आज हवामान प्रवासासाठी अनुकूल आहे.
4365,1,आज मी माझ्या आजीला भेटलो.
4366,1,आज गावात नवीन दिवे बसवले गेले.
4367,1,आज शेतातील पिके हिरवीगार दिसत आहेत.
4368,1,आज सकाळी पक्ष्यांचा मधुर आवाज ऐकू आला.
4369,1,आज मी वेळेवर झोपेतून उठलो.
4370,1,आज नवीन शब्द शिकायला मिळाला.
4371,1,आज आम्ही नदीकाठी फिरायला गेलो.
4372,1,आज शहरातील वाहतूक व्यवस्थित होती.
4373,1,आज कार्यालयातील इंटरनेट सुरळीत चालू होते.
4374,1,आज शाळेच्या मैदानात क्रीडा स्पर्धा झाली.
4375,1,आज मित्रांसोबत अभ्यास केला.
4376,1,आज नवीन रोपे आणली.
4377,1,आज मी नियमित ध्यान केले.
4378,1,आज सर्व काम वेळेवर पूर्ण झाले.
4379,1,आज मी नवीन कौशल्य शिकत आहे.
4380,1,आज सकाळी आकाश निरभ्र होते.
4381,1,आज कार्यालयात सर्व संगणक व्यवस्थित चालू होते.
4382,1,आज नवीन घड्याळ घेतले.
4383,1,आज शेतात खत टाकण्यात आले.
4384,1,आज आम्ही मंदिरात दर्शनासाठी गेलो.
4385,1,आज सर्वांनी एकत्र नाश्ता केला.
4386,1,आज नवीन वही आणि पेन विकत घेतले.
4387,1,आज गावातील पाणीटाकी भरली.
4388,1,आज मी वेळेवर कार्यालयात पोहोचलो.
4389,1,आज शिक्षकांनी सर्व प्रश्नांची उत्तरे दिली.
4390,1,आज घरातील बागेत फुले उमलली.
4391,1,आज मी मित्राच्या घरी गेलो.
4392,1,आज शाळेत ग्रंथालयाचा उपयोग केला.
4393,1,आज नवीन सायकल चालवली.
4394,1,आज आम्ही कुटुंबासोबत बाजारात गेलो.
4395,1,आज सकाळी व्यायामशाळेत गेलो.
4396,1,आज सर्व कर्मचारी आनंदात होते.
4397,1,आज मी नवीन कपडे परिधान केले.
4398,1,आज गावात शांतता होती.
4399,1,आज शेतातील काम पूर्ण झाले.
4400,1,आज कार्यालयात नवीन कल्पनेवर चर्चा झाली.
4401,1,आज मी वेळेवर जेवण केले.
4402,1,आज नवीन चप्पल विकत घेतली.
4403,1,आज विद्यार्थ्यांनी स्वच्छता अभियानात सहभाग घेतला.
4404,1,आज मी मराठी कथा वाचली.
4405,1,आज बाजारात ताजी फुले मिळाली.
4406,1,आज नवीन पाण्याची मोटार बसवली.
4407,1,आज आम्ही उद्यानात बसून गप्पा मारल्या.
4408,1,आज सकाळी सूर्यप्रकाश छान होता.
4409,1,आज मी मोबाईल अपडेट केला.
4410,1,आज कार्यालयात कामाचा ताण कमी होता.
4411,1,आज शेतातील विहिरीत पुरेसे पाणी आहे.
4412,1,आज नवीन अभ्यासक्रम सुरू झाला.
4413,1,आज घरातील सर्वजण आनंदी होते.
4414,1,आज मी नवीन पिशवी विकत घेतली.
4415,1,आज रस्त्यावर स्वच्छता राखण्यात आली.
4416,1,आज आम्ही मित्रांसोबत खेळलो.
4417,1,आज सर्व बैठक वेळेवर सुरू झाल्या.
4418,1,आज नवीन फर्निचर घरी आणले.
4419,1,आज गावातील आरोग्य केंद्र सुरू होते.
4420,1,आज मी वेळेवर सर्व ईमेल पाठवले.
4421,1,आज नवीन कल्पना सुचली.
4422,1,आज शाळेत भाषण स्पर्धा झाली.
4423,1,आज हवामान थंड आणि सुखद आहे.
4424,1,आज कार्यालयात चहा ब्रेक छान झाला.
4425,1,आज मी माझ्या बहिणीसोबत अभ्यास केला.
4426,1,आज नवीन झाडांना खत घातले.
4427,1,आज सर्वांनी मिळून सणाची तयारी केली.
4428,1,आज मी नवीन शब्दकोश विकत घेतला.
4429,1,आज गावात नवीन बसथांबा सुरू झाला.
4430,1,आज सकाळी वातावरण स्वच्छ होते.
4431,1,आज विद्यार्थ्यांनी प्रयोगशाळेत प्रयोग केला.
4432,1,आज नवीन बाग तयार करण्यात आली.
4433,1,आज आम्ही आजोबांसोबत फिरायला गेलो.
4434,1,आज घरात शांत आणि आनंदी वातावरण आहे.
4435,1,आज मी नवीन रेसिपी शिकली.
4436,1,आज कार्यालयात सर्वांनी एकमेकांना मदत केली.
4437,1,आज गावातील शाळेत नवीन वर्ग सुरू झाला.
4438,1,आज मी संध्याकाळी पुस्तक वाचत बसलो.
4439,1,आज पावसामुळे झाडे ताजी दिसत आहेत.
4440,1,आज नवीन वहीमध्ये लिहायला सुरुवात केली.
4441,1,आज आम्ही कुटुंबासोबत आनंदाने वेळ घालवला.
4442,1,"""आज घरात सर्वजण एकत्र जमले होते."""
4443,1,"""सकाळी हवेमध्ये छान गारवा जाणवत होता."""
4444,1,"""बागेत नवीन रोपे लावली आहेत."""
4445,1,"""आज वाचनालयात शांतपणे अभ्यास केला."""
4446,1,"""आईने आज आवडता पदार्थ बनवला होता."""
4447,1,"""मित्रांसोबत जुन्या आठवणींना उजाळा मिळाला."""
4448,1,"""आज कामाच्या ठिकाणी सर्वांनी सहकार्य केले."""
4449,1,"""संध्याकाळी आकाशातील रंग खूप सुंदर दिसत होते."""
4450,1,"""आजचा प्रवास अत्यंत सुकर आणि आनंदी झाला."""
4451,1,"""गावातील विहिरीला भरपूर पाणी आले आहे."""
4452,1,"""शाळेतील मुलांनी सांस्कृतिक कार्यक्रमात छान सादरीकरण केले."""
4453,1,"""आज सकाळी नियमित चालण्याचा सराव पूर्ण केला."""
4454,1,"""नवीन पुस्तकाची काही पाने आज वाचून झाली."""
4455,1,"""घरासमोरील अंगण आज छान साफ केले."""
4456,1,"""आजच्या बैठकीत नवीन कल्पनांवर सविस्तर चर्चा झाली."""
4457,1,"""बाजारात आज ताजी फळे मुबलक प्रमाणात उपलब्ध होती."""
4458,1,"""शाळेचा निकाल पाहून सर्व पालकांना आनंद झाला."""
4459,1,"""आज वेळेत सर्व कामे पूर्ण झाल्यामुळे मोकळा वेळ मिळाला."""
4460,1,"""संध्याकाळी मंदिरात खूप प्रसन्न वातावरण होते."""
4461,1,"""सकाळचा चहा मित्रांसोबत घेण्याचा आनंद वेगळाच होता."""
4462,1,"""आज रस्त्यावरील रहदारी नेहमीपेक्षा कमी होती."""
4463,1,"""नवीन प्रकल्पाचे काम अतिशय चांगल्या प्रकारे सुरू आहे."""
4464,1,"""मुलांनी मैदानावर उत्साहाने खेळ खेळले."""
4465,1,"""आज घरात नवीन वस्तूची खरेदी केली."""
4466,1,"""शिक्षकांनी विद्यार्थ्यांना खूप छान मार्गदर्शन केले."""
4467,1,"""आज शेतातील कामांना गती मिळाली."""
4468,1,"""मित्राने दिलेल्या सल्ल्यामुळे कठीण प्रश्न सुटला."""
4469,1,"""आज सकाळी पक्ष्यांची किलबिल ऐकायला मिळाली."""
4470,1,"""आरोग्याची काळजी घेण्यासाठी योग्य आहार घेणे गरजेचे आहे."""
4471,1,"""आज ऑफिसमधील सहकाऱ्याचा वाढदिवस साजरा केला."""
4472,1,"""घरातील जुन्या वस्तूंची व्यवस्थित मांडणी केली."""
4473,1,"""आज बँकेतील सर्व कामे सुरळीत पार पडली."""
4474,1,"""सायंकाळी नदीकाठी बसून छान वेळ घालवला."""
4475,1,"""नवीन तंत्रज्ञान शिकल्यामुळे काम सोपे झाले."""
4476,1,"""आजच्या कार्यशाळेत नवीन गोष्टी शिकायला मिळाल्या."""
4477,1,"""सकाळी लवकर उठल्यामुळे दिवसभर ताजेतवाने वाटले."""
4478,1,"""गावातील रस्त्यांची दुरुस्ती वेळेत पूर्ण झाली."""
4479,1,"""आज विद्यार्थ्यांची उपस्थिती पूर्ण होती."""
4480,1,"""आईच्या हाताच्या जेवणाची चव नेहमीच उत्तम असते."""
4481,1,"""आज पार्कमध्ये लहान मुलांची खूप गर्दी होती."""
4482,1,"""प्रकल्पाचा अहवाल वेळेत सादर करण्यात आला."""
4483,1,"""आज वीजपुरवठा संपूर्ण दिवस अखंडित राहिला."""
4484,1,"""संध्याकाळी कुटुंबियांसोबत गप्पा मारत छान वेळ गेला."""
4485,1,"""नवीन वर्षाचे नियोजन आज पूर्ण केले."""
4486,1,"""आज सकाळी योगाभ्यास केल्यामुळे मन शांत झाले."""
4487,1,"""बाजारात नवीन प्रकारची पुस्तके विक्रीसाठी आली आहेत."""
4488,1,"""आजचा दिवस अतिशय सकारात्मक आणि उत्साही गेला."""
4489,1,"""गावातील सर्व शेतकरी एकत्र येऊन चर्चा करत होते."""
4490,1,"""आज कार्यालयात नवीन संगणक प्रणाली बसवण्यात आली."""
4491,1,"""मुलांनी अभ्यासात चांगली प्रगती केली आहे."""
4492,1,"""आज शहरातील हवामान अतिशय आल्हाददायक होते."""
4493,1,"""आजचा चहा खूपच चवदार बनला होता."""
4494,1,"""संध्याकाळी मोकळ्या हवेत फिरल्याने छान वाटले."""
4495,1,"""शाळेत नवीन संगणक प्रयोगशाळा सुरू झाली."""
4496,1,"""आज दुकानातून काही आवश्यक वस्तू विकत घेतल्या."""
4497,1,"""मित्रांनी मिळून एका सामाजिक उपक्रमात भाग घेतला."""
4498,1,"""आज कामाचा ताण कमी असल्यामुळे मन हलके वाटले."""
4499,1,"""घरातील लहान मुलांनी खूप छान चित्रे काढली."""
4500,1,"""आजच्या प्रवासात निसर्गाचे सुंदर दृश्य पाहायला मिळाले."""
4501,1,"""गावात नवीन ग्रंथालय सुरू झाल्यामुळे विद्यार्थ्यांना फायदा होईल."""
4502,1,"""आज सर्व कामे वेळेपूर्वीच पूर्ण झाली."""
4503,1,"""सकाळच्या वेळी बागेत फिरणे आरोग्यासाठी फायदेशीर असते."""
4504,1,"""आज नवीन विषयावर अभ्यास करायला सुरुवात केली."""
4505,1,"""घरात नवीन झाडांची कुंडी आणून ठेवली."""
4506,1,"""आजच्या क्रीडा स्पर्धेत सर्वांनी आवेशाने भाग घेतला."""
4507,1,"""ऑफिसमधील सर्व सहकाऱ्यांनी एकत्र दुपारचे जेवण केले."""
4508,1,"""आज बँकेत नवीन योजनांबद्दल माहिती मिळाली."""
4509,1,"""गावातील तलाव पाण्याने पूर्ण भरला आहे."""
4510,1,"""आज शिक्षकांनी नवीन धड्याचे सोप्या भाषेत स्पष्टीकरण दिले."""
4511,1,"""संध्याकाळी मित्रांसोबत गप्पा मारताना वेळ कसा गेला कळलेच नाही."""
4512,1,"""आज आरोग्य तपासणीचा अहवाल अगदी उत्तम आला."""
4513,1,"""घरातील स्वच्छता मोहिमेत सर्वांनी मदत केली."""
4514,1,"""आज वेळेवर बस मिळाल्यामुळे प्रवास सोपा झाला."""
4515,1,"""नवीन मोबाईलचे फीचर्स खूप उपयुक्त आहेत."""
4516,1,"""आज शहरात सांस्कृतिक महोत्सवाचे आयोजन करण्यात आले होते."""
4517,1,"""सकाळच्या कोवळ्या उन्हात बसणे आरोग्यासाठी चांगले असते."""
4518,1,"""आज महाविद्यालयात नवीन विषयाचे व्याख्यान झाले."""
4519,1,"""मुलांनी मैदानावर फुटबॉलचा सामना रंगवला."""
4520,1,"""आज भाजीमंडईत खूप छान आणि ताज्या भाज्या आल्या होत्या."""
4521,1,"""नवीन प्रकल्पाची सुरुवात सर्वांच्या उपस्थितीत झाली."""
4522,1,"""आज संध्याकाळी हलका पाऊस पडल्याने हवा थंड झाली."""
4523,1,"""घरातील ज्येष्ठांसोबत वेळ घालवून ज्ञान मिळाले."""
4524,1,"""आजच्या बैठकीत सर्वांनी आपापली मते मांडली."""
4525,1,"""वाचनालयातील नवीन पुस्तकांची यादी प्रसिद्ध झाली."""
4526,1,"""आज सकाळी नियमित व्यायामाचा सराव केला."""
4527,1,"""गावातील स्वच्छता गृहांची दुरुस्ती करण्यात आली."""
4528,1,"""आज ऑफीसमध्ये नवीन आव्हानात्मक काम मिळाले."""
4529,1,"""मित्राने पाठवलेले पुस्तक वाचून पूर्ण केले."""
4530,1,"""आज घरातील सर्व कामे नियोजनानुसार पार पडली."""
4531,1,"""शाळेत विद्यार्थ्यांसाठी आरोग्य शिबीर आयोजित केले होते."""
4532,1,"""आज संध्याकाळी सुंदर सूर्यास्त पाहायला मिळाला."""
4533,1,"""नवीन कौशल्याचा सराव आजपासून सुरू केला."""
4534,1,"""आजचा दिवस खूपच शांत आणि आनंददायी गेला."""
4535,1,"""शेतकऱ्यांनी नवीन पिकांची पेरणी सुरू केली आहे."""
4536,1,"""आज महाविद्यालयाच्या प्रांगणात वृक्षारोपण केले."""
4537,1,"""आईने बनवलेला शिरा खूपच स्वादिष्ट झाला होता."""
4538,1,"""आज ऑफिसमध्ये नवीन धोरणांची माहिती देण्यात आली."""
4539,1,"""संध्याकाळी बागेत लहान मुले आनंदाने खेळत होती."""
4540,1,"""आज प्रवासादरम्यान जुना मित्र अचानक भेटला."""
4541,1,"""गावातील पाणीपुरवठा योजना यशस्वीरित्या सुरू झाली."""
4542,1,"""आज सकाळी छान गाणी ऐकत कामाला सुरुवात केली."""
4543,1,"""मुलांनी विज्ञान प्रदर्शनासाठी उत्कृष्ट मॉडेल बनवले."""
4544,1,"""आज सर्व कौटुंबिक जबाबदाऱ्या वेळेत पार पाडल्या."""
4545,1,"""नवीन वर्षाच्या कॅलेंडरची खरेदी आज केली."""
4546,1,"""आज शहरात स्वच्छता मोहिमेला चांगला प्रतिसाद मिळाला."""
4547,1,"""सकाळी उठल्यावर गरम पाण्याचा घोट घेणे चांगले असते."""
4548,1,"""आज वाचनालयात नवीन मासिके उपलब्ध झाली."""
4549,1,"""मित्रांसोबत वीकेंडचा प्लान तयार केला."""
4550,1,"""आज घरात सर्वांनी मिळून जुने फोटो पाहिले."""
4551,1,"""शाळेच्या मैदानात मुलांनी धावण्याची शर्यत लावली."""
4552,1,"""आज इंटरनेटची कनेक्टिव्हिटी खूप उत्तम होती."""
4553,1,"""गावातील मंदिरात आज विशेष पूजा आयोजित केली होती."""
4554,1,"""आजच्या सत्रात तज्ज्ञांनी मोलाचे मार्गदर्शन केले."""
4555,1,"""नवीन रेसिपी वापरून आज नवीन पदार्थ तयार केला."""
4556,1,"""आजच्या बातम्यांमध्ये काही चांगल्या घडामोडी पाहायला मिळाल्या."""
4557,1,"""संध्याकाळी घराच्या गच्चीवर बसून थंड हवेचा आनंद घेतला."""
4558,1,"""आज वेळेवर पगार झाल्यामुळे आवश्यक खरेदी केली."""
4559,1,"""मुलांनी अभ्यासाचे नियोजन स्वतः तयार केले."""
4560,1,"""आज शेतातील भाजीपाला बाजारात विक्रीसाठी पाठवला."""
4561,1,"""नवीन कपड्यांची खरेदी करण्यासाठी बाजारात गेलो होतो."""
4562,1,"""आज सकाळी योगासने केल्यामुळे शरीराला ऊर्जा मिळाली."""
4563,1,"""गावातील रस्त्यांच्या दुतर्फा नवीन झाडे लावली."""
4564,1,"""आज कार्यालयात सर्वांनी मिळून सण साजरा केला."""
4565,1,"""शाळेत आज नवीन क्रीडा साहित्य उपलब्ध झाले."""
4566,1,"""आजचा प्रवास विनासायास आणि वेळेत पूर्ण झाला."""
4567,1,"""घरातील सर्वांनी एकत्र बसून रात्रीचे जेवण केले."""
4568,1,"""आज वाचनालयात शांततेत काही तास घालवले."""
4569,1,"""मित्राच्या नवीन घराच्या वास्तुशांतीला उपस्थित राहिलो."""
4570,1,"""आज शहरात विविध ठिकाणी वाहतूक सुरळीत होती."""
4571,1,"""नवीन सॉफ्टवेअर शिकल्यामुळे काम जलद गतीने होत आहे."""
4572,1,"""आज सकाळी पक्षांचा चिवचिवाट ऐकून मन प्रसन्न झाले."""
4573,1,"""गावातील तरुणांनी एकत्र येऊन क्रीडा मंडळ स्थापन केले."""
4574,1,"""आजच्या कार्यशाळेत भरपूर नवीन माहिती समजली."""
4575,1,"""संध्याकाळी हलक्या संगीताचा आस्वाद घेतला."""
4576,1,"""आज घरात सर्वांनी मिळून आवडीचा चित्रपट पाहिला."""
4577,1,"""शाळेच्या बसने आज वेळेत सर्व विद्यार्थ्यांना पोहोचवले."""
4578,1,"""आज सकाळी वेळेवर उठून अभ्यासाला बसलो."""
4579,1,"""नवीन प्रकल्पासाठी आवश्यक असलेले सर्व कागदपत्र तयार झाले."""
4580,1,"""आज शहरातील मुख्य रस्त्यांची स्वच्छता करण्यात आली."""
4581,1,"""गावातील आरोग्य केंद्रात नवीन औषधे उपलब्ध झाली आहेत."""
4582,1,"""आजच्या मीटिंगमध्ये नवीन ध्येये निश्चित करण्यात आली."""
4583,1,"""मुलांनी सुट्ट्यांचा उपयोग कलात्मक गोष्टी शिकण्यासाठी केला."""
4584,1,"""आज सकाळी निसर्गाच्या कुशीत काही वेळ घालवला."""
4585,1,"""घरातील सर्व सदस्यांनी एकत्र काम करून घर सजवले."""
4586,1,"""आज वाचनालयातून अभ्यासासाठी दोन नवीन पुस्तके आणली."""
4587,1,"""मित्रांसोबत संध्याकाळी चहा पीत गप्पा मारल्या."""
4588,1,"""आजचा दिवस अतिशय फलदायी आणि उत्साही ठरला."""
4589,1,"""शाळेतील शिक्षकांनी सर्व विद्यार्थ्यांचे कौतुक केले."""
4590,1,"""आज भाजी बाजारात सर्व प्रकारच्या भाज्या उपलब्ध होत्या."""
4591,1,"""नवीन विषयाची उजळणी आज यशस्वीरित्या पूर्ण झाली."""
4592,1,"""आज रात्रीचे आकाश अतिशय निरभ्र आणि चांदण्यांनी भरलेले होते."""
4593,1,"""आज सकाळी लवकर उठून फिरायला गेलो."""
4594,1,"""घरामध्ये सर्वजण आनंदाने गप्पा मारत होते."""
4595,1,"""आज वाचनालयातून नवीन कादंबरी आणली."""
4596,1,"""सकाळच्या वेळेत योगाभ्यास केल्याने प्रसन्न वाटते."""
4597,1,"""आईने आज खूप छान नाश्ता बनवला होता."""
4598,1,"""आज ऑफिसमध्ये नवीन विषयावर चर्चा झाली."""
4599,1,"""गावातील लहान मुलांनी मैदानावर खेळ खेळले."""
4600,1,"""आज बाजारात ताजी आणि हिरवी भाजी मिळाली."""
4601,1,"""संध्याकाळी आकाशात सुंदर ढग जमा झाले होते."""
4602,1,"""मित्रांसोबत आज एकत्र जेवणाचा आनंद घेतला."""
4603,1,"""आजचा प्रवास खूप शांत आणि आरामदायी झाला."""
4604,1,"""शाळेतील विद्यार्थ्यांनी नवीन प्रयोग करून पाहिले."""
4605,1,"""आज सकाळी बागेतील झाडांना पाणी दिले."""
4606,1,"""नवीन विषयाचा अभ्यास आज सुरू केला."""
4607,1,"""आज बँकेतील सर्व कामे वेळेत पूर्ण झाली."""
4608,1,"""घरासमोरील परिसरात स्वच्छता राखली गेली."""
4609,1,"""आजच्या बैठकीत महत्त्वाच्या विषयांवर निर्णय झाले."""
4610,1,"""सकाळच्या कोवळ्या उन्हात बसल्याने छान वाटले."""
4611,1,"""आज रस्त्यावरील रहदारी अतिशय सुरळीत होती."""
4612,1,"""मुलांनी वर्गात शिक्षकांचे लक्षपूर्वक ऐकले."""
4613,1,"""आज शहरात नवीन सांस्कृतिक कार्यक्रम झाला."""
4614,1,"""संध्याकाळी गच्चीवर बसून थंड हवेचा आनंद घेतला."""
4615,1,"""गावातील तलावाकाठी शांत वातावरण होते."""
4616,1,"""आज कार्यालयात नवीन तंत्रज्ञानाचा वापर केला."""
4617,1,"""नवीन कपड्यांची खरेदी करण्यासाठी दुकानात गेलो."""
4618,1,"""आज आईसोबत बाजारात जाऊन किराणा सामान आणले."""
4619,1,"""मुलांनी विज्ञान प्रदर्शनासाठी छान तयारी केली."""
4620,1,"""आजचा दिवस खूपच सकारात्मक आणि शांत गेला."""
4621,1,"""वाचनालयात आज अनेक नवीन पुस्तके आली आहेत."""
4622,1,"""आज सकाळी पक्ष्यांचा सुंदर आवाज ऐकायला मिळाला."""
4623,1,"""मित्राने दिलेल्या चांगल्या सल्ल्याचा फायदा झाला."""
4624,1,"""आज शेतामध्ये नवीन रोपांची लावड केली."""
4625,1,"""घरातील जुन्या वस्तू व्यवस्थित आवरून ठेवल्या."""
4626,1,"""आज शाळा वेळेवर सुटल्यामुळे मोकळा वेळ मिळाला."""
4627,1,"""संध्याकाळी कुटुंबासोबत टीव्हीवर चित्रपट पाहिला."""
4628,1,"""आज शहरात पावसाची हलकी सर येऊन गेली."""
4629,1,"""ऑफिसमधील सर्व सहकाऱ्यांनी कामात मदत केली."""
4630,1,"""आज नवीन रेसिपी वापरून गोड पदार्थ बनवला."""
4631,1,"""गावातील रस्त्यांचे काम पूर्ण झाल्याने सोय झाली."""
4632,1,"""आज सकाळी चहाचा आस्वाद घेत वर्तमानपत्र वाचले."""
4633,1,"""विद्यार्थ्यांनी परीक्षेची उजळणी पूर्ण केली."""
4634,1,"""आजच्या कार्यशाळेत नवीन कौशल्य शिकायला मिळाले."""
4635,1,"""घरात नवीन झाडांची लागवड करण्यात आली."""
4636,1,"""संध्याकाळी बागेत लहान मुले खूप खेळत होती."""
4637,1,"""आज मोबाईलच्या बॅटरीचा वापर कमी झाला."""
4638,1,"""शिक्षकांनी विद्यार्थ्यांना अभ्यासासाठी प्रोत्साहित केले."""
4639,1,"""आज शेतातील पिकांना वेळेवर पाणी मिळाले."""
4640,1,"""गावात नवीन वाचनालय सुरू झाल्याने सर्वांना आनंद झाला."""
4641,1,"""आज सकाळी हवेमध्ये छान गारवा जाणवत होता."""
4642,1,"""नवीन प्रकल्पाचे नियोजन आज पूर्ण झाले."""
4643,1,"""आज घरातील सर्व कामे वेळेत संपली."""
4644,1,"""आजच्या बैठकीत सर्वांनी एकत्र काम करण्याचा निर्णय घेतला."""
4645,1,"""मुलांनी चित्रकला स्पर्धेत सुंदर चित्रे काढली."""
4646,1,"""आज भाजीमंडईत सर्व प्रकारची फळे उपलब्ध होती."""
4647,1,"""सकाळी लवकर उठल्यामुळे दिवसभराचे नियोजन छान झाले."""
4648,1,"""आज कार्यालयात नवीन सहकाऱ्यांचे स्वागत केले."""
4649,1,"""संध्याकाळी मंदिराच्या प्रांगणात प्रसन्न वातावरण होते."""
4650,1,"""आज वाचनालयात शांतपणे दोन तास अभ्यास केला."""
4651,1,"""घरातील लहान मुलांनी घरात खूप धम्माल केली."""
4652,1,"""आज संगणकाचे नवीन सॉफ्टवेअर अपडेट केले."""
4653,1,"""गावातील सर्व ग्रामस्थ एकत्र येऊन बैठकीला उपस्थित राहिले."""
4654,1,"""आज सकाळी गरम पाण्याचा घोट घेत दिवसाची सुरुवात केली."""
4655,1,"""शिक्षकांनी कठीण प्रश्न अगदी सोप्या भाषेत समजवला."""
4656,1,"""आज बाजारात आवश्यक वस्तूंची खरेदी केली."""
4657,1,"""संध्याकाळच्या वेळी मोकळ्या हवेत फिरणे आरोग्यासाठी चांगले असते."""
4658,1,"""आज महाविद्यालयात नवीन विषयाचे व्याख्यान आयोजित केले होते."""
4659,1,"""नवीन तंत्रज्ञान शिकल्यामुळे काम सोपे आणि जलद झाले."""
4660,1,"""आज शहरात सर्वत्र शांतता आणि सुव्यवस्था होती."""
4661,1,"""मित्रांसोबत आज नवीन विषयावर चर्चा केली."""
4662,1,"""आज शेतात भाजीपाला चांगल्या प्रमाणात पिकला आहे."""
4663,1,"""शाळेतील क्रीडा स्पर्धेत सर्वांनी उत्साहाने भाग घेतला."""
4664,1,"""आज बँकेचे नवीन कार्ड वेळेत मिळाले."""
4665,1,"""संध्याकाळी घराच्या बाल्कनीत बसून चहा घेतला."""
4666,1,"""आज कार्यालयात सर्वांनी मिळून यश साजरे केले."""
4667,1,"""मुलांनी आपल्या अभ्यासाची वही पूर्ण केली."""
4668,1,"""आज शहरात विविध ठिकाणी नवीन झाडे लावली."""
4669,1,"""सकाळचा योगाभ्यास आरोग्यासाठी खूप फायदेशीर ठरला."""
4670,1,"""आज घरातील साफसफाई व्यवस्थित पूर्ण झाली."""
4671,1,"""नवीन वर्षाचे नियोजन आज कागदावर उतरवले."""
4672,1,"""आज वाचनालयातील जुनी पुस्तके आवरून ठेवली."""
4673,1,"""गावातील आरोग्य केंद्रात सर्व सोयी उपलब्ध आहेत."""
4674,1,"""आज सकाळी पक्षांना धान्य आणि पाणी दिले."""
4675,1,"""शिक्षकांनी विद्यार्थ्यांच्या प्रगतीचे कौतुक केले."""
4676,1,"""आज कार्यालयात नवीन आव्हान यशस्वीपणे पेलले."""
4677,1,"""संध्याकाळी नदीकाठी बसून शांतता अनुभवावयास मिळाली."""
4678,1,"""आज नवीन मोबाईलचे सर्व फीचर्स समजून घेतले."""
4679,1,"""घरामध्ये आज दिव्यांची छान रोषणाई केली होती."""
4680,1,"""आज सकाळी नियमित धावण्याचा सराव केला."""
4681,1,"""मित्राच्या मदतीने आज सर्व अडकलेली कामे सुटली."""
4682,1,"""आज भाजीवाल्याकडून ताज्या पालेभाज्या विकत घेतल्या."""
4683,1,"""शाळेत नवीन क्रीडा प्रकारांचे प्रशिक्षण सुरू झाले."""
4684,1,"""आजचा प्रवास अतिशय सुरक्षित आणि आनंदी झाला."""
4685,1,"""संध्याकाळी आकाशात सुंदर चांदण्या दिसत होत्या."""
4686,1,"""आजच्या कार्यशाळेत तज्ज्ञांनी मोलाचे मार्गदर्शन केले."""
4687,1,"""घरातील ज्येष्ठांसोबत वेळ घालवून ज्ञान वाढले."""
4688,1,"""आज सकाळी फिरायला गेल्यावर जुना मित्र भेटला."""
4689,1,"""नवीन पुस्तकाची काही प्रकरणे आज वाचून झाली."""
4690,1,"""आज कार्यालयात वेळेवर पोहचल्यामुळे सर्व कामे झाली."""
4691,1,"""गावात नवीन वीज खांब बसवण्यात आले."""
4692,1,"""आज लहान मुलांसाठी नवीन खेळणी विकत आणली."""
4693,1,"""सकाळी बागेतील फुलांचा छान सुगंध येत होता."""
4694,1,"""आज शहरात वाहतूक नियंत्रण व्यवस्था उत्तम होती."""
4695,1,"""विद्यार्थ्यांनी विज्ञान प्रकल्पाचे प्रात्यक्षिक दाखवले."""
4696,1,"""आज रात्रीचे जेवण खूपच चवदार आणि सात्विक होते."""
4697,1,"""घरातील सर्व सदस्यांनी एकत्र काम केले."""
4698,1,"""आज सकाळी व्यायामानंतर खूप ताजेतवाने वाटले."""
4699,1,"""नवीन विषयाची माहिती मिळवण्यासाठी इंटरनेटचा वापर केला."""
4700,1,"""आज ऑफिसच्या कामातून काही वेळ स्वतःसाठी मिळाला."""
4701,1,"""गावातील तलावात पाण्याचा साठा वाढला आहे."""
4702,1,"""आज बाजारात नवीन प्रकारच्या वस्तू पाहायला मिळाल्या."""
4703,1,"""संध्याकाळी मित्रांसोबत चहाच्या टपरीवर गप्पा मारल्या."""
4704,1,"""आज घराच्या अंगणात छान रांगोळी काढली होती."""
4705,1,"""शिक्षकांनी सर्व विद्यार्थ्यांना वेळेचे महत्त्व पटवून दिले."""
4706,1,"""आज सकाळी सूर्यास्ताचे दृश्य अप्रतिम दिसत होते."""
4707,1,"""वाचनालयात अभ्यासासाठी आवश्यक असलेली सर्व पुस्तके मिळाली."""
4708,1,"""आज घरात सर्वांनी एकत्र बसून जुने फोटो पाहिले."""
4709,1,"""नवीन प्रकल्पाची मंजुरी मिळाल्यामुळे सर्वांना आनंद झाला."""
4710,1,"""आज शहरात फिरताना छान निसर्गरम्य वातावरण होते."""
4711,1,"""मुलांनी मैदानावर क्रिकेटचा सामना रंगवला."""
4712,1,"""आज सकाळी वेळेत उठून कामाला सुरुवात केली."""
4713,1,"""ऑफिसमध्ये आज सर्वांनी एकत्र दुपारचे जेवण केले."""
4714,1,"""आज गावात आरोग्य तपासणी शिबीर आयोजित केले होते."""
4715,1,"""संध्याकाळी घराभोवती शांतता पसरली होती."""
4716,1,"""आज वाचनालयात नवीन मासिके वाचायला मिळाली."""
4717,1,"""आईच्या हाताची पुरणपोळी आज खूप छान झाली होती."""
4718,1,"""आज सकाळी योगासन केल्यामुळे मन प्रसन्न झाले."""
4719,1,"""नवीन कपडे शिवण्यासाठी शिंप्याकडे दिले."""
4720,1,"""आज शहरात विविध ठिकाणी स्वच्छता मोहीम राबवली."""
4721,1,"""गावातील विहिरीचे पाणी स्वच्छ करण्यात आले."""
4722,1,"""आज कार्यालयात सर्व कामे नियोजनानुसार झाली."""
4723,1,"""मुलांनी शाळेचा गृहपाठ वेळेत पूर्ण केला."""
4724,1,"""आज संध्याकाळी हलका पाऊस पडल्याने छान वाटले."""
4725,1,"""सकाळी उठल्यावर घरासमोरील झाडे सुंदर दिसत होती."""
4726,1,"""आज नवीन कला शिकण्याची इच्छा पूर्ण झाली."""
4727,1,"""घरातील सर्व वस्तू व्यवस्थित जागी ठेवल्या."""
4728,1,"""आज वाचनालयातून आवडते पुस्तक वाचण्यासाठी आणले."""
4729,1,"""मित्रांसोबत विकेंडला फिरायला जाण्याचे ठरले."""
4730,1,"""आज शहरात नवीन पार्कचे उद्घाटन झाले."""
4731,1,"""सकाळी नियमित चालल्यामुळे आरोग्यात सुधारणा होत आहे."""
4732,1,"""आज भाजीमंडईत गर्दी नेहमीपेक्षा कमी होती."""
4733,1,"""शिक्षकांनी विद्यार्थ्यांना नवीन धडा सोप्या पद्धतीने शिकवला."""
4734,1,"""आजच्या बैठकीत सर्वांनी आपली मते मोकळेपणाने मांडली."""
4735,1,"""घरामध्ये आज आनंदी आणि उत्साही वातावरण होते."""
4736,1,"""आज सकाळी पक्षांचा चिवचिवाट मनाला भावला."""
4737,1,"""नवीन संगणक खरेदी केल्यामुळे काम सोपे झाले."""
4738,1,"""आज ऑफीसमध्ये नवीन प्रकल्पाचे सादरीकरण झाले."""
4739,1,"""गावातील प्राथमिक शाळेत नवीन वर्गखोल्या बांधल्या."""
4740,1,"""आज संध्याकाळी घराच्या छतावरून सूर्यास्त पाहिला."""
4741,1,"""मुलांनी सुट्टीत नवीन हस्तकला शिकून घेतली."""
4742,1,"""आज बाजारातून घरातील सर्व किराणा सामान आणले."""
4743,1,"""सकाळच्या वेळेत ध्यानधारणा केल्याने एकाग्रता वाढते."""
4744,1,"""आज बँकेत नवीन बचत खाते यशस्वीरित्या उघडले."""
4745,1,"""वाचनालयातील सर्व वाचकांनी शांतता राखली होती."""
4746,1,"""आज घरातील रोपांना नवीन खत दिले."""
4747,1,"""मित्राने पाठवलेला संदेश वाचून आनंद झाला."""
4748,1,"""आज शहरात नवीन उड्डाणपुलाचे काम पूर्ण झाले."""
4749,1,"""सकाळी स्वच्छ हवेत श्वास घेतल्याने छान वाटले."""
4750,1,"""आज ऑफीसच्या कामाचा ताण खूप कमी होता."""
4751,1,"""गावात नवीन बससेवा सुरू झाल्यामुळे सोय झाली."""
4752,1,"""आज संध्याकाळी सुंदर गाणी ऐकत वेळ घालवला."""
4753,1,"""शिक्षकांनी विद्यार्थ्यांना परीक्षेसाठी शुभेच्छा दिल्या."""
4754,1,"""आज घरात सर्वांनी मिळून चवदार जेवण बनवले."""
4755,1,"""सकाळी उठल्यावर गरम चहा पिण्याची मजा वेगळीच असते."""
4756,1,"""आज वाचनालयात भरपूर नवीन माहिती शोधता आली."""
4757,1,"""नवीन कौशल्याचा सराव दररोज नियमितपणे सुरू आहे."""
4758,1,"""आज शहरातील बागेत लहान मुलांची खूप गर्दी होती."""
4759,1,"""गावातील सर्व रस्त्यांवर दिवे लावण्यात आले."""
4760,1,"""आज कार्यालयात सर्वांनी सहकार्याची भावना दाखवली."""
4761,1,"""मुलांनी शाळेतील खेळात प्रथम क्रमांक मिळवला."""
4762,1,"""आज संध्याकाळी आकाशाचा रंग निळा आणि गुलाबी दिसत होता."""
4763,1,"""सकाळी नियमित व्यायाम केल्याने दिवसभर ऊर्जा राहते."""
4764,1,"""आज घरातील सर्व कामे वेळेआधीच आटोपली."""
4765,1,"""नवीन पुस्तकाची प्रस्तावना खूपच रंजक होती."""
4766,1,"""आज बाजारात ताज्या फळांचा सुगंध येत होता."""
4767,1,"""गावातील स्वच्छता गृहांची नियमित साफसफाई केली जाते."""
4768,1,"""आज ऑफीसमध्ये नवीन सहकाऱ्यांशी छान ओळख झाली."""
4769,1,"""शिक्षकांनी सर्व शंकांचे निरसन वेळेत केले."""
4770,1,"""आज सकाळी वातावरणात आल्हाददायक थंड हवा होती."""
4771,1,"""घरासमोरील बागेत नवीन फुले फुलली आहेत."""
4772,1,"""आज वाचनालयात दिवसभर अभ्यास करून आनंद मिळाला."""
4773,1,"""मित्रांसोबत संध्याकाळी फिरायला जाणे नेहमीच छान असते."""
4774,1,"""आज शहरात वाहतूक नियमांचे तंतोतंत पालन केले गेले."""
4775,1,"""सकाळी लवकर उठून अभ्यास केल्याने विषय चांगला समजतो."""
4776,1,"""आज घरात सर्वांनी एकत्र बसून भविष्याचे नियोजन केले."""
4777,1,"""नवीन विषयाची उजळणी आज उत्तम प्रकारे झाली."""
4778,1,"""आजच्या संपूर्ण दिवसात मन अत्यंत शांत आणि प्रसन्न राहिले."""
4779,1,आज मी सकाळी लवकर उठून फिरायला गेलो.
4780,1,आज घरात सर्वांनी मिळून नाश्ता केला.
4781,1,शाळेत आज नवीन प्रकल्पाची माहिती देण्यात आली.
4782,1,आज कार्यालयात कामाचे नियोजन करण्यात आले.
4783,1,मी आज नवीन वही विकत घेतली.
4784,1,आज हवामान खूप स्वच्छ आहे.
4785,1,आज शेतात पाणी देण्याचे काम झाले.
4786,1,माझ्या मित्राने मला वाढदिवसाच्या शुभेच्छा दिल्या.
4787,1,मी आज नियमित व्यायाम केला.
4788,1,आज बाजारात ताजी फळे मिळाली.
4789,1,मी संध्याकाळी पुस्तक वाचले.
4790,1,आज शाळेत सर्व विद्यार्थी उपस्थित होते.
4791,1,आज मी माझी खोली स्वच्छ केली.
4792,1,आज आईने स्वादिष्ट जेवण बनवले.
4793,1,आज पावसामुळे वातावरण आल्हाददायक झाले.
4794,1,आज मित्रांसोबत छान वेळ घालवला.
4795,1,आज शिक्षकांनी नवीन धडा शिकवला.
4796,1,आज गावात स्वच्छता मोहीम झाली.
4797,1,आज मी नवीन पेन विकत घेतला.
4798,1,आज सकाळी पक्ष्यांचा सुंदर आवाज ऐकू आला.
4799,1,आज शेतात पीक चांगले दिसत आहे.
4800,1,आज कार्यालयातील सर्व संगणक व्यवस्थित चालू होते.
4801,1,आज गावातील रस्त्यांची दुरुस्ती झाली.
4802,1,आज आम्ही बागेत फेरफटका मारला.
4803,1,आज नवीन पुस्तक वाचायला सुरुवात केली.
4804,1,आज सकाळी हवेत गारवा होता.
4805,1,आज मी वेळेवर जेवलो.
4806,1,आज मुलांनी मैदानात खेळ खेळला.
4807,1,आज कार्यालयात बैठक यशस्वी झाली.
4808,1,आज आम्ही कुटुंबासोबत फिरायला गेलो.
4809,1,आज मी नवीन कौशल्य शिकायला सुरुवात केली.
4810,1,आज शाळेत चित्रकला स्पर्धा झाली.
4811,1,आज गावात नवीन बससेवा सुरू झाली.
4812,1,आज मी नवीन मोबाईल अपडेट केला.
4813,1,आज सकाळी सूर्यप्रकाश सुंदर होता.
4814,1,आज गावातील पाण्याचा पुरवठा नियमित होता.
4815,1,आज नवीन बूट घेतले.
4816,1,आज सर्वांनी मिळून घर साफ केले.
4817,1,आज आम्ही मंदिरात दर्शन घेतले.
4818,1,आज कार्यालयात प्रशिक्षण कार्यक्रम झाला.
4819,1,आज नवीन पिशवी विकत घेतली.
4820,1,आज सर्वांनी आनंदाने कार्यक्रमात भाग घेतला.
4821,1,आज सकाळी चालायला गेलो.
4822,1,आज कार्यालयात नवीन कल्पनांवर चर्चा झाली.
4823,1,आज नवीन फुले उमलली आहेत.
4824,1,आज शाळेत विज्ञान प्रयोग झाला.
4825,1,आज पावसामुळे झाडे हिरवीगार दिसत आहेत.
4826,1,आज विद्यार्थ्यांनी प्रकल्प सादर केला.
4827,1,आज सर्व काम नियोजनानुसार पूर्ण झाले.
4828,1,आज मित्रांनी मला मदत केली.
4829,1,आज सकाळी वातावरण प्रसन्न होते.
4830,1,आज कार्यालयात सर्वजण उत्साहात होते.
4831,1,आज मी वेळेवर अभ्यास केला.
4832,1,आज कुटुंबासोबत आनंदात वेळ घालवला.
4833,1,आज सर्वांनी एकमेकांना सहकार्य केले.
4834,1,आज शेतात भाजीपाल्याची चांगली वाढ झाली.
4835,1,आज रुग्णालयातील सेवा व्यवस्थित होती.
4836,1,आज मी नवीन वहीमध्ये लिहायला सुरुवात केली.
4837,1,आज शिक्षकांनी गृहपाठ तपासला.
4838,1,आज कार्यालयातील इंटरनेट सुरळीत होते.
4839,1,आज सकाळी चहा खूप छान होता.
4840,1,आज नवीन झाडांना पाणी घातले.
4841,1,आज घरातील बागेत फुले फुलली.
4842,1,आज मी नियमित चालण्याचा व्यायाम केला.
4843,1,आज मित्रांसोबत क्रिकेटचा सराव केला.
4844,1,आज सर्वांनी सणाची तयारी केली.
4845,1,आज कार्यालयात चांगले वातावरण होते.
4846,1,आज मी नवीन पेन वापरायला सुरुवात केली.
4847,1,आज घरात सर्वजण आनंदी होते.
4848,1,आज सर्वांनी कार्यक्रमाचा आनंद घेतला.
4849,1,आज शेतात पुरेसे पाणी उपलब्ध होते.
4850,1,आज सकाळी हलका वारा वाहत होता.
4851,1,आज शाळेच्या परिसरात स्वच्छता ठेवली गेली.
4852,1,आज कार्यालयातील काम वेळेत पूर्ण झाले.
4853,1,आज आम्ही कुटुंबासोबत संध्याकाळचा फेरफटका मारला.
4854,1,आज मी नवीन विषयाचा अभ्यास सुरू केला.
4855,1,आज सर्वांनी हसतमुखाने दिवसाची सुरुवात केली.
4856,1,आज मी सकाळी लवकर उठून चहा घेतला.
4857,1,आज घरातील सर्व कामे सुरळीत पार पडली.
4858,1,आज हवामान खूप आनंददायी आहे.
4859,1,आज मी नवीन पुस्तकाचे पहिले प्रकरण वाचले.
4860,1,आज मित्रांसोबत सकाळी चालायला गेलो.
4861,1,आज शाळेत सर्व वर्ग नियमित भरले.
4862,1,आज कार्यालयात नवीन प्रकल्प सुरू झाला.
4863,1,आज मी माझ्या आजोबांसोबत वेळ घालवला.
4864,1,आज बाजारातून ताज्या भाज्या आणल्या.
4865,1,आज मी नियमित व्यायाम पूर्ण केला.
4866,1,आज गावात स्वच्छता मोहीम आयोजित करण्यात आली.
4867,1,आज सर्व कर्मचारी वेळेवर उपस्थित होते.
4868,1,आज मी नवीन वहीमध्ये नोट्स लिहिल्या.
4869,1,आज मुलांनी आनंदाने खेळ खेळले.
4870,1,आज सकाळी वातावरण थंड आणि आल्हाददायक होते.
4871,1,आज कार्यालयातील बैठक फलदायी ठरली.
4872,1,आज शाळेत नवीन शिक्षक आले.
4873,1,आज मित्राने मला पुस्तक परत दिले.
4874,1,आज मी नवीन शब्द शिकला.
4875,1,आज बँकेत सर्व काम लवकर झाले.
4876,1,आज सकाळी पक्ष्यांचा किलबिलाट ऐकू आला.
4877,1,आज आम्ही कुटुंबासोबत जेवण केले.
4878,1,आज शेतात पाणी देण्यात आले.
4879,1,आज कार्यालयातील इंटरनेट व्यवस्थित चालू होते.
4880,1,आज विद्यार्थ्यांनी प्रयोगशाळेत प्रयोग केले.
4881,1,आज हवेत हलका गारवा जाणवत होता.
4882,1,आज बाजारात फळे ताजी होती.
4883,1,आज कार्यालयात नवीन संगणक बसवण्यात आला.
4884,1,आज गावातील रस्ते स्वच्छ होते.
4885,1,आज शेतातील पिके हिरवीगार दिसत होती.
4886,1,आज कुटुंबासोबत संध्याकाळी फिरायला गेलो.
4887,1,आज हवामान प्रवासासाठी योग्य होते.
4888,1,आज गावात नवीन दिवे लावण्यात आले.
4889,1,आज बागेत सुंदर फुले फुलली आहेत.
4890,1,आज नवीन मोबाईल अपडेट केला.
4891,1,आज मी नवीन कथा वाचली.
4892,1,आज मित्रांनी एकत्र क्रिकेट खेळले.
4893,1,आज हवामान स्वच्छ होते.
4894,1,आज गावातील आरोग्य केंद्रात तपासणी केली.
4895,1,आज सकाळी थंड वारा वाहत होता.
4896,1,आज नवीन वही विकत घेतली.
4897,1,आज शेतातील विहिरीत पुरेसे पाणी होते.
4898,1,आज कार्यालयात नवीन कर्मचारी सामील झाले.
4899,1,आज मी मित्राला भेटलो.
4900,1,आज शाळेत विज्ञान प्रदर्शन भरवण्यात आले.
4901,1,आज रस्ते स्वच्छ दिसत होते.
4902,1,आज मी सकाळी ध्यान केले.
4903,1,आज सर्व कर्मचारी आनंदी होते.
4904,1,आज गावातील पाणीपुरवठा नियमित होता.
4905,1,आज नवीन झाडे लावण्यात आली.
4906,1,आज हवामान ढगाळ होते.
4907,1,आज नवीन शब्दकोश विकत घेतला.
4908,1,आज सकाळी वातावरण शांत होते.
4909,1,आज मी मराठी कादंबरी वाचली.
4910,1,आज शाळेच्या परिसरात स्वच्छता राखली गेली.
4911,1,आज कार्यालयातील वातावरण आनंदी होते.
4912,1,आज शेतात तण काढण्यात आले.
4913,1,आज सकाळी चहा खूप स्वादिष्ट होता.
4914,1,आज नवीन चित्र काढले.
4915,1,आज कार्यालयात सर्व काम सुरळीत झाले.
4916,1,आज विद्यार्थ्यांनी वाचन स्पर्धेत भाग घेतला.
4917,1,आज नवीन अभ्यासक्रमाची सुरुवात झाली.
4918,1,आज शेतात भाजीपाला चांगला वाढत आहे.
4919,1,आज सर्वांनी आनंदाने कार्यक्रमात सहभाग घेतला.
4920,1,आज घरातील बागेत नवीन रोपे लावली.
4921,1,आज मी मित्रांसोबत संध्याकाळ घालवली.
4922,1,आज कार्यालयात चांगल्या कल्पनांची देवाणघेवाण झाली.
4923,1,आज नवीन पुस्तक ग्रंथालयातून आणले.
4924,1,आज गावातील मंदिरात भक्तांची उपस्थिती होती.
4925,1,आज मी वेळेवर सर्व कामे पूर्ण केली.
4926,1,आज हवामान खूप सुखद वाटत आहे.
4927,1,"""आज सकाळी सूर्याच्या कोवळ्या किरणांनी प्रसन्न वाटले."""
4928,1,"""घरामध्ये सकाळपासूनच उत्साह भरलेला होता."""
4929,1,"""आज वाचनालयात नवीन संदर्भ ग्रंथ उपलब्ध झाले."""
4930,1,"""सकाळच्या वेळी फिरायला गेल्यावर ताजी हवा मिळाली."""
4931,1,"""आईने आज सकाळी खूप सुंदर रांगोळी काढली होती."""
4932,1,"""आज ऑफिसमध्ये सर्वांनी एकत्र मिळून काम केले."""
4933,1,"""गावातील लहान मुलांनी सायकल चालवण्याचा आनंद घेतला."""
4934,1,"""आज बाजारात विविध प्रकारची ताजी फळे आली होती."""
4935,1,"""संध्याकाळी आकाशात पक्षांचे थवे उडताना दिसत होते."""
4936,1,"""मित्रांसोबत वीकेंडला भेटण्याचे नियोजन निश्चित झाले."""
4937,1,"""आजचा रेल्वे प्रवास अतिशय शांत आणि वेळेत झाला."""
4938,1,"""शाळेतील विद्यार्थ्यांनी आज नवीन चित्रकला शिकली."""
4939,1,"""आज सकाळी बागेतील सर्व कुंड्या व्यवस्थित आवरल्या."""
4940,1,"""नवीन भाषेतील काही शब्द आज शिकून झाले."""
4941,1,"""आज बँकेतील सर्व व्यवहारात सुरळीतपणा होता."""
4942,1,"""घरासमोरील रस्ता आज अगदी स्वच्छ दिसत होता."""
4943,1,"""आजच्या बैठकीत नवीन योजनेला मंजुरी मिळाली."""
4944,1,"""सकाळच्या कोवळ्या उन्हात बसून चहा पिणे खूप छान वाटले."""
4945,1,"""आज शहरातील मुख्य रस्त्यांवर छान शिस्त पाहायला मिळाली."""
4946,1,"""मुलांनी वर्गात अतिशय नम्रपणे उत्तर दिले."""
4947,1,"""आज शहरात नवीन वाचनालयाचे उद्घाटन झाले."""
4948,1,"""संध्याकाळी गच्चीवरून वारा अनुभवताना मन शांत झाले."""
4949,1,"""आज सकाळी नियमित प्राणायामाचा सराव केला."""
4950,1,"""गावातील नदीकाठी संध्याकाळी खूप प्रसन्न वाटत होते."""
4951,1,"""आज कार्यालयात संगणकाचे नवीन भाग बसवण्यात आले."""
4952,1,"""नवीन वर्षाचे कॅलेंडर आज भिंतीवर लावले."""
4953,1,"""आज आईसोबत बाजारात जाऊन घरातील आवश्यक सामान आणले."""
4954,1,"""मुलांनी विज्ञान प्रदर्शनात उत्तम सादरीकरण केले."""
4955,1,"""आजचा संपूर्ण दिवस अतिशय समाधानकारक गेला."""
4956,1,"""वाचनालयात आज भरपूर नवीन मासिके आली आहेत."""
4957,1,"""आज सकाळी पक्षांच्या मंजूळ आवाजाने जाग आली."""
4958,1,"""मित्राच्या सल्ल्यामुळे एका कठीण समस्येवर मार्ग निघाला."""
4959,1,"""आज शेतामध्ये नवीन पिकाची पेरणी पूर्ण झाली."""
4960,1,"""घरातील जुनी पुस्तके आवरून शेल्फमध्ये ठेवली."""
4961,1,"""आज शाळा लवकर सुटल्यामुळे खेळायला भरपूर वेळ मिळाला."""
4962,1,"""संध्याकाळी कुटुंबासोबत जुने कौटुंबिक व्हिडिओ पाहिले."""
4963,1,"""आज शहरात छान रिमझिम पाऊस पडला."""
4964,1,"""ऑफिसमधील सहकाऱ्यांनी सादरीकरणासाठी मदत केली."""
4965,1,"""आज नवीन रेसिपी वापरून छान सूप बनवले."""
4966,1,"""गावातील रस्त्यांवर नवीन पथदिवे लावण्यात आले."""
4967,1,"""आज सकाळी वर्तमानपत्र वाचताना भरपूर नवी माहिती मिळाली."""
4968,1,"""विद्यार्थ्यांनी गणिताचे कठीण प्रश्न सहज सोडवले."""
4969,1,"""आजच्या कार्यशाळेत नवीन संगणकीय कौशल्य शिकलो."""
4970,1,"""घरात नवीन प्रकारची रोपे लावून अंगण सजवले."""
4971,1,"""आज वेळेवर लोकल ट्रेन मिळाल्यामुळे काम सोपे झाले."""
4972,1,"""संध्याकाळी बागेत अनेक लोक फिरताना दिसत होते."""
4973,1,"""आज मोबाईलचा स्क्रीन टाईम खूपच कमी राहिला."""
4974,1,"""शिक्षकांनी विद्यार्थ्यांना नवीन स्पर्धांमध्ये भाग घेण्यास सुचवले."""
4975,1,"""आज शेतातील कामांना वेळेत पूर्ण करता आले."""
4976,1,"""गावात नवीन क्रीडा मैदान तयार झाल्याने मुले खूश झाली."""
4977,1,"""आज सकाळी हवेमध्ये छान गारवा आणि मंद वारा होता."""
4978,1,"""नवीन प्रकल्पाची पहिली पायरी आज यशस्वीरित्या पार पडली."""
4979,1,"""आज घरातील सर्व लहान-मोठी कामे वेळेवर झाली."""
4980,1,"""मित्रांसोबत कॉलेजच्या दिवसांच्या आठवणी ताजी केल्या."""
4981,1,"""आजच्या बैठकीत सर्वांनी एकमुखाने निर्णय घेतला."""
4982,1,"""मुलांनी रंगीबेरंगी कागदांपासून सुंदर वस्तू बनवल्या."""
4983,1,"""आज भाजीमंडईत सर्व प्रकारच्या ताज्या पालेभाज्या होत्या."""
4984,1,"""सकाळी लवकर उठून अभ्यासाला बसल्यामुळे भरपूर अभ्यास झाला."""
4985,1,"""आज कार्यालयात आलेल्या नवीन पाहुण्यांचे स्वागत केले."""
4986,1,"""संध्याकाळी मंदिरातील आरतीच्या वेळी प्रसन्न वातावरण होते."""
4987,1,"""आज वाचनालयात बसून शांतपणे दोन तास लेखन केले."""
4988,1,"""घरातील लहान मुलांनी खूप छान गाणी गाऊन दाखवली."""
4989,1,"""आज लॅपटॉपचे सॉफ्टवेअर नवीन व्हर्जनमध्ये अपडेट केले."""
4990,1,"""गावातील ग्रामपंचायतीची बैठक अतिशय शांततेत पार पडली."""
4991,1,"""आज सकाळी कोमट पाणी पिऊन आरोग्याची काळजी घेतली."""
4992,1,"""शिक्षकांनी कठीण संकल्पना सोप्या उदाहरणांनी पटवून दिली."""
4993,1,"""आज बाजारात जाऊन घरातील लागणाऱ्या वस्तू विकत घेतल्या."""
4994,1,"""संध्याकाळच्या वेळी मोकळ्या मैदानात फिरल्याने ताजेतवाने वाटले."""
4995,1,"""आज महाविद्यालयात क्रीडा सप्ताहाची सुरुवात झाली."""
4996,1,"""नवीन तंत्रज्ञानाच्या मदतीने ऑफिसचे काम अधिक सोपे झाले."""
4997,1,"""आज शहरात सर्वत्र वाहतूक सुरळीत आणि शांत होती."""
4998,1,"""घरातील सर्वांनी एकत्र बसून रात्री गप्पा मारल्या."""
4999,1,"""आज सकाळी निसर्गाच्या कुशीत काही वेळ शांततेत घालवला."""
5000,1,"""मित्रासोबत नवीन पुस्तकातील कल्पनेवर चर्चा केली."""
5001,1,"""आज शेतात भाजीपाल्याचे उत्तम पीक पाहायला मिळाले."""
5002,1,"""शाळेतील सांस्कृतिक कार्यक्रमासाठी मुलांनी छान सराव केला."""
5003,1,"""आज बँकेचे नवीन चेकबुक वेळेत प्राप्त झाले."""
5004,1,"""संध्याकाळी बाल्कनीत बसून पक्षी घराण्याकडे जाताना पाहिले."""
5005,1,"""आज कार्यालयात उत्तम कामगिरीबद्दल सहकाऱ्यांचे कौतुक झाले."""
5006,1,"""मुलांनी आपापला गृहपाठ वेळेत आणि व्यवस्थित पूर्ण केला."""
5007,1,"""आज शहरात ठिकठिकाणी नवीन झाडांची रोपे लावली."""
5008,1,"""सकाळचा योगाभ्यास मानसिक शांतीसाठी खूप उपयुक्त ठरला."""
5009,1,"""आज घरातील सर्व खोल्यांची स्वच्छता पूर्ण झाली."""
5010,1,"""नवीन वर्षाची उद्दिष्टे आज वहीत लिहून काढली."""
5011,1,"""आज वाचनालयातील कपाटांची पुनर्रचना करण्यात आली."""
5012,1,"""गावातील प्राथमिक आरोग्य केंद्रात सर्व वैद्यकीय सुविधा उपलब्ध झाल्या."""
5013,1,"""आज सकाळी पक्षांसाठी गच्चीवर धान्य आणि पाण्याची सोय केली."""
5014,1,"""शिक्षकांनी विद्यार्थ्यांच्या अभ्यासातील प्रगतीची नोंद घेतली."""
5015,1,"""आज कार्यालयात नवीन आव्हानात्मक प्रोजेक्ट स्वीकारला."""
5016,1,"""संध्याकाळी तलावाकाठी बसून वाऱ्याची झुळूक अनुभवली."""
5017,1,"""आज नवीन मोबाईलमधील महत्त्वाच्या सेटिंग्ज समजून घेतल्या."""
5018,1,"""घरामध्ये आज दिव्यांचा प्रकाश खूप छान दिसत होता."""
5019,1,"""आज सकाळी धावण्याचा सराव करून खूप छान वाटले."""
5020,1,"""मित्राच्या सहकार्याने आजचा कठीण प्रश्न सहज सुटला."""
5021,1,"""आज भाजीमंडईतून ताजी फळे आणि भाज्या विकत आणल्या."""
5022,1,"""शाळेत नवीन व्यायाम प्रकारांचे वर्ग सुरू झाले."""
5023,1,"""आजचा रस्ता प्रवास अतिशय सुरक्षित आणि सुखकर झाला."""
5024,1,"""संध्याकाळी आकाशात निरभ्र चांदण्यांचे दृश्य सुंदर होते."""
5025,1,"""आजच्या चर्चासत्रात तज्ज्ञांनी मोलाचे विचार मांडले."""
5026,1,"""घरातील मोठ्यांचे अनुभव ऐकून खूप काही शिकायला मिळाले."""
5027,1,"""आज सकाळी फिरताना जुने शेजारी अचानक भेटले."""
5028,1,"""नवीन पुस्तकातील काही रंजक अध्याय आज वाचले."""
5029,1,"""आज कार्यालयात सर्व कामे वेळेत पूर्ण झाल्याने समाधान वाटले."""
5030,1,"""गावात नवीन सौर ऊर्जेचे दिवे बसवण्यात आले."""
5031,1,"""आज लहान मुलांसाठी मनोरंजक पुस्तके विकत आणली."""
5032,1,"""सकाळी बागेतील मोगऱ्याच्या फुलांचा छान सुवास येत होता."""
5033,1,"""आज शहरात वाहतूक व्यवस्थापनाची कामे वेगात झाली."""
5034,1,"""विद्यार्थ्यांनी भूगोलाचे नकाशे अतिशय अचूक काढले."""
5035,1,"""आज रात्रीचे जेवण सर्वांनी एकत्र बसून आनंदाने घेतले."""
5036,1,"""घरातील सर्व सदस्यांनी मिळून घराची आरास केली."""
5037,1,"""आज सकाळी व्यायामानंतर शरीरात नवीन ऊर्जा आली."""
5038,1,"""नवीन विषयाचा सखोल अभ्यास करण्यासाठी इंटरनेटची मदत घेतली."""
5039,1,"""आज ऑफिसच्या कामातून थोडा वेळ काढून आराम केला."""
5040,1,"""गावातील मुख्य तलावातील पाण्याची पातळी उत्तम आहे."""
5041,1,"""आज बाजारात अनेक नवीन वस्तू विक्रीसाठी उपलब्ध होत्या."""
5042,1,"""संध्याकाळी मित्रांसोबत चहा घेताना भरपूर हसलो."""
5043,1,"""आज घराच्या अंगणात सुंदर फुलांची सजावट केली होती."""
5044,1,"""शिक्षकांनी विद्यार्थ्यांना वेळेचे नियोजन कसे करावे हे शिकवले."""
5045,1,"""आज सकाळी उगवत्या सूर्याचे रूप अत्यंत मनमोहक दिसत होते."""
5046,1,"""वाचनालयात सर्व वाचकांसाठी आवश्यक त्या सोयी होत्या."""
5047,1,"""आज घरात जुने फोटो पाहताना जुन्या आठवणी ताज्या झाल्या."""
5048,1,"""नवीन कामाची मंजुरी मिळाल्यामुळे सर्वांच्या चेहऱ्यावर आनंद होता."""
5049,1,"""आज शहरात फिरताना अतिशय प्रसन्न वातावरण जाणवले."""
5050,1,"""मुलांनी मैदानावर फुटबॉलचा छान सामना खेळला."""
5051,1,"""आज सकाळी वेळेत उठून कामाची आखणी केली."""
5052,1,"""ऑफिसमध्ये आज दुपारी सर्वांनी मिळून सुग्रास भोजन केले."""
5053,1,"""आज गावात मोफत आरोग्य तपासणी शिबीर पार पडले."""
5054,1,"""संध्याकाळी घराभोवती शांत आणि प्रसन्न वातावरण पसरले होते."""
5055,1,"""आज वाचनालयात नवीन शैक्षणिक मासिके वाचायला मिळाली."""
5056,1,"""आईच्या हाताची पुरणपोळी आज खूपच चवदार झाली होती."""
5057,1,"""आज सकाळी योगासने केल्यामुळे शरीरातील आळस निघून गेला."""
5058,1,"""नवीन कपडे घेण्यासाठी आज दुकानात फेरफटका मारला."""
5059,1,"""आज शहरात स्वच्छता मोहिमेअंतर्गत कचरा व्यवस्थापन केले."""
5060,1,"""गावातील विहिरीचे पाणी स्वच्छ आणि पिण्यायोग्य आहे."""
5061,1,"""आज कार्यालयात सर्व कामे नियोजित वेळेनुसार पूर्ण झाली."""
5062,1,"""मुलांनी शाळेतील सर्व उपक्रमात आवडीने भाग घेतला."""
5063,1,"""आज संध्याकाळी हलक्या पावसाच्या सरींनी हवा थंड झाली."""
5064,1,"""सकाळी उठल्यावर बागेतील रंगीबेरंगी फुले पाहून मन प्रसन्न झाले."""
5065,1,"""आज नवीन कला शिकण्याची माझी खूप जुनी इच्छा पूर्ण झाली."""
5066,1,"""घरातील सर्व कपडे नीट आवरून कपाटात ठेवले."""
5067,1,"""आज वाचनालयातून छान लघुकथांचे पुस्तक आणले."""
5068,1,"""मित्रांसोबत पुढील आठवड्यात ट्रेकिंगला जाण्याचे ठरले."""
5069,1,"""सकाळी नियमित चालण्याने प्रकृती उत्तम राहते."""
5070,1,"""आज भाजी बाजारात गर्दी कमी असल्यामुळे पटकन काम झाले."""
5071,1,"""शिक्षकांनी विद्यार्थ्यांना नवीन धडा अतिशय सोप्या पद्धतीने समजावला."""
5072,1,"""आजच्या बैठकीत सर्वांनी एकत्र येऊन कामाची विभागणी केली."""
5073,1,"""घरामध्ये आज संपूर्ण दिवस आनंदी वातावरण होते."""
5074,1,"""आज सकाळी पक्षांच्या किलबिलाटाने प्रसन्न प्रभात झाली."""
5075,1,"""नवीन संगणक खरेदी केल्यामुळे काम जलद गतीने सुरू झाले."""
5076,1,"""आज ऑफिसमध्ये नवीन प्रकल्पाचे प्रात्यक्षिक दाखवले गेले."""
5077,1,"""गावातील प्राथमिक शाळेची इमारत छान रंगवली आहे."""
5078,1,"""आज संध्याकाळी घराच्या गच्चीवरून सूर्यास्त पाहण्याचा आनंद घेतला."""
5079,1,"""मुलांनी सुट्ट्यांच्या काळात कागदी वस्तू बनवण्याची कला शिकली."""
5080,1,"""आज बाजारातून आवश्यक असणारा सर्व किराणा माल आणला."""
5081,1,"""सकाळच्या वेळेत ध्यान केल्यामुळे मनाची एकाग्रता वाढली."""
5082,1,"""आज बँकेत नवीन खाते उघडण्याची प्रक्रिया सहज पार पडली."""
5083,1,"""वाचनालयातील सर्व वाचकांनी नियमांचे तंतोतंत पालन केले."""
5084,1,"""आज घरातील सर्व कुंड्यांमधील रोपांना नवीन खत दिले."""
5085,1,"""मित्राने पाठवलेल्या संदेशामुळे छान मार्गदर्शन मिळाले."""
5086,1,"""आज शहरात नवीन उड्डाणपूल वाहतुकीसाठी सज्ज झाला."""
5087,1,"""सकाळी मोकळ्या हवेत दीर्घ श्वास घेतल्याने छान वाटले."""
5088,1,"""आज ऑफीसच्या कामाचा ताण खूपच कमी जाणवला."""
5089,1,"""गावात नवीन बस सेवा सुरू झाल्याने प्रवाशांची सोय झाली."""
5090,1,"""आज संध्याकाळी हलके संगीत ऐकत मन हलके केले."""
5091,1,"""शिक्षकांनी विद्यार्थ्यांना परीक्षेसाठी मोलाचा सल्ला दिला."""
5092,1,"""आज घरात सर्वांनी मिळून आवडीचे पदार्थ तयार केले."""
5093,1,"""सकाळी उठल्या उठल्या गरम चहा पिण्याचा आनंद काही वेगळाच असतो."""
5094,1,"""आज वाचनालयात भरपूर नवीन माहिती वाचायला मिळाली."""
5095,1,"""नवीन कौशल्याचा सराव दररोज न चुकता सुरू आहे."""
5096,1,"""आज शहरातील बागेत लहान मुलांची खेळण्यासाठी गर्दी झाली होती."""
5097,1,"""गावातील सर्व रस्त्यांवर पथदिवे व्यवस्थित चालू होते."""
5098,1,"""आज कार्यालयात सर्वांनी एकमेकांना मदतीचा हात दिला."""
5099,1,"""मुलांनी शाळेच्या धावण्याच्या शर्यतीत यश मिळवले."""
5100,1,"""आज संध्याकाळी आकाशात सोनेरी आणि निळे रंग पसरले होते."""
5101,1,"""सकाळी नियमित व्यायाम केल्याने दिवसभर ताजेतवाने वाटते."""
5102,1,"""आज घरातील सर्व कामे ठरलेल्या वेळेच्या आधीच आटोपली."""
5103,1,"""नवीन पुस्तकाची प्रस्तावना अत्यंत प्रभावी आणि वाचनीय होती."""
5104,1,"""आज बाजारात विविध प्रकारच्या फुलांचा सुंदर सुगंध पसरला होता."""
5105,1,"""गावातील आरोग्य केंद्राची स्वच्छता उत्तम राखली जाते."""
5106,1,"""आज ऑफिसमध्ये नवीन सहकाऱ्यांशी छान चर्चा झाली."""
5107,1,"""शिक्षकांनी सर्व विद्यार्थ्यांच्या शंकांचे निरसन केले."""
5108,1,"""आज सकाळी हवेत एक वेगळाच निसर्गरम्य गारवा होता."""
5109,1,"""घरासमोरील बागेतील सर्व रोपे हिरवीगार दिसत आहेत."""
5110,1,"""आज वाचनालयात दिवसभर मन लावून अभ्यास केला."""
5111,1,"""मित्रांसोबत संध्याकाळी गप्पा मारणे नेहमीच आनंददायी असते."""
5112,1,"""आज शहरात वाहतुकीच्या नियमांचे सर्वांनी पालन केले."""
5113,1,"""सकाळी उठून वाचन केल्याने अभ्यासाची एकाग्रता वाढते."""
5114,1,"""आज घरात सर्व कुटुंबाने एकत्र बसून भविष्याची चर्चा केली."""
5115,1,"""नवीन विषयाची उजळणी आज उत्तम प्रकारे पूर्ण झाली."""
5116,1,"""आजचा संपूर्ण दिवस शांत, सकारात्मक आणि समाधानकारक गेला."""
5117,1,"""आज सकाळी पक्षांचा मंजूळ आवाज ऐकून जाग आली."""
5118,1,"""घराभोवतीचा परिसर स्वच्छ आणि सुंदर दिसत आहे."""
5119,1,"""आज वाचनालयात नवीन संदर्भ पुस्तके उपलब्ध झाली."""
5120,1,"""सकाळच्या वेळेत फिरायला गेल्याने खूप ताजेतवाने वाटले."""
5121,1,"""आईने आज सकाळी अतिशय चवदार नाश्ता बनवला."""
5122,1,"""आज ऑफिसमध्ये नवीन प्रकल्पाची रूपरेषा ठरवण्यात आली."""
5123,1,"""गावातील मुलांनी मैदानावर उत्साहाने खेळ खेळले."""
5124,1,"""आज बाजारात अतिशय ताजी आणि हिरवी भाजी मिळाली."""
5125,1,"""संध्याकाळी आकाशातील केशरी रंग अत्यंत मनमोहक दिसत होता."""
5126,1,"""आजचा बस प्रवास खूपच सोपा आणि सुखकर झाला."""
5127,1,"""शाळेतील विद्यार्थ्यांनी आज नवीन प्रयोग सादर केले."""
5128,1,"""आज सकाळी बागेतील झाडांना पाणी देऊन मन प्रसन्न झाले."""
5129,1,"""नवीन भाषेतील काही सोपे शब्द आज शिकलो."""
5130,1,"""आजच्या बैठकीत महत्त्वाच्या मुद्द्यांवर सविस्तर चर्चा झाली."""
5131,1,"""सकाळच्या कोवळ्या उन्हात बसून चहा पिण्याचा आनंद वेगळाच असतो."""
5132,1,"""आज शहरातील मुख्य रस्त्यांवर वाहतूक सुरळीत होती."""
5133,1,"""विद्यार्थ्यांनी वर्गात शिक्षकांचे प्रश्न सहज सोडवले."""
5134,1,"""आज सकाळी नियमित व्यायामाचा सराव पूर्ण केला."""
5135,1,"""गावातील तलावाकाठी संध्याकाळी खूप शांत वातावरण होते."""
5136,1,"""आज कार्यालयात नवीन सॉफ्टवेअर वापरण्यास सुरुवात केली."""
5137,1,"""नवीन वर्षाची डायरी आज लिहायला सुरुवात केली."""
5138,1,"""आज आईसोबत बाजारात जाऊन घरातील आवश्यक वस्तू आणल्या."""
5139,1,"""आजचा संपूर्ण दिवस अतिशय सकारात्मक आणि शांत गेला."""
5140,1,"""वाचनालयात आज अनेक नवीन मासिके वाचायला मिळाली."""
5141,1,"""आज सकाळी बागेतील फुलांचा सुवास मन प्रसन्न करून गेला."""
5142,1,"""मित्राच्या चांगल्या सल्ल्यामुळे कठीण काम सोपे झाले."""
5143,1,"""आज शेतामध्ये नवीन पिकाची लावड पूर्ण झाली."""
5144,1,"""घरातील जुनी पुस्तके आवरून व्यवस्थित ठेवली."""
5145,1,"""आज शाळा वेळेवर सुटल्यामुळे खेळायला वेळ मिळाला."""
5146,1,"""संध्याकाळी कुटुंबासोबत जुने कौटुंबिक फोटो पाहिले."""
5147,1,"""आज शहरात हलक्या पावसाच्या सरी बरसल्या."""
5148,1,"""ऑफिसमधील सहकाऱ्यांनी सादरीकरणासाठी मोलाची मदत केली."""
5149,1,"""आज नवीन रेसिपी वापरून चवदार पदार्थ बनवला."""
5150,1,"""आज सकाळी वर्तमानपत्र वाचून भरपूर नवी माहिती मिळाली."""
5151,1,"""विद्यार्थ्यांनी गणिताचे प्रश्न अगदी सहज सोडवले."""
5152,1,"""आजच्या कार्यशाळेत नवीन तांत्रिक कौशल्य शिकलो."""
5153,1,"""घरात नवीन प्रकारची रोपे आणून लावली."""
5154,1,"""आज मोबाईलचा वापर कमी करून निसर्गाचा आनंद घेतला."""
5155,1,"""शिक्षकांनी विद्यार्थ्यांना अभ्यासात मदत केली."""
5156,1,"""गावात नवीन क्रीडा मैदान तयार झाल्याने मुले आनंदी झाली."""
5157,1,"""नवीन प्रकल्पाचे काम आज यशस्वीरित्या सुरू झाले."""
5158,1,"""आज कार्यालयात नवीन सहकाऱ्यांचे मनःपूर्वक स्वागत केले."""
5159,1,"""आज संगणकाचे नवीन अपडेट यशस्वीरित्या पूर्ण झाले."""
5160,1,"""आज सकाळी कोमट पाणी पिऊन दिवसाची सुरुवात केली."""
5161,1,"""शिक्षकांनी कठीण संकल्पना सोप्या भाषेत समजवली."""
5162,1,"""संध्याकाळच्या वेळी मोकळ्या हवेत फिरणे आरोग्यासाठी फायदेशीर असते."""
5163,1,"""मित्रांसोबत आज नवीन विषयावर छान चर्चा झाली."""
5164,1,"""आज बँकेचे नवीन काम वेळेत पूर्ण झाले."""
5165,1,"""मुलांनी आपल्या अभ्यासाची वही वेळेत पूर्ण केली."""
5166,1,"""नवीन विषयाची माहिती मिळवण्यासाठी पुस्तकांची मदत घेतली."""
5167,1,"""आज बाजारात अनेक नवीन वस्तू पाहायला मिळाल्या."""
5168,1,"""संध्याकाळी मित्रांसोबत चहा पिण्याचा आनंद घेतला."""
5169,1,"""आज सकाळी सूर्योदयाचे दृश्य अप्रतिम दिसत होते."""
5170,1,"""आजचा संपूर्ण दिवस अतिशय फलदायी आणि उत्साही ठरला."""
5171,1,"""सकाळी प्राणायाम केल्यामुळे मन शांत आणि स्थिर राहिले."""
5172,1,"""आज घरातील सर्व वनस्पतींची छाटणी केली."""
5173,1,"""मित्राने आणलेली भेटवस्तू खूपच सुंदर होती."""
5174,1,"""आज बाजारात नवीन प्रकारची मातीची भांडी पाहायला मिळाली."""
5175,1,"""शाळेच्या ग्रंथालयात नवीन कथांची पुस्तके जोडली गेली."""
5176,1,"""आज ऑफिसमध्ये सर्व कामे सुरळीत पार पडली."""
5177,1,"""संध्याकाळी आकाशात ढगांची सुंदर आरास झाली होती."""
5178,1,"""गावातील विहिरीची दुरुस्ती पूर्ण झाली आहे."""
5179,1,"""आज सकाळी ताजी फळे खाऊन दिवसाची सुरुवात केली."""
5180,1,"""नवीन विषयाची माहिती गोळा करण्यात वेळ छान गेला."""
5181,1,"""आजच्या क्रीडा सामन्यात आमच्या संघाने विजय मिळवला."""
5182,1,"""मुलांनी सुट्टीत नवीन कोडी सोडवण्याचा आनंद घेतला."""
5183,1,"""आज शहरात मोफत पुस्तक प्रदर्शन आयोजित केले होते."""
5184,1,"""घरातील ज्येष्ठांचे मार्गदर्शन नेहमीच मोलाचे ठरते."""
5185,1,"""आज वेळेवर काम पूर्ण झाल्यामुळे घरी लवकर आलो."""
5186,1,"""सकाळच्या हवेत फिरल्याने मनाला ताजेतवाने वाटते."""
5187,1,"""गावातील शेतकर्‍यांनी नवीन तंत्रज्ञानाचा वापर सुरू केला."""
5188,1,"""आज आईच्या मदतीने नवीन पाककृती शिकलो."""
5189,1,"""शिक्षकांनी वर्गात विद्यार्थ्यांना प्रेरणादायी गोष्ट सांगितली."""
5190,1,"""आज ऑफिसच्या सहकाऱ्यांसोबत चहाचा आनंद घेतला."""
5191,1,"""संध्याकाळी बाल्कनीत बसून पक्ष्यांचे निरीक्षण केले."""
5192,1,"""आज बाजारातून घरासाठी सुंदर पडदे खरेदी केले."""
5193,1,"""शाळेत आज वृक्षारोपण सप्ताह साजरा करण्यात आला."""
5194,1,"""आजचा प्रवास विनासायास आणि आरामदायक झाला."""
5195,1,"""नवीन संगणकावर काम करणे खूप सोपे वाटत आहे."""
5196,1,"""घरातील लहान मुलांनी घरात सुंदर रांगोळी काढली."""
5197,1,"""आज ऑफीसमध्ये नवीन धोरणांची माहिती देण्यात आली."""
5198,1,"""आज वाचनालयात अभ्यासासाठी छान शांतता होती."""
5199,1,"""संध्याकाळी मित्रांसोबत गप्पा मारताना वेळेचे भान राहिले नाही."""
5200,1,"""आज शहरात नवीन बस मार्ग सुरू करण्यात आला."""
5201,1,"""सकाळी स्वच्छ हवेत व्यायाम करणे आरोग्यासाठी उत्तम असते."""
5202,1,"""आज घरातील सर्व उपकरणांची स्वच्छता केली."""
5203,1,"""मुलांनी शाळेतील विज्ञान प्रदर्शनात पारितोषिक जिंकले."""
5204,1,"""आजच्या बैठकीत नवीन कामाचे नियोजन पूर्ण झाले."""
5205,1,"""नवीन वर्षाची सुरुवात सकारात्मक विचारांनी केली."""
5206,1,"""आज सकाळी निसर्गाचा आस्वाद घेत फिरायला गेलो."""
5207,1,"""शिक्षकांनी विद्यार्थ्यांच्या अभ्यासाची प्रशंसा केली."""
5208,1,"""आज ऑफिसमध्ये नवीन प्रकल्पाचे काम वेगात सुरू झाले."""
5209,1,"""गावातील मंदिरात आज विशेष उत्सवाचे आयोजन होते."""
5210,1,"""आज बाजारात ताजे आणि गोड आंबे मिळाले."""
5211,1,"""संध्याकाळी आकाशात चंद्र अतिशय तेजस्वी दिसत होता."""
5212,1,"""आज वाचनालयातून नवीन ऐतिहासिक पुस्तक आणले."""
5213,1,"""मित्रांसोबत आज सायंकाळी क्रीडांगणावर खेळलो."""
5214,1,"""आज घरातील सर्व कौटुंबिक कामे वेळेत पूर्ण झाली."""
5215,1,"""सकाळी योगासने केल्यामुळे शरीरात ऊर्जा टिकून राहिली."""
5216,1,"""आज शहरात सांस्कृतिक कार्यक्रमाची रेलचेल होती."""
5217,1,"""गावातील शेतकऱ्यांनी चांगल्या पिकासाठी शेतात कष्ट घेतले."""
5218,1,"""आज ऑफिसमध्ये नवीन सहकाऱ्यांना मदत केली."""
5219,1,"""शिक्षकांनी विद्यार्थ्यांना नवीन विषयाची आवड निर्माण केली."""
5220,1,"""आज सकाळी बागेतील झाडांना खत दिले."""
5221,1,"""संध्याकाळी सूर्यास्त पाहण्यासाठी टेकडीवर गेलो होतो."""
5222,1,"""आज घरातील सर्व वस्तू नीटनेटक्या सजवून ठेवल्या."""
5223,1,"""नवीन कला प्रकार शिकताना खूप आनंद झाला."""
5224,1,"""आज वेळेवर जेवण केल्याने आरोग्य उत्तम राहते."""
5225,1,"""वाचनालयात आज अनेक नवीन अभ्यासक उपस्थित होते."""
5226,1,"""आज शहरात नवीन खेळाच्या मैदानाचे उद्घाटन झाले."""
5227,1,"""गावातील पाणीपुरवठा व्यवस्था अधिक सक्षम झाली आहे."""
5228,1,"""आज सकाळी पक्षांच्या चिवचिवाटाने मन प्रसन्न झाले."""
5229,1,"""मुलांनी मैदानावर विविध खेळ आवडीने खेळले."""
5230,1,"""आज ऑफिसच्या कामातून वेळेवर सुटका झाली."""
5231,1,"""संध्याकाळी घराच्या गच्चीवर फिरण्याचा आनंद घेतला."""
5232,1,"""आज भाजीमंडईत सर्व भाज्या रास्त दरात मिळाल्या."""
5233,1,"""शिक्षकांनी विद्यार्थ्यांच्या शंकांचे निरसन केले."""
5234,1,"""आज घरात सर्वांनी मिळून जुने गाणे ऐकले."""
5235,1,"""सकाळी लवकर उठल्यामुळे दिवसभरात भरपूर कामे झाली."""
5236,1,"""आज वाचनालयात नवीन नियतकालिके वाचायला मिळाली."""
5237,1,"""गावातील रस्त्यांच्या दुतर्फा नवीन रोपे लावली."""
5238,1,"""आज ऑफिसमध्ये नवीन कामगिरीबद्दल कौतुक झाले."""
5239,1,"""संध्याकाळी मंदिराच्या शांत वातावरणात काही वेळ बसलो."""
5240,1,"""आज शहरात स्वच्छता मोहिमेला मोठा प्रतिसाद मिळाला."""
5241,1,"""सकाळी कोवळ्या उन्हात बसल्याने शरीराला D व्हिटॅमिन मिळते."""
5242,1,"""आज घरातील जुने कागदपत्र व्यवस्थित फायलीत ठेवले."""
5243,1,"""मुलांनी शाळेच्या सांस्कृतिक कार्यक्रमात भाग घेतला."""
5244,1,"""आज नवीन पुस्तक वाचून मनाला नवीन विचार मिळाले."""
5245,1,"""शिक्षकांनी विद्यार्थ्यांना अभ्यासाच्या सोप्या टिप्स दिल्या."""
5246,1,"""आज सकाळी फिरायला गेल्यावर ताजी हवा अनुभवायला मिळाली."""
5247,1,"""आज ऑफिसमध्ये सर्व कामे नियोजनानुसार पार पडली."""
5248,1,"""संध्याकाळी कुटुंबासोबत बागेत फेरफटका मारला."""
5249,1,"""आज वाचनालयात अतिशय अभ्यासू वातावरण होते."""
5250,1,"""मित्राने पाठवलेला संदेश मनाला स्पर्श करून गेला."""
5251,1,"""आज शहरात नवीन कला प्रदर्शनाचे आयोजन केले होते."""
5252,1,"""सकाळी नियमित व्यायाम केल्याने तंदुरुस्ती राहते."""
5253,1,"""आज घरातील सर्व झाडांची काळजी घेतली."""
5254,1,"""मुलांनी गृहपाठ वेळेत पूर्ण करून दाखवला."""
5255,1,"""आज नवीन विषयाचा अभ्यास करण्यास आनंद वाटला."""
5256,1,"""गावातील तलावाकाठी नवीन पथदिवे लावण्यात आले."""
5257,1,"""आज ऑफिसच्या कामात नवीन अनुभव मिळाला."""
5258,1,"""संध्याकाळी थंड वाऱ्याची झुळूक मनाला उल्हासित करून गेली."""
5259,1,"""आज बाजारात नवीन प्रकारची फळे पाहायला मिळाली."""
5260,1,"""शिक्षकांनी विद्यार्थ्यांना नेहमी सत्य बोलण्याचा सल्ला दिला."""
5261,1,"""आज सकाळी उठून आईच्या कामात मदत केली."""
5262,1,"""वाचनालयातील पुस्तकांची मांडणी अतिशय छान आहे."""
5263,1,"""आज घरात सर्वांनी मिळून सण उत्साहाने साजरा केला."""
5264,1,"""सकाळी लवकर उठल्यामुळे मन दिवसभर प्रसन्न राहिले."""
5265,1,"""आज शहरात वाहतुकीची कोंडी पाहायला मिळाली नाही."""
5266,1,"""गावातील शाळेत नवीन संगणक आणले गेले."""
5267,1,"""आज ऑफिसमध्ये नवीन योजनेची घोषणा करण्यात आली."""
5268,1,"""संध्याकाळी घराच्या बाल्कनीत बसून निसर्ग पाहिला."""
5269,1,"""आज भाजी बाजारात ताज्या भाज्यांची रेलचेल होती."""
5270,1,"""मुलांनी हस्तकलेच्या वस्तू अतिशय सुंदर बनवल्या."""
5271,1,"""आज नवीन कौशल्याचा सराव आत्मविश्वासाने केला."""
5272,1,"""शिक्षकांनी विद्यार्थ्यांना शिस्तीचे महत्त्व समजावून सांगितले."""
5273,1,"""आज सकाळी सूर्याची कोवळी किरणे अंगावर घेतली."""
5274,1,"""वाचनालयात आज शांतता आणि अभ्यासाचे वातावरण होते."""
5275,1,"""आज घरातील साफसफाई वेळेत पूर्ण झाल्याने समाधान वाटले."""
5276,1,"""गावातील आरोग्य शिबिरात मोफत औषधे वाटली गेली."""
5277,1,"""आज ऑफिसच्या सहकाऱ्यांनी वाढदिवसाच्या शुभेच्छा दिल्या."""
5278,1,"""संध्याकाळी मित्रांसोबत चहाच्या टपरीवर छान गप्पा झाल्या."""
5279,1,"""आज शहरात विविध ठिकाणी नवीन झाडे लावली गेली."""
5280,1,"""सकाळी नियमित धावल्यामुळे शरीराला नवीन ऊर्जा मिळाली."""
5281,1,"""आज घरातील जुन्या साहित्याची योग्य विल्हेवाट लावली."""
5282,1,"""मुलांनी गणिताच्या शर्यतीत उत्तम यश मिळवले."""
5283,1,"""आज नवीन कथा वाचून मनाला नवीन दिशा मिळाली."""
5284,1,"""शिक्षकांनी वर्गात सर्वांना एकत्र काम करण्याचे महत्त्व सांगितले."""
5285,1,"""आज सकाळी पक्षी आपल्या घरट्यातून बाहेर पडताना दिसले."""
5286,1,"""वाचनालयात आज अभ्यासासाठी खूप छान जागा मिळाली."""
5287,1,"""आज घरात सर्वांनी आवडीचा चित्रपट एकत्र पाहिला."""
5288,1,"""गावातील पाण्याचे स्त्रोत स्वच्छ ठेवण्यासाठी प्रयत्न सुरू आहेत."""
5289,1,"""आज ऑफिसमध्ये नवीन आव्हाने यशस्वीरित्या पूर्ण केली."""
5290,1,"""संध्याकाळी आकाशातील पक्षांचे थवे पाहून आनंद झाला."""
5291,1,"""आज बाजारातून सुंदर आणि उपयुक्त वस्तू खरेदी केल्या."""
5292,1,"""शिक्षकांनी विद्यार्थ्यांना अभ्यासासाठी छान वेळापत्रक बनवून दिले."""
5293,1,"""आज सकाळी नियमित व्यायामाने दिवसाची प्रसन्न सुरुवात झाली."""
5294,1,"""वाचनालयातील नवीन पुस्तकांची यादी प्रसिद्ध करण्यात आली."""
5295,1,"""आज घरातील सर्व उपकरणांचे काम व्यवस्थित सुरू आहे."""
5296,1,"""गावातील प्राथमिक शाळेत नवीन वाचनालय सुरू झाले."""
5297,1,"""आज ऑफिसमध्ये सर्वांनी एकत्र काम करून यश मिळवले."""
5298,1,"""संध्याकाळी बागेत फेरफटका मारल्याने उत्साह वाढला."""
5299,1,"""आज शहरातील हवामान अतिशय आल्हाददायक आणि शांत होते."""
5300,1,"""सकाळी कोवळ्या उन्हात वेळ घालवणे आरोग्यासाठी चांगले असते."""
5301,1,"""आज नवीन विषयातील ज्ञान वाढवण्याचा प्रयत्न केला."""
5302,1,"""मुलांनी मैदानावर नवीन खेळ शिकून घेतला."""
5303,1,"""आज भाजीमंडईत ताज्या भाज्यांची खरेदी केली."""
5304,1,"""शिक्षकांनी विद्यार्थ्यांच्या शंकांचे निरसन शांतपणे केले."""
5305,1,"""आज घरात आनंदाचे आणि उत्साहाचे वातावरण होते."""
5306,1,"""सकाळी उठल्यावर गरम पाण्याचा घोट घेणे आरोग्यासाठी उत्तम."""
5307,1,"""आज वाचनालयात जुन्या वर्तमानपत्रांचा अभ्यास केला."""
5308,1,"""गावातील सर्व रस्त्यांवर नवीन दिवे लावले गेले."""
5309,1,"""आज ऑफिसमध्ये कामाचा ताण नेहमीपेक्षा खूप कमी होता."""
5310,1,"""संध्याकाळी गच्चीवर बसून ताजी हवा अनुभवायला मिळाली."""
5311,1,"""आज बाजारात नवनवीन डिझाइनचे कपडे उपलब्ध होते."""
5312,1,"""शिक्षकांनी विद्यार्थ्यांना नेहमी सकारात्मक राहण्याचा सल्ला दिला."""
5313,1,"""आज सकाळी निसर्गाच्या कुशीत चालण्याचा आनंद घेतला."""
5314,1,"""वाचनालयातील सर्व सोयी वाचकांसाठी सोयीस्कर आहेत."""
5315,1,"""आज घरातील रोपांना नवीन पाणी आणि खत दिले."""
5316,1,"""गावातील तरुण सामाजिक कार्यात पुढे येत आहेत."""
5317,1,"""आज ऑफिसमध्ये नवीन प्रकल्पाची यशस्वी सुरुवात झाली."""
5318,1,"""संध्याकाळी आकाशातील ताऱ्यांचे दृश्य अतिशय सुंदर दिसले."""
5319,1,"""आज शहरात नवीन क्रीडा संकुलाचे उद्घाटन झाले."""
5320,1,"""सकाळी लवकर उठून योगासन केल्यामुळे दिवस छान गेला."""
5321,1,"""आज घरातील सर्व सदस्यांनी एकत्र बसून संवाद साधला."""
5322,1,"""मुलांनी अभ्यासात अतिशय उत्तम प्रगती दाखवली."""
5323,1,"""आज नवीन पुस्तकाची काही पाने वाचून पूर्ण केली."""
5324,1,"""शिक्षकांनी विद्यार्थ्यांच्या चांगल्या वर्तनाचे कौतुक केले."""
5325,1,"""आज सकाळी बागेतील झाडांवर सुंदर फुले फुलली होती."""
5326,1,"""वाचनालयात अभ्यासासाठी अतिशय योग्य वातावरण उपलब्ध आहे."""
5327,1,"""आज घरातील सर्व कामे वेळेनुसार आटोपली."""
5328,1,"""गावातील स्वच्छता मोहिमेत सर्वांनी सहभाग नोंदवला."""
5329,1,"""आज ऑफिसमध्ये सर्व कामे सुरळीत पार पडल्याने बरे वाटले."""
5330,1,"""संध्याकाळी मित्रांसोबत चहा पिण्याचा आनंद काही वेगळाच होता."""
5331,1,"""आज शहरात वाहतूक नियमांची कडक अंमलबजावणी झाली."""
5332,1,"""सकाळी नियमित व्यायाम केल्याने शरीर तंदुरुस्त राहते."""
5333,1,"""आज घरात सर्वांनी मिळून एकत्र जेवणाचा आनंद घेतला."""
5334,1,"""नवीन विषयाची उजळणी आज अतिशय उत्तम प्रकारे झाली."""
5335,1,"""आजचा संपूर्ण दिवस शांत, समृद्ध आणि आनंदी गेला."""
5336,1,"""आज सकाळी पक्षांचा मंजूळ आवाज ऐकून दिवस खूप छान सुरू झाला."""
5337,1,"""घराभोवतीचा परिसर स्वच्छ आणि टापटीप दिसत आहे."""
5338,1,"""आज वाचनालयात नवीन संदर्भ पुस्तके वाचायला मिळाली."""
5339,1,"""आईने आज सकाळी अतिशय चवदार नाश्ता बनवला होता."""
5340,1,"""आज सकाळी बागेतील वेलींवर सुंदर फुले उमलली होती."""
5341,1,"""घरातील वातावरण सकाळी खूप शांत आणि प्रसन्न होते."""
5342,1,"""आज वाचनालयात नवीन विज्ञानविषयक पुस्तके आली."""
5343,1,"""सकाळच्या वेळी मोकळ्या हवेत चालल्याने उत्साह वाढतो."""
5344,1,"""आईने आज दुपारी आवडीची आमरस-पुरी बनवली होती."""
5345,1,"""आज ऑफिसमध्ये सर्व कामे नियोजित वेळेत पार पडली."""
5346,1,"""गावातील लहान मुलांनी सायंकाळी पकडमपकडी खेळली."""
5347,1,"""आज बाजारात ताजी आणि रसरशीत फळे विक्रीसाठी आली होती."""
5348,1,"""संध्याकाळी आकाशात ढगांची सुंदर नक्षी पाहायला मिळाली."""
5349,1,"""मित्रांसोबत आज नवीन विषयावर छान गप्पा रंगल्या."""
5350,1,"""आजचा प्रवास अत्यंत आरामदायक आणि विनासायास झाला."""
5351,1,"""शाळेतील विद्यार्थ्यांनी आज नवीन गणितीय कोडी सोडवली."""
5352,1,"""आज सकाळी बागेतील रोपांची योग्य छाटणी केली."""
5353,1,"""नवीन संगणकीय भाषा शिकण्याचा आज पहिला दिवस होता."""
5354,1,"""आज बँकेत सर्व कागदपत्रांची पडताळणी सहज पूर्ण झाली."""
5355,1,"""घरासमोरील मोकळ्या जागेत नवीन फुलझाडे लावली."""
5356,1,"""आजच्या बैठकीत नवीन उपक्रमाची रूपरेषा ठरवण्यात आली."""
5357,1,"""सकाळच्या कोवळ्या उन्हात बसल्यामुळे शरीराला छान वाटले."""
5358,1,"""आज शहरातील उड्डाणपुलावर रहदारी सुरळीत होती."""
5359,1,"""विद्यार्थ्यांनी शिक्षकांनी विचारलेल्या सर्व प्रश्नांची उत्तरे दिली."""
5360,1,"""आज शहरात नवीन चित्रकला प्रदर्शनाचे आयोजन करण्यात आले."""
5361,1,"""संध्याकाळी घराच्या छतावरून सूर्यास्त पाहण्याचा आनंद घेतला."""
5362,1,"""आज सकाळी नियमित योगासने करून दिवसाची सुरुवात केली."""
5363,1,"""गावातील विहिरीवर सकाळी महिलांची पाणी भरण्यासाठी गर्दी होती."""
5364,1,"""आज कार्यालयात नवीन संगणक प्रणाली कार्यरत झाली."""
5365,1,"""नवीन वर्षाची ध्येये गाठण्यासाठी नियोजन तयार केले."""
5366,1,"""आज आईसोबत बाजारात जाऊन लागणारे सर्व सामान आणले."""
5367,1,"""मुलांनी विज्ञान प्रदर्शनासाठी अप्रतिम मॉडेल्स बनवले."""
5368,1,"""आजचा दिवस खूपच सकारात्मक, उत्साही आणि आनंददायी गेला."""
5369,1,"""वाचनालयात आज अनेक जुनी आणि दुर्मिळ पुस्तके पाहायला मिळाली."""
5370,1,"""आज सकाळी बागेतील मोगऱ्याचा सुवास सर्वत्र पसरला होता."""
5371,1,"""मित्राच्या मोलाच्या मदतीने आज सर्व कामे वेळेत पूर्ण झाली."""
5372,1,"""आज शेतात नवीन खतांचा योग्य वापर करण्यात आला."""
5373,1,"""घरातील कपाटातील कपडे आज नीट घड्या घालून ठेवले."""
5374,1,"""आज शाळा लवकर सुटल्यामुळे मित्रांसोबत खेळायला गेलो."""
5375,1,"""संध्याकाळी कुटुंबासोबत जुने गाणे ऐकण्याचा आनंद घेतला."""
5376,1,"""आज शहरात हलक्या पावसाने वातावरणात गारवा निर्माण केला."""
5377,1,"""ऑफिसमधील सहकाऱ्यांनी कामात मोलाचे सहकार्य केले."""
5378,1,"""आज नवीन पद्धतीने बनवलेली कॉफी खूपच छान झाली होती."""
5379,1,"""गावातील रस्त्यांच्या दुतर्फा नवीन पथदिवे बसवले आहेत."""
5380,1,"""आज सकाळी वर्तमानपत्रातील संपादकीय लेख खूप वाचनीय होता."""
5381,1,"""विद्यार्थ्यांनी परीक्षेच्या तयारीसाठी वेळापत्रक तयार केले."""
5382,1,"""आजच्या कार्यशाळेत नवीन व्यावसायिक कौशल्ये शिकलो."""
5383,1,"""घरात नवीन खरेदी केलेल्या शोभेच्या वस्तू सजवून ठेवल्या."""
5384,1,"""आज वेळेवर बस मिळाल्यामुळे कामाच्या ठिकाणी लवकर पोहोचलो."""
5385,1,"""संध्याकाळी बागेत अनेक ज्येष्ठ नागरिक गप्पा मारत बसले होते."""
5386,1,"""आज स्क्रीन टाईम कमी ठेवल्यामुळे डोळ्यांना आराम मिळाला."""
5387,1,"""शिक्षकांनी विद्यार्थ्यांना वाचनाची आवड निर्माण करण्याचा सल्ला दिला."""
5388,1,"""आज शेतातील पिकांची पाहणी करून समाधान वाटले."""
5389,1,"""गावात नवीन ग्रंथालय सुरू झाल्याने तरुणांना फायदा होईल."""
5390,1,"""आज सकाळी हवेमध्ये मंद आणि आल्हाददायक वारा वाहत होता."""
5391,1,"""नवीन प्रकल्पाचे प्राथमिक सादरीकरण आज यशस्वी झाले."""
5392,1,"""आज घरातील सर्व दैनंदिन कामे नियोजनानुसार संपली."""
5393,1,"""मित्रांसोबत कॉलेजच्या दिवसांतील किस्से आठवून खूप हसलो."""
5394,1,"""आजच्या बैठकीत सर्व सदस्यांनी आपापली मते स्पष्ट मांडली."""
5395,1,"""मुलांनी विविध रंगांचा वापर करून कागदी होड्या बनवल्या."""
5396,1,"""आज भाजीमंडईत सर्व प्रकारचा भाजीपाला मुबलक प्रमाणात होता."""
5397,1,"""सकाळी लवकर उठल्यामुळे सर्व कामांना पुरेसा वेळ मिळाला."""
5398,1,"""आज कार्यालयात नवीन सहकाऱ्यांशी छान संवाद झाला."""
5399,1,"""संध्याकाळी मंदिराच्या प्रांगणात शांततेत काही वेळ घालवला."""
5400,1,"""आज वाचनालयात बसून सलग दोन तास मनापासून अभ्यास केला."""
5401,1,"""घरातील लहान मुलांनी एकत्र येऊन छान खेळ मांडला होता."""
5402,1,"""आज मोबाईलमधील नको असलेले ॲप्स डिलीट केले."""
5403,1,"""गावातील सर्व ग्रामस्थांनी स्वच्छतेच्या मोहिमेत भाग घेतला."""
5404,1,"""आज सकाळी कोमट पाण्यात मध घालून पिण्याची सवय सुरू केली."""
5405,1,"""शिक्षकांनी कठीण प्रमेयाचे स्पष्टीकरण सोप्या भाषेत दिले."""
5406,1,"""आज बाजारात जाऊन घरातील वाण सामान विकत आणले."""
5407,1,"""संध्याकाळच्या वेळी मोकळ्या मैदानात फिरणे आरोग्यासाठी हितकारक असते."""
5408,1,"""आज महाविद्यालयात विशेष व्याख्यानाचे आयोजन केले होते."""
5409,1,"""नवीन तंत्रज्ञानाचा वापर केल्याने कामाचा वेग वाढला."""
5410,1,"""आज शहरात सर्वत्र कायदा आणि सुव्यवस्था उत्तम होती."""
5411,1,"""घरातील सर्वांनी रात्री एकत्र बसून छान गप्पा मारल्या."""
5412,1,"""आज सकाळी निसर्गाच्या सानिध्यात काही वेळ घालवून ताजेतवाने वाटले."""
5413,1,"""मित्रांसोबत आज नवीन पुस्तकाच्या कथानकावर चर्चा झाली."""
5414,1,"""आज शेतात भाजीपाल्याची काढणी यशस्वीरित्या झाली."""
5415,1,"""शाळेतील क्रीडा स्पर्धेत सर्वांनी आवेशाने सहभाग घेतला."""
5416,1,"""आज बँकेत नवीन मुदत ठेव खाते यशस्वीरित्या उघडले."""
5417,1,"""संध्याकाळी घराच्या बाल्कनीत बसून कॉफीचा आस्वाद घेतला."""
5418,1,"""आज कार्यालयात उत्तम कामगिरीबद्दल वरिष्ठ अधिकाऱ्यांनी कौतुक केले."""
5419,1,"""मुलांनी आपला गृहपाठ वेळेत आणि स्वच्छ अक्षरात पूर्ण केला."""
5420,1,"""आज शहरात विविध ठिकाणी नवीन झाडांची लागवड करण्यात आली."""
5421,1,"""सकाळचा योगाभ्यास शारीरिक तंदुरुस्तीसाठी खूप फायदेशीर ठरतो."""
5422,1,"""आज घरातील सर्व खिडक्यांची आणि दरवाजांची साफसफाई केली."""
5423,1,"""नवीन वर्षाचे ध्येय गाठण्यासाठी दररोज प्रयत्न चालू आहेत."""
5424,1,"""आज वाचनालयातील सर्व कपाटे आवरून नीटनेटकी केली."""
5425,1,"""गावातील आरोग्य केंद्रात सर्व सोयी आणि औषधे उपलब्ध आहेत."""
5426,1,"""आज सकाळी गच्चीवर पक्षांसाठी पाण्याची भांडी ठेवली."""
5427,1,"""शिक्षकांनी विद्यार्थ्यांच्या अभ्यासातील सातत्याचे कौतुक केले."""
5428,1,"""आज कार्यालयात नवीन आणि आव्हानात्मक कामाची जबाबदारी मिळाली."""
5429,1,"""संध्याकाळी तलावाकाठी बसून वाऱ्याच्या झुळुकीचा आनंद घेतला."""
5430,1,"""आज नवीन मोबाईलचे सर्व उपयुक्त फीचर्स व्यवस्थित समजून घेतले."""
5431,1,"""घरामध्ये आज सणासारखे छान आणि आनंदी वातावरण होते."""
5432,1,"""आज सकाळी नियमित धावण्याचा सराव पूर्ण केला."""
5433,1,"""मित्राच्या सहकार्याने आजचा महत्त्वाचा प्रश्न सहज सुटला."""
5434,1,"""आज भाजीवाल्याकडून ताज्या पालेभाज्या रास्त दरात मिळाल्या."""
5435,1,"""शाळेत नवीन क्रीडा प्रकारांचे प्रशिक्षण वर्ग सुरू झाले."""
5436,1,"""आजचा संपूर्ण प्रवास अतिशय सुरक्षित आणि सुखकर झाला."""
5437,1,"""संध्याकाळी आकाशात निरभ्र चांदण्यांचे दृश्य अतिशय सुंदर दिसत होते."""
5438,1,"""आजच्या कार्यशाळेत तज्ज्ञांनी मोलाचे आणि मौलिक मार्गदर्शन केले."""
5439,1,"""घरातील ज्येष्ठांसोबत वेळ घालवून जुने अनुभव ऐकायला मिळाले."""
5440,1,"""आज सकाळी फिरताना जुने बालपणीचे मित्र अचानक भेटले."""
5441,1,"""नवीन पुस्तकाची काही रंजक प्रकरणे आज वाचून पूर्ण केली."""
5442,1,"""आज कार्यालयात सर्व कामे वेळेत पूर्ण झाल्यामुळे मोकळा वेळ मिळाला."""
5443,1,"""गावात नवीन सौर ऊर्जेचे प्रकल्प सुरू करण्यात आले."""
5444,1,"""आज लहान मुलांसाठी मनोरंजक आणि शैक्षणिक पुस्तके आणली."""
5445,1,"""सकाळी बागेतील चाफ्याच्या फुलांचा मंद सुगंध येत होता."""
5446,1,"""आज शहरात वाहतूक नियंत्रण व्यवस्था अत्यंत चोख होती."""
5447,1,"""विद्यार्थ्यांनी विज्ञान प्रकल्पाचे उत्तम प्रात्यक्षिक दाखवले."""
5448,1,"""आज रात्रीचे जेवण खूपच चवदार, हलके आणि सात्विक होते."""
5449,1,"""घरातील सर्व सदस्यांनी मिळून आज घराची स्वच्छता केली."""
5450,1,"""आज सकाळी व्यायामानंतर शरीरात नवीन ऊर्जा निर्माण झाली."""
5451,1,"""नवीन विषयाची माहिती मिळवण्यासाठी विविध पुस्तकांची मदत घेतली."""
5452,1,"""आज ऑफिसच्या कामातून थोडा वेळ काढून विश्रांती घेतली."""
5453,1,"""गावातील मुख्य तलावात यंदा पाण्याचा चांगला साठा आहे."""
5454,1,"""आज बाजारात अनेक नवीन आणि उपयुक्त वस्तू पाहायला मिळाल्या."""
5455,1,"""संध्याकाळी मित्रांसोबत चहा पिण्याचा मनमुराद आनंद घेतला."""
5456,1,"""आज घराच्या अंगणात सुंदर आणि रंगीबेरंगी रांगोळी काढली."""
5457,1,"""शिक्षकांनी सर्व विद्यार्थ्यांना वेळेचे महत्त्व योग्य प्रकारे पटवून दिले."""
5458,1,"""आज सकाळी सूर्योदयाचे मनमोहक दृश्य पाहायला मिळाले."""
5459,1,"""वाचनालयात अभ्यासासाठी आवश्यक ती सर्व संदर्भ पुस्तके मिळाली."""
5460,1,"""आज घरात सर्वांनी एकत्र बसून जुने कौटुंबिक अल्बम पाहिले."""
5461,1,"""नवीन प्रकल्पाची मंजुरी मिळाल्यामुळे सर्वांना अतिशय आनंद झाला."""
5462,1,"""आज शहरात फिरताना छान निसर्गरम्य आणि थंड हवा होती."""
5463,1,"""मुलांनी मैदानावर उत्साहाने क्रिकेटचा सामना रंगवला."""
5464,1,"""आज सकाळी ठरलेल्या वेळेत उठून दिवसाच्या कामाला सुरुवात केली."""
5465,1,"""ऑफिसमध्ये आज सर्वांनी मिळून सुग्रास भोजनाचा आनंद घेतला."""
5466,1,"""आज गावात मोफत वैद्यकीय तपासणी शिबीर यशस्वीरित्या पार पडले."""
5467,1,"""संध्याकाळी घराभोवती शांतता आणि प्रसन्नता पसरली होती."""
5468,1,"""आज वाचनालयात नवीन शैक्षणिक नियतकालिके वाचायला मिळाली."""
5469,1,"""आईच्या हाताच्या जेवणाची चव नेहमीप्रमाणेच अप्रतिम होती."""
5470,1,"""आज सकाळी योगासने केल्यामुळे मन पूर्णपणे शांत झाले."""
5471,1,"""नवीन कपडे शिवण्यासाठी आज शिंप्याकडे टाकून आलो."""
5472,1,"""आज शहरात विविध ठिकाणी स्वच्छता मोहिमेचे आयोजन करण्यात आले."""
5473,1,"""गावातील विहिरीचे पाणी स्वच्छ आणि पिण्यायोग्य करण्यात आले."""
5474,1,"""आज कार्यालयात सर्व कामे वेळेच्या आधीच पूर्ण झाली."""
5475,1,"""मुलांनी शाळेचा गृहपाठ वेळेत पूर्ण करून शिक्षकांना दाखवला."""
5476,1,"""आज संध्याकाळी हलक्या पावसाच्या सरी पडल्याने वातावरणात गारवा आला."""
5477,1,"""सकाळी उठल्यावर बागेतील फुललेली झाडे पाहून मन प्रसन्न झाले."""
5478,1,"""आज नवीन कला शिकण्याची माझी अनेक दिवसांची इच्छा पूर्ण झाली."""
5479,1,"""घरातील कपाटातील सर्व वस्तू नीट आवरून व्यवस्थित जागी ठेवल्या."""
5480,1,"""आज वाचनालयातून एक छान लघुकथांचे पुस्तक वाचण्यासाठी आणले."""
5481,1,"""मित्रांसोबत पुढील आठवड्यात ट्रेकिंगला जाण्याचे बेत ठरले."""
5482,1,"""आज शहरात नवीन लहान मुलांच्या पार्कचे उद्घाटन झाले."""
5483,1,"""सकाळी नियमित चालल्यामुळे आरोग्यात खूप चांगली सुधारणा होत आहे."""
5484,1,"""आज भाजीमंडईत नेहमीपेक्षा गर्दी कमी असल्यामुळे लवकर काम झाले."""
5485,1,"""शिक्षकांनी विद्यार्थ्यांना नवीन धडा अतिशय सोप्या आणि रंजक पद्धतीने शिकवला."""
5486,1,"""आजच्या बैठकीत सर्वांनी एकत्र येऊन विचारांची देवाणघेवाण केली."""
5487,1,"""घरामध्ये आज संपूर्ण दिवस खूपच आनंदी आणि उत्साही वातावरण होते."""
5488,1,"""आज सकाळी पक्षांच्या किलबिलाटाने खूप सुंदर प्रभात झाली."""
5489,1,"""नवीन संगणक खरेदी केल्यामुळे कामाचा वेग दुपटीने वाढला."""
5490,1,"""आज ऑफिसमध्ये नवीन प्रकल्पाचे सादरीकरण यशस्वीरित्या झाले."""
5491,1,"""गावातील प्राथमिक शाळेच्या इमारतीची छान दुरुस्ती करण्यात आली."""
5492,1,"""मुलांनी सुट्ट्यांच्या काळात कागदी हस्तकला शिकून घेतली."""
5493,1,"""आज बाजारातून आवश्यक असणारा सर्व किराणा माल विकत आणला."""
5494,1,"""सकाळच्या वेळेत ध्यानधारणा केल्याने मानसिक एकाग्रता वाढते."""
5495,1,"""आज बँकेत नवीन बचत खाते सहज आणि वेळेत उघडले."""
5496,1,"""वाचनालयातील सर्व वाचकांनी शांततेचे नियम पाळले."""
5497,1,"""आज घरातील सर्व कुंड्यांमधील रोपांची योग्य काळजी घेतली."""
5498,1,"""मित्राने पाठवलेला सकारात्मक संदेश वाचून मन प्रसन्न झाले."""
5499,1,"""आज शहरात नवीन उड्डाणपूल वाहतुकीसाठी खुला करण्यात आला."""
5500,1,"""सकाळी स्वच्छ हवेत दीर्घ श्वास घेतल्याने खूप हलके वाटले."""
5501,1,"""आज ऑफिसच्या कामाचा ताण खूपच कमी जाणवला."""
5502,1,"""गावात नवीन बस सेवा सुरू झाल्यामुळे ग्रामस्थांची मोठी सोय झाली."""
5503,1,"""आज संध्याकाळी हलके शास्त्रीय संगीत ऐकत शांत वेळ घालवला."""
5504,1,"""शिक्षकांनी सर्व विद्यार्थ्यांना आगामी परीक्षांसाठी मनापासून शुभेच्छा दिल्या."""
5505,1,"""आज घरात सर्वांनी मिळून आवडीचा स्वादिष्ट स्वयंपाक बनवला."""
5506,1,"""सकाळी उठल्या उठल्या गरम चहाचा घोट पिण्याची मजा वेगळीच असते."""
5507,1,"""आज वाचनालयात भरपूर नवीन विषयांवरील माहिती वाचायला मिळाली."""
5508,1,"""नवीन कौशल्याचा सराव दररोज नियमितपणे आत्मविश्वासाने सुरू आहे."""
5509,1,"""आज शहरातील बागेत लहान मुलांची खेळण्यासाठी मोठी गर्दी झाली होती."""
5510,1,"""गावातील सर्व मुख्य रस्त्यांवर पथदिवे व्यवस्थित चालू करण्यात आले."""
5511,1,"""आज कार्यालयात सर्व सहकाऱ्यांनी एकमेकांना मदतीचा हात दिला."""
5512,1,"""मुलांनी शाळेच्या वार्षिक क्रीडा स्पर्धेत प्रथम क्रमांक मिळवला."""
5513,1,"""आज संध्याकाळी आकाशात तांबडे आणि सोनेरी रंग पसरले होते."""
5514,1,"""सकाळी नियमित व्यायाम केल्याने दिवसभर शरीरात ऊर्जा टिकून राहते."""
5515,1,"""आज घरातील सर्व दैनंदिन कामे वेळेआधीच संपली."""
5516,1,"""नवीन पुस्तकाची प्रस्तावना अत्यंत प्रभावी, रंजक आणि वाचनीय होती."""
5517,1,"""आज बाजारात ताज्या आणि सुगंधी फुलांचा सुंदर वास येत होता."""
5518,1,"""गावातील प्राथमिक आरोग्य केंद्रात स्वच्छता आणि शिस्त राखली जाते."""
5519,1,"""आज ऑफिसमध्ये नवीन सहकाऱ्यांशी छान आणि अर्थपूर्ण चर्चा झाली."""
5520,1,"""शिक्षकांनी सर्व विद्यार्थ्यांच्या मनात असलेल्या शंकांचे निरसन केले."""
5521,1,"""आज सकाळी वातावरणात आल्हाददायक आणि निसर्गरम्य गारवा होता."""
5522,1,"""घरासमोरील बागेत नवीन रंगीबेरंगी फुले फुलली आहेत."""
5523,1,"""आज वाचनालयात दिवसभर शांततेत अभ्यास करून समाधान मिळाले."""
5524,1,"""मित्रांसोबत संध्याकाळी फिरायला जाणे नेहमीच आनंददायी आणि ताजेतवाने असते."""
5525,1,"""आज शहरात वाहतुकीच्या सर्व नियमांचे नागरिकांनी तंतोतंत पालन केले."""
5526,1,"""सकाळी लवकर उठून वाचन केल्याने अभ्यासातील एकाग्रता वाढते."""
5527,1,"""आज घरात सर्व कुटुंबाने एकत्र बसून भविष्यातील योजनांची चर्चा केली."""
5528,1,"""नवीन विषयाची उजळणी आज अतिशय उत्तम आणि सखोल प्रकारे झाली."""
5529,1,"""आजचा संपूर्ण दिवस अतिशय शांत, सकारात्मक आणि फलदायी ठरला."""
5530,1,"""आज सकाळी बागेतील फुलांवर दवबिंदू खूप सुंदर दिसत होते."""
5531,1,"""घरामध्ये आज सकाळपासूनच अतिशय प्रसन्न वातावरण होते."""
5532,1,"""आज वाचनालयात नवीन तांत्रिक आणि शैक्षणिक पुस्तके उपलब्ध झाली."""
5533,1,"""सकाळच्या वेळेत शुद्ध हवेत फिरल्याने शरीराला छान ऊर्जा मिळते."""
5534,1,"""आईने आज दुपारी गरमागरम आणि चवदार जेवण बनवले होते."""
5535,1,"""आज ऑफिसमध्ये सर्व महत्त्वाची कामे सुरळीतपणे पूर्ण झाली."""
5536,1,"""गावातील लहान मुलांनी मैदानावर उत्साहाने फुटबॉल खेळला."""
5537,1,"""आज बाजारात ताज्या आणि चांगल्या दर्जाच्या भाज्या मिळाल्या."""
5538,1,"""संध्याकाळी आकाशात तांबूस आणि सोनेरी रंगांची छटा पसरली होती."""
5539,1,"""मित्रांसोबत वीकेंडला निसर्गरम्य ठिकाणी जाण्याचे ठरले."""
5540,1,"""आजचा बस प्रवास खूपच आरामदायक आणि विनासायास पार पडला."""
5541,1,"""शाळेतील विद्यार्थ्यांनी आज गणिताचे कठीण कोडे सहज सोडवले."""
5542,1,"""आज सकाळी बागेतील नवीन रोपांना पाणी दिले."""
5543,1,"""नवीन विषय शिकताना आज खूप आनंद आणि उत्सुकता वाटली."""
5544,1,"""आज बँकेतील सर्व व्यवहार अतिशय जलद गतीने झाले."""
5545,1,"""घरासमोरील अंगण आज छान साफ करून स्वच्छ केले."""
5546,1,"""आजच्या बैठकीत नवीन प्रकल्पाच्या उद्दिष्टांवर चर्चा झाली."""
5547,1,"""सकाळच्या कोवळ्या उन्हात बसल्याने मनाला ताजेतवाने वाटले."""
5548,1,"""आज शहरातील मुख्य मार्गावर वाहतूक अतिशय सुरळीत होती."""
5549,1,"""विद्यार्थ्यांनी वर्गात सर्व विषयांचा अभ्यास आवडीने केला."""
5550,1,"""आज शहरात नवीन पुस्तक प्रदर्शनाचे आयोजन करण्यात आले."""
5551,1,"""संध्याकाळी गच्चीवर बसून थंड वाऱ्याची झुळूक अनुभवली."""
5552,1,"""गावातील तलावाकाठी संध्याकाळी खूप शांत आणि रम्य वातावरण होते."""
5553,1,"""आज कार्यालयात नवीन सॉफ्टवेअर प्रणाली यशस्वीरित्या सुरू झाली."""
5554,1,"""नवीन वर्षाचे नियोजन आज डायरीत व्यवस्थित लिहून काढले."""
5555,1,"""आज आईसोबत बाजारात जाऊन घरातील लागणारे सामान आणले."""
5556,1,"""मुलांनी विज्ञान प्रदर्शनासाठी अतिशय उत्कृष्ट मॉडेल्स बनवले."""
5557,1,"""आजचा दिवस खूपच सकारात्मक, फलदायी आणि समाधानकारक गेला."""
5558,1,"""वाचनालयात आज अनेक नवीन आणि उपयुक्त मासिके वाचायला मिळाली."""
5559,1,"""आज सकाळी बागेतील जास्वंदाच्या झाडाला नवीन फुले आली होती."""
5560,1,"""मित्राच्या योग्य सल्ल्यामुळे कठीण प्रसंगावर मार्ग काढता आला."""
5561,1,"""आज शेतामध्ये नवीन रोपांची लागवड यशस्वीरित्या पूर्ण झाली."""
5562,1,"""घरातील सर्व जुनी पुस्तके आणि फायली व्यवस्थित आवरून ठेवल्या."""
5563,1,"""आज शाळा वेळेवर सुटल्यामुळे मित्रांसोबत खेळायला भरपूर वेळ मिळाला."""
5564,1,"""संध्याकाळी कुटुंबासोबत जुने कौटुंबिक व्हिडिओ पाहून जुन्या आठवणी ताज्या केल्या."""
5565,1,"""आज शहरात हलक्या पावसाच्या सरी पडल्याने वातावरणात छान गारवा आला."""
5566,1,"""ऑफिसमधील सर्व सहकाऱ्यांनी आजच्या कामात मोलाची मदत केली."""
5567,1,"""आज नवीन पद्धतीने बनवलेला चहा अतिशय चवदार झाला होता."""
5568,1,"""गावातील मुख्य रस्त्यांच्या दुरुस्तीचे काम वेगात पूर्ण झाले."""
5569,1,"""आज सकाळी वर्तमानपत्रातील लेख वाचून नवी माहिती मिळाली."""
5570,1,"""विद्यार्थ्यांनी परीक्षेची तयारी अतिशय गंभीरतेने सुरू केली."""
5571,1,"""आजच्या कार्यशाळेत नवीन व्यावसायिक कौशल्य शिकायला मिळाले."""
5572,1,"""घराच्या बाल्कनीत नवीन फुलांच्या कुंड्या सजवून ठेवल्या."""
5573,1,"""आज वेळेवर वाहन मिळाल्यामुळे सर्व कामांच्या ठिकाणी वेळेत पोहोचलो."""
5574,1,"""संध्याकाळी बागेत अनेक लोक मोकळ्या हवेत फिरताना दिसत होते."""
5575,1,"""आज मोबाईलचा वापर कमी ठेवल्याने मनाला शांतता लाभली."""
5576,1,"""शिक्षकांनी विद्यार्थ्यांना नेहमी सकारात्मक विचार करण्याचा मोलाचा सल्ला दिला."""
5577,1,"""आज शेतातील पिकांची प्रगती पाहून शेतकऱ्यांना आनंद झाला."""
5578,1,"""गावात नवीन क्रीडांगण तयार झाल्यामुळे तरुणांमध्ये उत्साह आहे."""
5579,1,"""आज सकाळी हवेमध्ये मंद आणि निसर्गरम्य गारवा जाणवत होता."""
5580,1,"""नवीन प्रकल्पाचे प्राथमिक नियोजन आज यशस्वीपणे पूर्ण झाले."""
5581,1,"""आज घरातील सर्व दैनंदिन कामे नियोजित वेळेत संपली."""
5582,1,"""मित्रांसोबत लहानपणीच्या आठवणींना उजाळा देऊन खूप हसलो."""
5583,1,"""आजच्या बैठकीत सर्वांनी एकत्र येऊन योग्य निर्णय घेतला."""
5584,1,"""मुलांनी रंगीबेरंगी कागदांपासून सुंदर भेटकार्डे तयार केली."""
5585,1,"""आज भाजीमंडईत सर्व प्रकारच्या ताज्या पालेभाज्या उपलब्ध होत्या."""
5586,1,"""सकाळी लवकर उठल्यामुळे दिवसभराची कामे शांततेत पार पडली."""
5587,1,"""आज कार्यालयात आलेल्या नवीन पाहुण्यांचे उत्साहात स्वागत केले."""
5588,1,"""संध्याकाळी मंदिराच्या प्रांगणात बसून मनाला खूप शांतता मिळाली."""
5589,1,"""आज वाचनालयात बसून दोन तास शांतपणे एकाग्रतेने अभ्यास केला."""
5590,1,"""घरातील लहान मुलांनी आज दिवसभर खूप छान खेळ खेळले."""
5591,1,"""आज संगणकातील महत्त्वाच्या फाइल्सचा बॅकअप घेऊन ठेवला."""
5592,1,"""गावातील ग्रामपंचायतीच्या बैठकीत विकासाच्या नव्या मुद्द्यांवर चर्चा झाली."""
5593,1,"""आज सकाळी कोमट पाणी पिऊन आरोग्यदायी दिवसाची सुरुवात केली."""
5594,1,"""शिक्षकांनी कठीण विषयाचे स्पष्टीकरण अतिशय सोप्या भाषेत दिले."""
5595,1,"""आज बाजारात जाऊन घरातील आठवड्याचा किराणा माल विकत आणला."""
5596,1,"""संध्याकाळच्या वेळी मोकळ्या हवेत चालणे आरोग्यासाठी खूप फायदेशीर असते."""
5597,1,"""आज महाविद्यालयात नवीन तंत्रज्ञानावरील विशेष व्याख्यान आयोजित केले होते."""
5598,1,"""नवीन संगणकीय कौशल्य शिकल्यामुळे कामाचा ताण खूप कमी झाला."""
5599,1,"""आज शहरात सर्वत्र शांतता आणि सुव्यवस्था राखली गेली होती."""
5600,1,"""घरातील सर्व सदस्यांनी रात्री एकत्र बसून मनमोकळा संवाद साधला."""
5601,1,"""आज सकाळी निसर्गाच्या सानिध्यात काही वेळ घालवून मनाला आनंद मिळाला."""
5602,1,"""मित्रांसोबत आज एका नवीन आणि रंजक विषयावर चर्चा झाली."""
5603,1,"""आज शेतातील भाजीपाला चांगल्या प्रमाणात बाजारात विक्रीसाठी गेला."""
5604,1,"""शाळेतील वार्षिक क्रीडा स्पर्धेत सर्व विद्यार्थ्यांनी आवेशाने भाग घेतला."""
5605,1,"""आज बँकेचे नवीन चेकबुक आणि एटीएम कार्ड वेळेत प्राप्त झाले."""
5606,1,"""संध्याकाळी घराच्या बाल्कनीत बसून पक्ष्यांचे घराण्याकडे जाणे पाहिले."""
5607,1,"""आज कार्यालयात केलेल्या उत्कृष्ट कामाबद्दल सर्वांनी कौतुक केले."""
5608,1,"""मुलांनी आपला गृहपाठ वेळेत आणि अतिशय सुंदर अक्षरात पूर्ण केला."""
5609,1,"""आज शहरात विविध ठिकाणी नवीन वृक्षारोपण मोहीम राबवली गेली."""
5610,1,"""सकाळचा योगाभ्यास शारीरिक आणि मानसिक आरोग्यासाठी उत्तम ठरला."""
5611,1,"""आज घरातील सर्व खिडक्या आणि दरवाजे स्वच्छ पुसून घेतले."""
5612,1,"""नवीन वर्षाची उद्दिष्टे साध्य करण्यासाठी दररोज प्रयत्न सुरू आहेत."""
5613,1,"""आज वाचनालयातील सर्व कपाटांमधील पुस्तकांची पुनर्रचना करण्यात आली."""
5614,1,"""गावातील प्राथमिक आरोग्य केंद्रात सर्व वैद्यकीय सोयी उपलब्ध झाल्या आहेत."""
5615,1,"""आज सकाळी गच्चीवर पक्षांसाठी धान्य आणि पाण्याची सोय केली."""
5616,1,"""शिक्षकांनी विद्यार्थ्यांच्या अभ्यासातील सातत्य पाहून त्यांची प्रशंसा केली."""
5617,1,"""आज कार्यालयात नवीन आणि आव्हानात्मक प्रकल्पाची जबाबदारी स्वीकारली."""
5618,1,"""संध्याकाळी तलावाकाठी बसून वाऱ्याची शांत झुळूक अनुभवली."""
5619,1,"""घरामध्ये आज सणासारखे प्रसन्न आणि आनंददायी वातावरण होते."""
5620,1,"""आज सकाळी नियमित धावण्याचा सराव पूर्ण करून ताजेतवाने वाटले."""
5621,1,"""मित्राच्या मोलाच्या सहकार्याने आजचा कठीण प्रश्न सहज सुटला."""
5622,1,"""आज भाजीमंडईतून ताजी फळे आणि भाज्या रास्त दरात विकत आणल्या."""
5623,1,"""शाळेत नवीन क्रीडा प्रकारांचे प्रशिक्षण वर्ग आजपासून सुरू झाले."""
5624,1,"""आजचा संपूर्ण प्रवास अतिशय सुरक्षित, शांत आणि सुखकर झाला."""
5625,1,"""संध्याकाळी आकाशात निरभ्र चांदण्यांचे अप्रतिम दृश्य पाहायला मिळाले."""
5626,1,"""आजच्या चर्चासत्रात तज्ज्ञांनी अतिशय मोलाचे मार्गदर्शन केले."""
5627,1,"""घरातील ज्येष्ठांचे जुने अनुभव ऐकून खूप नवीन गोष्टी शिकायला मिळाल्या."""
5628,1,"""आज सकाळी फिरताना बालपणीचा जुना मित्र अचानक भेटला."""
5629,1,"""नवीन पुस्तकाची काही अत्यंत रंजक प्रकरणे आज वाचून पूर्ण केली."""
5630,1,"""गावात नवीन सौर ऊर्जेच्या पथदिव्यांची सोय करण्यात आली."""
5631,1,"""आज लहान मुलांसाठी मनोरंजक आणि शैक्षणिक पुस्तके खरेदी केली."""
5632,1,"""सकाळी बागेतील मोगऱ्याच्या फुलांचा अतिशय छान सुवास येत होता."""
5633,1,"""आज शहरात वाहतूक नियंत्रण व्यवस्था अत्यंत चोख आणि शिस्तबद्ध होती."""
5634,1,"""विद्यार्थ्यांनी विज्ञान प्रकल्पाचे अतिशय अचूक प्रात्यक्षिक दाखवले."""
5635,1,"""आज रात्रीचे जेवण खूपच चवदार, हलके आणि आरोग्यासाठी सात्विक होते."""
5636,1,"""घरातील सर्व सदस्यांनी मिळून आज घराची स्वच्छता पूर्ण केली."""
5637,1,"""आज सकाळी व्यायामानंतर शरीरात नवीन ऊर्जा आणि उत्साह निर्माण झाला."""
5638,1,"""नवीन विषयाची सखोल माहिती मिळवण्यासाठी इंटरनेट आणि पुस्तकांची मदत घेतली."""
5639,1,"""आज ऑफिसच्या कामातून थोडा वेळ काढून स्वतःसाठी विश्रांती घेतली."""
5640,1,"""गावातील मुख्य तलावात यंदा मुबलक प्रमाणात पाण्याचा साठा आहे."""
5641,1,"""आज बाजारात अनेक नवीन आणि उपयुक्त वस्तू विक्रीसाठी आल्या होत्या."""
5642,1,"""आज घराच्या अंगणात सुंदर आणि रंगीबेरंगी रांगोळी काढली होती."""
5643,1,"""शिक्षकांनी सर्व विद्यार्थ्यांना वेळेचे महत्त्व योग्य उदाहरणांसह पटवून दिले."""
5644,1,"""आज सकाळी सूर्योदयाचे मनमोहक दृश्य पाहून मन प्रसन्न झाले."""
5645,1,"""वाचनालयात अभ्यासासाठी आवश्यक ती सर्व संदर्भ पुस्तके वेळेत मिळाली."""
5646,1,"""नवीन प्रकल्पाची मंजुरी मिळाल्यामुळे सर्वांच्या चेहऱ्यावर आनंद होता."""
5647,1,"""आज शहरात फिरताना अतिशय प्रसन्न आणि थंड हवेचा अनुभव आला."""
5648,1,"""मुलांनी मैदानावर उत्साहाने फुटबॉलचा सामना रंगवला."""
5649,1,"""आज सकाळी ठरलेल्या वेळेत उठून दिवसाच्या कामाची आखणी केली."""
5650,1,"""ऑफिसमध्ये आज सर्वांनी मिळून दुपारी एकत्र भोजनाचा आनंद घेतला."""
5651,1,"""संध्याकाळी घराभोवती शांतता आणि प्रसन्न वातावरण पसरले होते."""
5652,1,"""आईच्या हाताच्या जेवणाची चव नेहमीप्रमाणेच अतिशय उत्तम होती."""
5653,1,"""आज सकाळी योगासने केल्यामुळे शरीरातील सर्व आळस निघून गेला."""
5654,1,"""नवीन कपडे शिवण्यासाठी आज शिंप्याकडे देऊन आलो."""
5655,1,"""आज शहरात विविध ठिकाणी स्वच्छता मोहिमेचे आयोजन करण्यात आले होते."""
5656,1,"""गावातील विहिरीचे पाणी स्वच्छ आणि पिण्यायोग्य करण्यात आले आहे."""
5657,1,"""मुलांनी शाळेतील सर्व उपक्रमात आवडीने आणि उत्साहाने भाग घेतला."""
5658,1,"""आज संध्याकाळी हलक्या पावसाच्या सरी पडल्याने हवा थंड झाली."""
5659,1,"""सकाळी उठल्यावर बागेतील रंगीबेरंगी फुले पाहून मन उल्हासित झाले."""
5660,1,"""मित्रांसोबत पुढील आठवड्यात निसर्ग भ्रमंतीला जाण्याचे ठरले."""
5661,1,"""आज भाजीमंडईत नेहमीपेक्षा गर्दी कमी असल्यामुळे पटकन काम झाले."""
5662,1,"""आजच्या बैठकीत सर्वांनी एकत्र येऊन कामाची योग्य विभागणी केली."""
5663,1,"""घरांमध्ये आज संपूर्ण दिवस खूपच आनंदी आणि उत्साही वातावरण होते."""
5664,1,"""वाचनालयातील सर्व वाचकांनी शांततेचे नियम तंतोतंत पाळले."""
5665,1,"""आज संध्याकाळी हलके संगीत ऐकत मन शांत केले."""
5666,1,"""शिक्षकांनी सर्व विद्यार्थ्यांना आगामी परीक्षांसाठी शुभेच्छा दिल्या."""