id,text,sentiment,domain
1,आज मागवलेल्या पुस्तकाची छपाई आणि बांधणी दोन्ही उत्कृष्ट निघाली.,Positive,ऑनलाइन व्यापार
2,जेवणात मिठाचे प्रमाण इतके जास्त होते की चवच बिघडली.,Negative,उपाहारगृह
3,या चित्रपटाचा दुसरा भाग पुढील महिन्यात प्रदर्शित होणार आहे.,Neutral,चित्रपट
4,उपचारानंतर माझी प्रकृती अपेक्षेपेक्षा लवकर सुधारली.,Positive,आरोग्यसेवा
5,प्रयोगशाळेतील अनेक उपकरणे आज बंद असल्यामुळे सराव होऊ शकला नाही.,Negative,शिक्षण
6,नवीन प्रणालीची चाचणी सध्या मर्यादित वापरकर्त्यांसाठी सुरू आहे.,Neutral,तंत्रज्ञान
7,बँकेतील कर्मचाऱ्यांनी माझे काम अत्यंत संयमाने पूर्ण केले.,Positive,बँकिंग
8,पर्यटनस्थळी सर्वत्र कचरा दिसल्याने अनुभव खराब झाला.,Negative,प्रवास
9,अंतिम सामन्याची वेळ उद्या सायंकाळी जाहीर करण्यात आली आहे.,Neutral,क्रीडा
10,स्थानिक प्रतिनिधींनी नागरिकांच्या समस्या शांतपणे ऐकून घेतल्या.,Positive,राजकारण
11,कार्यक्रमाची ध्वनीव्यवस्था वारंवार बंद पडत होती.,Negative,मनोरंजन
12,माझ्या तक्रारीचा संदर्भ क्रमांक संदेशाद्वारे पाठवण्यात आला.,Neutral,ग्राहक सेवा
13,मित्रांनी वाढदिवसासाठी केलेले छोटंसं सरप्राईज मनाला भिडलं.,Positive,सामाजिक माध्यमे
14,दाखला मिळवण्यासाठी अनावश्यक फेऱ्या माराव्या लागल्या.,Negative,सरकारी सेवा
15,कृषी विभागाने आज नवीन बियाण्यांविषयी मार्गदर्शन केले.,Neutral,शेती
16,या पारंपरिक पोशाखामुळे सणाची रंगत आणखी वाढली.,Positive,वेशभूषा
17,पॅकेट उघडल्यावर अन्न पूर्णपणे सांडलेले दिसले.,Negative,अन्न वितरण
18,सकाळच्या पहिल्या बसचे वेळापत्रक बदलण्यात आले आहे.,Neutral,सार्वजनिक वाहतूक
19,या ॲपमधील नवीन सुविधा वापरण्यास अतिशय सोपी वाटली.,Positive,मोबाईल अॅप्स
20,सवलत दाखवूनही बिलात जास्त रक्कम आकारली गेली.,Negative,ऑनलाइन खरेदी
21,चित्रपटगृहातील पहिला शो दुपारी बारा वाजता सुरू होईल.,Neutral,चित्रपट
22,डॉक्टरांनी दिलेल्या व्यायामामुळे पाठदुखी कमी झाली.,Positive,आरोग्यसेवा
23,परीक्षेचा निकाल वेळेवर न लागल्याने विद्यार्थी संभ्रमात होते.,Negative,शिक्षण
24,सर्व्हरच्या देखभालीमुळे सेवा काही तास उपलब्ध राहणार नाही.,Neutral,तंत्रज्ञान
25,गृहकर्जाच्या प्रक्रियेत अपेक्षेपेक्षा कमी वेळ लागला.,Positive,बँकिंग
26,हॉटेलच्या खोलीत स्वच्छतेचा पूर्ण अभाव जाणवला.,Negative,प्रवास
27,संघाच्या सरावाचे वेळापत्रक प्रशिक्षकांनी बदलले आहे.,Neutral,क्रीडा
28,चर्चेदरम्यान दोन्ही बाजूंनी सकारात्मक संवाद झाला.,Positive,राजकारण
29,तिकीट असूनही आसनावर दुसऱ्याच व्यक्तीचा ताबा होता.,Negative,मनोरंजन
30,प्रतिनिधीने पुढील कार्यवाहीबद्दल स्पष्ट माहिती दिली.,Neutral,ग्राहक सेवा
31,माझ्या छायाचित्रावर आलेल्या शुभेच्छांनी दिवस आनंदी झाला.,Positive,सामाजिक माध्यमे
32,ऑनलाइन अर्ज वारंवार अर्धवटच जतन होत होता.,Negative,सरकारी सेवा
33,आज गावात शेतीविषयक कार्यशाळा आयोजित करण्यात आली.,Neutral,शेती
34,या साडीवरील नक्षीकाम खरोखरच आकर्षक आहे.,Positive,वेशभूषा
35,ऑर्डरमधील गोड पदार्थ पूर्णपणे गायब होता.,Negative,अन्न वितरण
36,नवीन मासिक पाससाठी अर्ज ऑनलाइन स्वीकारले जात आहेत.,Neutral,सार्वजनिक वाहतूक
37,सूचना इतक्या स्पष्ट होत्या की कोणतीही अडचण आली नाही.,Positive,मोबाईल अॅप्स
38,परताव्याची रक्कम अजूनही खात्यात जमा झालेली नाही.,Negative,ऑनलाइन खरेदी
39,नवीन विक्रेत्यांची नोंदणी पुढील आठवड्यात सुरू होईल.,Neutral,ऑनलाइन व्यापार
40,कर्मचाऱ्यांच्या विनम्र वागणुकीमुळे पुन्हा येथे येण्याची इच्छा झाली.,Positive,उपाहारगृह
41,चित्रपटातील कथा सुरुवातीलाच गोंधळलेली वाटली.,Negative,चित्रपट
42,लसीकरण शिबिर सकाळी नऊ वाजल्यापासून सुरू आहे.,Neutral,आरोग्यसेवा
43,शिक्षकांनी प्रत्येक विद्यार्थ्याला स्वतंत्र मार्गदर्शन केले.,Positive,शिक्षण
44,नवीन अद्ययावत आवृत्तीनंतर अनेक सुविधा गायब झाल्या.,Negative,तंत्रज्ञान
45,खाते पडताळणीसाठी आवश्यक कागदपत्रांची यादी प्रसिद्ध झाली आहे.,Neutral,बँकिंग
46,डोंगरमाथ्यावरून दिसणारे दृश्य मन मोहून टाकणारे होते.,Positive,प्रवास
47,पंचांच्या चुकीच्या निर्णयामुळे सामना वादग्रस्त ठरला.,Negative,क्रीडा
48,पुढील अधिवेशनाची तारीख अधिकृतपणे निश्चित करण्यात आली आहे.,Neutral,राजकारण
49,नाटकातील कलाकारांनी अप्रतिम अभिनय सादर केला.,Positive,मनोरंजन
50,मदतीसाठी अनेकदा संपर्क करूनही प्रतिसाद मिळाला नाही.,Negative,ग्राहक सेवा
51,विक्रेत्याने ऑर्डरसोबत छोटंसं आभारपत्र पाठवल्यामुळे खूप छान वाटलं.,Positive,ऑनलाइन व्यापार
52,जेवणातील भाजी पूर्णपणे थंड असल्यामुळे निराशा झाली.,Negative,उपाहारगृह
53,या चित्रपटाचे चित्रीकरण कोकणातील विविध ठिकाणी झाले आहे.,Neutral,चित्रपट
54,रुग्णालयातील परिचारिकांनी अतिशय काळजीपूर्वक सेवा दिली.,Positive,आरोग्यसेवा
55,वर्गातील प्रोजेक्टर बंद असल्यामुळे सादरीकरण पूर्ण होऊ शकले नाही.,Negative,शिक्षण
56,नवीन सुरक्षा धोरण आजपासून सर्व वापरकर्त्यांसाठी लागू करण्यात आले आहे.,Neutral,तंत्रज्ञान
57,मुदत ठेव उघडण्याची प्रक्रिया अपेक्षेपेक्षा खूप सोपी वाटली.,Positive,बँकिंग
58,पर्यटनस्थळी मार्गदर्शक वेळेवर आला नाही.,Negative,प्रवास
59,स्पर्धेच्या अंतिम फेरीसाठी निवड झालेल्या खेळाडूंची यादी प्रसिद्ध झाली आहे.,Neutral,क्रीडा
60,नागरिकांच्या सूचना स्वीकारण्यासाठी विशेष शिबिर आयोजित करण्यात आले.,Positive,राजकारण
61,कार्यक्रम सुरू होण्याआधीच अनेक तांत्रिक अडचणी निर्माण झाल्या.,Negative,मनोरंजन
62,तक्रार नोंदवल्यानंतर चौवीस तासांत उत्तर मिळेल असे सांगण्यात आले.,Neutral,ग्राहक सेवा
63,माझ्या लेखाला भरपूर सकारात्मक प्रतिक्रिया मिळाल्या.,Positive,सामाजिक माध्यमे
64,प्रमाणपत्रासाठी संकेतस्थळ वारंवार बंद पडत होते.,Negative,सरकारी सेवा
65,शेतकऱ्यांसाठी माती परीक्षण मोहिमेची घोषणा करण्यात आली आहे.,Neutral,शेती
66,या जॅकेटचे कापड अतिशय आरामदायी वाटले.,Positive,वेशभूषा
67,अन्न पोहोचायला इतका उशीर झाला की ऑर्डर रद्द करावी लागली.,Negative,अन्न वितरण
68,उद्यापासून नवीन बसमार्ग सुरू होणार असल्याची सूचना देण्यात आली.,Neutral,सार्वजनिक वाहतूक
69,ॲपमधील मराठी पर्यायामुळे वापर अधिक सोयीचा झाला.,Positive,मोबाईल अॅप्स
70,मिळालेल्या वस्तूचा आकार मागवलेल्या आकारापेक्षा वेगळा होता.,Negative,ऑनलाइन खरेदी
71,विक्री महोत्सवाची सुरुवात पुढील शुक्रवारी होणार आहे.,Neutral,ऑनलाइन व्यापार
72,मिठाईची चव इतकी छान होती की पुन्हा मागवण्याचा विचार केला.,Positive,उपाहारगृह
73,कथानक खूप संथ असल्यामुळे चित्रपट कंटाळवाणा वाटला.,Negative,चित्रपट
74,रक्तदान शिबिरात मोठ्या संख्येने नागरिकांनी सहभाग घेतला.,Neutral,आरोग्यसेवा
75,शिक्षकांनी अतिरिक्त वर्ग घेऊन सर्व शंका दूर केल्या.,Positive,शिक्षण
76,प्रणालीमध्ये माहिती जतन करताना वारंवार त्रुटी दिसत होत्या.,Negative,तंत्रज्ञान
77,नवीन एटीएम शाखेचे उद्घाटन आज करण्यात आले.,Neutral,बँकिंग
78,समुद्रकिनाऱ्यावरील स्वच्छतेने मन जिंकले.,Positive,प्रवास
79,सरावासाठी आवश्यक साहित्य वेळेवर उपलब्ध झाले नाही.,Negative,क्रीडा
80,निवडणुकीच्या प्रचारासाठी नवीन वेळापत्रक जाहीर झाले आहे.,Neutral,राजकारण
81,विनोदी कलाकारांच्या सादरीकरणामुळे प्रेक्षक खळखळून हसले.,Positive,मनोरंजन
82,सहाय्यकाने माझे बोलणे पूर्ण ऐकूनही कोणतीही मदत केली नाही.,Negative,ग्राहक सेवा
83,नवीन गोपनीयता नियमांविषयी माहिती सर्व वापरकर्त्यांना पाठवण्यात आली.,Neutral,सामाजिक माध्यमे
84,कार्यालयातील कर्मचाऱ्यांनी वृद्ध व्यक्तीला तत्काळ मदत केली.,Positive,सरकारी सेवा
85,पिकांवर अचानक आलेल्या रोगामुळे मोठे नुकसान झाले.,Negative,शेती
86,नवीन संग्रह पुढील आठवड्यापासून विक्रीसाठी उपलब्ध होईल.,Neutral,वेशभूषा
87,गरमागरम जेवण व्यवस्थित पॅक करून पोहोचवले गेले.,Positive,अन्न वितरण
88,तिकीट तपासणीदरम्यान अनावश्यक विलंब झाला.,Negative,सार्वजनिक वाहतूक
89,नवीन आवृत्तीत काही सुविधा तात्पुरत्या बंद ठेवण्यात आल्या आहेत.,Neutral,मोबाईल अॅप्स
90,परताव्याची प्रक्रिया अत्यंत जलद पूर्ण झाली.,Positive,ऑनलाइन खरेदी
91,सवलतीच्या नावाखाली चुकीची किंमत दाखवण्यात आली.,Negative,ऑनलाइन व्यापार
92,रेस्टॉरंट उद्या देखभालीसाठी बंद राहणार आहे.,Neutral,उपाहारगृह
93,पार्श्वसंगीतामुळे चित्रपटाचा प्रभाव अधिक वाढला.,Positive,चित्रपट
94,औषध मिळण्यासाठी खूप वेळ रांगेत थांबावे लागले.,Negative,आरोग्यसेवा
95,शैक्षणिक सहलीची यादी सूचना फलकावर लावण्यात आली आहे.,Neutral,शिक्षण
96,नवीन संगणकामुळे कामाचा वेग लक्षणीय वाढला.,Positive,तंत्रज्ञान
97,व्यवहार पूर्ण झाल्यानंतर चुकीचा संदेश प्राप्त झाला.,Negative,बँकिंग
98,या पर्यटनस्थळाचे प्रवेशद्वार सकाळी आठ वाजता उघडते.,Neutral,प्रवास
99,प्रशिक्षकांनी प्रत्येक खेळाडूच्या कामगिरीचे स्वतंत्र कौतुक केले.,Positive,क्रीडा
100,बैठकीत घेतलेल्या निर्णयांची अंमलबजावणी अजूनही सुरू झालेली नाही.,Negative,राजकारण
101,गावातील जुन्या वाचनालयाचे नूतनीकरण झाल्यामुळे आता तिथे बसून अभ्यास करायला आनंद वाटतो.,Positive,शिक्षण
102,मागवलेला दिवा चालू केल्यावर लगेच बंद पडला.,Negative,ऑनलाइन व्यापार
103,आजपासून नवीन बसमार्गावर अतिरिक्त फेऱ्या सुरू करण्यात आल्या आहेत.,Neutral,सार्वजनिक वाहतूक
104,लहान मुलांसाठी आयोजित विज्ञान प्रदर्शन खूप माहितीपूर्ण आणि आकर्षक होते.,Positive,शिक्षण
105,रेस्टॉरंटमध्ये ऑर्डर दिल्यानंतर बराच वेळ कोणीही विचारपूस केली नाही.,Negative,उपाहारगृह
106,या महिन्यातील वीजबिलाची रक्कम संकेतस्थळावर उपलब्ध झाली आहे.,Neutral,सरकारी सेवा
107,मोबाईलची बॅटरी दिवसभर उत्तम टिकली.,Positive,तंत्रज्ञान
108,चित्रपटगृहातील आसने अस्वच्छ असल्यामुळे संपूर्ण अनुभव खराब झाला.,Negative,चित्रपट
109,आरोग्य तपासणी शिबिर सकाळी दहा ते दुपारी दोन या वेळेत होणार आहे.,Neutral,आरोग्यसेवा
110,ग्राहकांच्या सूचनांनुसार उत्पादनात केलेले बदल खरोखर उपयोगी ठरले.,Positive,ऑनलाइन व्यापार
111,बँक खात्यातील व्यवहार चुकीच्या तारखेस दाखवले गेले.,Negative,बँकिंग
112,प्रवाशांसाठी नवीन आरक्षण नियम लागू करण्यात आले आहेत.,Neutral,प्रवास
113,प्रशिक्षकांनी प्रत्येक खेळाडूचा आत्मविश्वास वाढवण्यासाठी विशेष सराव घेतला.,Positive,क्रीडा
114,सभागृहात वातानुकूलन बंद असल्यामुळे बसणे कठीण झाले.,Negative,मनोरंजन
115,पुढील ग्रामसभेची सूचना गावातील सूचना फलकावर लावण्यात आली आहे.,Neutral,राजकारण
116,माझ्या प्रश्नाचे उत्तर प्रतिनिधीने अगदी शांतपणे समजावून सांगितले.,Positive,ग्राहक सेवा
117,तक्रार नोंदवूनही अनेक दिवस कोणताही प्रतिसाद मिळाला नाही.,Negative,ग्राहक सेवा
118,अधिकृत निवेदन दुपारी प्रसिद्ध होणार असल्याचे सांगण्यात आले.,Neutral,सरकारी सेवा
119,सेंद्रिय शेतीबाबत मिळालेले मार्गदर्शन अत्यंत उपयुक्त ठरले.,Positive,शेती
120,सततच्या अवकाळी पावसामुळे भाजीपाला खराब झाला.,Negative,शेती
121,या हंगामातील पेरणीचे अंदाजपत्रक जाहीर करण्यात आले आहे.,Neutral,शेती
122,उत्सवासाठी निवडलेला पारंपरिक पोशाख सर्वांना आवडला.,Positive,वेशभूषा
123,शिवण सुटल्यामुळे नवीन कपडे लगेच वापरता आले नाहीत.,Negative,वेशभूषा
124,नवीन संग्रह पुढील सोमवारपासून सर्व शाखांमध्ये उपलब्ध असेल.,Neutral,वेशभूषा
125,गरम पोळी आणि भाजी योग्य अवस्थेत पोहोचली.,Positive,अन्न वितरण
126,पेयाची बाटली पूर्णपणे गळत असल्याचे उघडल्यावर लक्षात आले.,Negative,अन्न वितरण
127,वितरणाची अपेक्षित वेळ ॲपमध्ये दाखवण्यात आली आहे.,Neutral,अन्न वितरण
128,रेल्वे वेळेआधी आल्यामुळे पुढचा प्रवास आरामात झाला.,Positive,सार्वजनिक वाहतूक
129,गर्दीमुळे बसमध्ये चढणेही कठीण झाले.,Negative,सार्वजनिक वाहतूक
130,स्थानकावरील चौकशी कक्ष सकाळी सहा वाजता उघडतो.,Neutral,सार्वजनिक वाहतूक
131,नवीन आवृत्तीमुळे ॲप अधिक वेगाने चालू लागले.,Positive,मोबाईल अॅप्स
132,प्रत्येक अद्ययावतीकरणानंतर पुन्हा लॉगिन करावे लागत असल्याने त्रास होतो.,Negative,मोबाईल अॅप्स
133,देखभालीसाठी सेवा काही काळ बंद राहील.,Neutral,मोबाईल अॅप्स
134,विक्रेत्याने वस्तू सुरक्षितपणे पॅक करून पाठवली.,Positive,ऑनलाइन खरेदी
135,ऑर्डर रद्द करूनही पैसे परत मिळण्यास खूप उशीर झाला.,Negative,ऑनलाइन खरेदी
136,सवलतीची योजना महिनाअखेरपर्यंत सुरू राहणार आहे.,Neutral,ऑनलाइन खरेदी
137,हॉटेलमधील गोड पदार्थाची चव अप्रतिम होती.,Positive,उपाहारगृह
138,जेवण वाढताना स्वच्छतेची अजिबात काळजी घेतली गेली नाही.,Negative,उपाहारगृह
139,आज विशेष भोजनाची स्वतंत्र यादी उपलब्ध आहे.,Neutral,उपाहारगृह
140,कथानकातील शेवट अनपेक्षित आणि प्रभावी वाटला.,Positive,चित्रपट
141,संवाद स्पष्ट ऐकू न आल्यामुळे कथा समजण्यात अडचण आली.,Negative,चित्रपट
142,चित्रपटाला प्रादेशिक पुरस्कारासाठी नामांकन मिळाले आहे.,Neutral,चित्रपट
143,तपासणीदरम्यान डॉक्टरांनी संयमाने सर्व प्रश्नांची उत्तरे दिली.,Positive,आरोग्यसेवा
144,औषधांचा साठा संपल्यामुळे पुन्हा यावे लागले.,Negative,आरोग्यसेवा
145,नवीन वैद्यकीय विभाग उद्यापासून कार्यरत होईल.,Neutral,आरोग्यसेवा
146,शिक्षकांनी कठीण विषय सोप्या उदाहरणांनी समजावला.,Positive,शिक्षण
147,प्रयोगासाठी लागणारे साहित्य वेळेवर उपलब्ध झाले नाही.,Negative,शिक्षण
148,पुढील अंतर्गत परीक्षेचे वेळापत्रक जाहीर करण्यात आले आहे.,Neutral,शिक्षण
149,इंटरनेटचा वेग वाढल्यामुळे काम पटकन पूर्ण झाले.,Positive,तंत्रज्ञान
150,संकेतस्थळावरून फाईल डाउनलोडच होत नव्हती.,Negative,तंत्रज्ञान
151,आजचा दिवस खूप छान गेला.,Positive,दैनंदिन जीवन
152,आजचा दिवस खूप वाईट गेला.,Negative,दैनंदिन जीवन
153,आज सकाळी सूर्य उगवला.,Neutral,दैनंदिन जीवन
154,आजच्या परीक्षेत मला चांगले गुण मिळाले.,Positive,शिक्षण
155,आजच्या परीक्षेत मला अपेक्षित गुण मिळाले नाहीत.,Negative,शिक्षण
156,आज कॉलेजमध्ये व्याख्यान झाले.,Neutral,शिक्षण
157,आजचे जेवण खूप स्वादिष्ट होते.,Positive,अन्न
158,आजचे जेवण अजिबात चांगले नव्हते.,Negative,अन्न
159,आज दुपारी भात आणि आमटी होती.,Neutral,अन्न
160,हा मोबाईल उत्तम काम करतो.,Positive,तंत्रज्ञान
161,या मोबाईलची बॅटरी लवकर संपते.,Negative,तंत्रज्ञान
162,या मोबाईलमध्ये १२८ जीबी स्टोरेज आहे.,Neutral,तंत्रज्ञान
163,प्रवास खूप आनंददायी झाला.,Positive,प्रवास
164,प्रवासात खूप अडचणी आल्या.,Negative,प्रवास
165,बस सकाळी आठ वाजता निघाली.,Neutral,प्रवास
166,आजचे हवामान आल्हाददायक आहे.,Positive,हवामान
167,आजचे हवामान खूप त्रासदायक आहे.,Negative,हवामान
168,आज ढगाळ वातावरण आहे.,Neutral,हवामान
169,आमच्या संघाने शानदार विजय मिळवला.,Positive,क्रीडा
170,आमचा संघ सामना हरला.,Negative,क्रीडा
171,आज क्रिकेटचा सामना आहे.,Neutral,क्रीडा
172,आज संपूर्ण कुटुंब एकत्र आले.,Positive,कुटुंब
173,आज घरी सतत वाद झाले.,Negative,कुटुंब
174,आज घरी पाहुणे आले.,Neutral,कुटुंब
175,ही वस्तू पैशाची पूर्ण किंमत वसूल आहे.,Positive,खरेदी
176,ही वस्तू निकृष्ट दर्जाची आहे.,Negative,खरेदी
177,दुकान सकाळी दहा वाजता उघडते.,Neutral,खरेदी
178,आता माझी तब्येत चांगली आहे.,Positive,आरोग्य
179,आज माझी तब्येत बरी नाही.,Negative,आरोग्य
180,आज डॉक्टरांची भेट आहे.,Neutral,आरोग्य
181,हा चित्रपट मनापासून आवडला.,Positive,चित्रपट
182,हा चित्रपट पूर्णपणे निराशाजनक होता.,Negative,चित्रपट
183,हा चित्रपट दोन तासांचा आहे.,Neutral,चित्रपट
184,येथील सेवा उत्कृष्ट होती.,Positive,रेस्टॉरंट
185,येथील अन्नाची चव अजिबात आवडली नाही.,Negative,रेस्टॉरंट
186,रेस्टॉरंट सकाळी अकरा वाजता उघडते.,Neutral,रेस्टॉरंट
187,आजचा प्रेझेंटेशन खूप चांगला झाला.,Positive,कॉलेज
188,आजचा प्रेझेंटेशन अपेक्षेप्रमाणे झाला नाही.,Negative,कॉलेज
189,आज कॉलेजमध्ये दोन व्याख्याने झाली.,Neutral,कॉलेज
190,या लॅपटॉपचा वेग खूप चांगला आहे.,Positive,तंत्रज्ञान
191,हा लॅपटॉप सतत हँग होतो.,Negative,तंत्रज्ञान
192,या लॅपटॉपमध्ये १६ जीबी रॅम आहे.,Neutral,तंत्रज्ञान
193,रेल्वे प्रवास आरामदायी होता.,Positive,प्रवास
194,प्रवासामुळे खूप त्रास झाला.,Negative,प्रवास
195,गाडी दुपारी तीन वाजता सुटते.,Neutral,प्रवास
196,औषध घेतल्यावर मला बरे वाटले.,Positive,आरोग्य
197,आज दिवसभर अशक्तपणा जाणवला.,Negative,आरोग्य
198,आज दुपारी डॉक्टरांची भेट आहे.,Neutral,आरोग्य
199,बँकेतील काम पटकन पूर्ण झाले.,Positive,बँक
200,बँकेत खूप वेळ रांगेत थांबावे लागले.,Negative,बँक
201,बँक सोमवार ते शुक्रवार सुरू असते.,Neutral,बँक
202,यंदा पिकाला चांगले उत्पादन आले.,Positive,शेती
203,अवकाळी पावसामुळे पिकांचे नुकसान झाले.,Negative,शेती
204,शेतात आज पाणी देण्यात आले.,Neutral,शेती
205,यंदाचा गणेशोत्सव आनंदात साजरा झाला.,Positive,सण
206,यंदा सणाचा उत्साह कमी वाटला.,Negative,सण
207,दिवाळी पुढील महिन्यात आहे.,Neutral,सण
208,ही माहिती खूप उपयुक्त वाटली.,Positive,सोशल मीडिया
209,या पोस्टमध्ये चुकीची माहिती होती.,Negative,सोशल मीडिया
210,आज नवीन पोस्ट प्रकाशित झाली.,Neutral,सोशल मीडिया
211,ऑनलाइन मागवलेले उत्पादन वेळेवर मिळाले.,Positive,ई-कॉमर्स
212,ऑनलाइन आलेले उत्पादन खराब निघाले.,Negative,ई-कॉमर्स
213,ऑर्डर काल नोंदवण्यात आली.,Neutral,ई-कॉमर्स
214,हे अॅप वापरण्यास खूप सोपे आहे.,Positive,मोबाईल अॅप
215,हे अॅप वारंवार बंद पडते.,Negative,मोबाईल अॅप
216,या अॅपची नवीन आवृत्ती उपलब्ध आहे.,Neutral,मोबाईल अॅप
217,हे पुस्तक प्रेरणादायी आहे.,Positive,पुस्तक
218,हे पुस्तक खूप कंटाळवाणे वाटले.,Negative,पुस्तक
219,या पुस्तकात दहा प्रकरणे आहेत.,Neutral,पुस्तक
220,आज मला नवीन नोकरीची ऑफर मिळाली.,Positive,नोकरी
221,माझा अर्ज नाकारण्यात आला.,Negative,नोकरी
222,मुलाखत पुढील सोमवारी आहे.,Neutral,नोकरी
223,उद्यानातील वातावरण खूप शांत होते.,Positive,उद्यान
224,उद्यानात सर्वत्र कचरा पडला होता.,Negative,उद्यान
225,उद्यान सकाळी सहा वाजता उघडते.,Neutral,उद्यान
226,हॉटेलची स्वच्छता उत्कृष्ट होती.,Positive,हॉटेल
227,हॉटेलची खोली अस्वच्छ होती.,Negative,हॉटेल
228,हॉटेलमध्ये शंभर खोल्या आहेत.,Neutral,हॉटेल
229,हे गाणे ऐकून मन प्रसन्न झाले.,Positive,संगीत
230,या गाण्याचा आवाज स्पष्ट नव्हता.,Negative,संगीत
231,कार्यक्रमात पाच गाणी सादर झाली.,Neutral,संगीत
232,या ठिकाणचे निसर्गसौंदर्य अप्रतिम आहे.,Positive,पर्यटन
233,प्रवासादरम्यान अनेक अडचणी आल्या.,Negative,पर्यटन
234,हे ठिकाण जिल्ह्यापासून तीस किलोमीटरवर आहे.,Neutral,पर्यटन
235,समस्येचे निराकरण लगेच झाले.,Positive,ग्राहक सेवा
236,माझ्या तक्रारीकडे दुर्लक्ष करण्यात आले.,Negative,ग्राहक सेवा
237,तक्रार क्रमांक संदेशाद्वारे पाठवला गेला.,Neutral,ग्राहक सेवा
238,शिक्षकांनी विषय खूप छान समजावला.,Positive,ऑनलाइन वर्ग
239,इंटरनेटमुळे वर्ग व्यवस्थित झाला नाही.,Negative,ऑनलाइन वर्ग
240,वर्ग सकाळी नऊ वाजता सुरू होतो.,Neutral,ऑनलाइन वर्ग
241,माझे बँकेचे काम काही मिनिटांत पूर्ण झाले.,Positive,बँकिंग
242,व्यवहार पूर्ण होण्यासाठी खूप वेळ लागला.,Negative,बँकिंग
243,बँक सकाळी दहा वाजता सुरू होते.,Neutral,बँकिंग
244,डॉक्टरांच्या उपचारांमुळे मला आराम मिळाला.,Positive,आरोग्य
245,औषधांचा काहीच फायदा झाला नाही.,Negative,आरोग्य
246,आज दवाखान्यात नियमित तपासणी झाली.,Neutral,आरोग्य
247,ऑनलाइन प्रमाणपत्र सहज मिळाले.,Positive,सरकारी सेवा
248,अर्ज मंजूर होण्यासाठी वारंवार फेऱ्या माराव्या लागल्या.,Negative,सरकारी सेवा
249,अर्ज ऑनलाइन सादर करण्यात आला.,Neutral,सरकारी सेवा
250,आज थंड वाऱ्यामुळे वातावरण आनंददायी झाले.,Positive,हवामान
251,उकाड्यामुळे दिवसभर त्रास झाला.,Negative,हवामान
252,आज कमाल तापमान ३२ अंश आहे.,Neutral,हवामान
253,शेतात यंदा भरघोस पीक आले.,Positive,शेती
254,कीड लागल्यामुळे पिकांचे नुकसान झाले.,Negative,शेती
255,आज शेतात पाणी सोडण्यात आले.,Neutral,शेती
256,मेट्रोचा प्रवास अतिशय सोयीचा वाटला.,Positive,वाहतूक
257,वाहतूक कोंडीमुळे खूप उशीर झाला.,Negative,वाहतूक
258,बस दुपारी दोन वाजता सुटते.,Neutral,वाहतूक
259,मुख्य कलाकाराचा अभिनय उत्कृष्ट होता.,Positive,चित्रपट
260,चित्रपटाची कथा अजिबात आवडली नाही.,Negative,चित्रपट
261,चित्रपटाचा कालावधी दोन तास आहे.,Neutral,चित्रपट
262,येथील मिठाई खूप स्वादिष्ट होती.,Positive,रेस्टॉरंट
263,अन्न थंड आणि बेचव होते.,Negative,रेस्टॉरंट
264,रेस्टॉरंट रात्री अकरापर्यंत खुले असते.,Neutral,रेस्टॉरंट
265,यंदाचा सण आनंदाने साजरा झाला.,Positive,सण
266,पावसामुळे सणाचा आनंद कमी झाला.,Negative,सण
267,उद्या सार्वजनिक सुट्टी आहे.,Neutral,सण
268,या व्हिडिओमधून नवीन माहिती मिळाली.,Positive,सोशल मीडिया
269,या पोस्टमध्ये दिशाभूल करणारी माहिती होती.,Negative,सोशल मीडिया
270,आज नवीन व्हिडिओ अपलोड करण्यात आला.,Neutral,सोशल मीडिया
271,आजच्या कार्यशाळेत मला खूप नवीन गोष्टी शिकायला मिळाल्या.,Positive,शिक्षण
272,अचानक झालेल्या परीक्षेमुळे तयारी अपुरी राहिली.,Negative,शिक्षण
273,आज महाविद्यालयात दोन तासांचे व्याख्यान झाले.,Neutral,शिक्षण
274,या दुकानातील वस्तूंची गुणवत्ता उत्कृष्ट आहे.,Positive,खरेदी
275,मिळालेली वस्तू तुटलेल्या अवस्थेत होती.,Negative,खरेदी
276,दुकान सकाळी नऊ वाजता सुरू होते.,Neutral,खरेदी
277,नवीन सॉफ्टवेअरमुळे माझे काम सोपे झाले.,Positive,तंत्रज्ञान
278,सिस्टम वारंवार बंद पडत असल्याने काम थांबले.,Negative,तंत्रज्ञान
279,या संगणकात आठ जीबी रॅम आहे.,Neutral,तंत्रज्ञान
280,डोंगरातील सहल अविस्मरणीय ठरली.,Positive,प्रवास
281,वाहतूक कोंडीमुळे नियोजित वेळ चुकली.,Negative,प्रवास
282,रेल्वे दुपारी चार वाजता स्टेशनवर पोहोचली.,Neutral,प्रवास
283,घरचे जेवण नेहमीच मनाला समाधान देते.,Positive,अन्न
284,हॉटेलमधील जेवणाची चव निराशाजनक होती.,Negative,अन्न
285,आज दुपारच्या जेवणात पोळी आणि भाजी होती.,Neutral,अन्न
286,नियमित व्यायामामुळे माझी तब्येत सुधारली.,Positive,आरोग्य
287,आज दिवसभर डोकेदुखीमुळे त्रास झाला.,Negative,आरोग्य
288,उद्या सकाळी आरोग्य तपासणी आहे.,Neutral,आरोग्य
289,आमच्या संघाने उत्कृष्ट खेळ करून विजय मिळवला.,Positive,क्रीडा
290,संघाच्या चुकीच्या खेळामुळे सामना गमवावा लागला.,Negative,क्रीडा
291,सामना संध्याकाळी सात वाजता सुरू होईल.,Neutral,क्रीडा
292,आज संध्याकाळचा वेळ कुटुंबासोबत आनंदात गेला.,Positive,कुटुंब
293,लहानशा कारणावरून घरात वाद झाला.,Negative,कुटुंब
294,आज घरी नातेवाईक भेटायला आले.,Neutral,कुटुंब
295,आजचे थंड वातावरण फिरण्यासाठी योग्य होते.,Positive,हवामान
296,मुसळधार पावसामुळे सर्व कामे खोळंबली.,Negative,हवामान
297,आज कमाल तापमान तीस अंश नोंदवले गेले.,Neutral,हवामान
298,नाटकातील कलाकारांनी अप्रतिम अभिनय केला.,Positive,मनोरंजन
299,चित्रपटाची कथा खूपच कमकुवत वाटली.,Negative,मनोरंजन
300,कार्यक्रमाचे तिकीट ऑनलाइन उपलब्ध आहे.,Neutral,मनोरंजन
301,आजच्या कार्यशाळेत मला नवीन कौशल्य शिकायला मिळाले.,Positive,शिक्षण
302,आजच्या परीक्षेत माझी तयारी अपुरी पडली.,Negative,शिक्षण
303,आज कॉलेजमध्ये दोन तासांचे व्याख्यान झाले.,Neutral,शिक्षण
304,या संगणकाची कार्यक्षमता अपेक्षेपेक्षा चांगली आहे.,Positive,तंत्रज्ञान
305,हा प्रिंटर वारंवार बंद पडतो.,Negative,तंत्रज्ञान
306,या संगणकात विंडोज स्थापित आहे.,Neutral,तंत्रज्ञान
307,डोंगरातील निसर्ग पाहून मन प्रसन्न झाले.,Positive,प्रवास
308,रस्त्यावरील वाहतुकीमुळे खूप वेळ वाया गेला.,Negative,प्रवास
309,रेल्वे सकाळी सात वाजता सुटली.,Neutral,प्रवास
310,आज दिवसभर डोकेदुखीचा त्रास झाला.,Negative,आरोग्य
311,आज रुग्णालयात नियमित तपासणी झाली.,Neutral,आरोग्य
312,या दुकानातील सेवा अतिशय समाधानकारक होती.,Positive,खरेदी
313,मिळालेल्या उत्पादनाचा दर्जा खराब होता.,Negative,खरेदी
314,दुकान रात्री नऊ वाजेपर्यंत खुले असते.,Neutral,खरेदी
315,आमच्या संघाने उत्कृष्ट खेळ दाखवला.,Positive,क्रीडा
316,आमच्या संघाने अनेक चुका केल्या.,Negative,क्रीडा
317,सामना संध्याकाळी सहा वाजता सुरू होईल.,Neutral,क्रीडा
318,आईने केलेले जेवण खूप स्वादिष्ट होते.,Positive,अन्न
319,हॉटेलमधील अन्न ताजे नव्हते.,Negative,अन्न
320,आजच्या मेनूमध्ये भाजी आणि पोळी होती.,Neutral,अन्न
321,आज सकाळचे वातावरण खूप आल्हाददायक होते.,Positive,हवामान
322,मुसळधार पावसामुळे सर्व कामे अडकली.,Negative,हवामान
323,आज कमाल तापमान ३० अंश नोंदले गेले.,Neutral,हवामान
324,आजचे काम वेळेआधी पूर्ण झाले.,Positive,कार्यालय
325,सिस्टम बंद असल्याने काम पूर्ण झाले नाही.,Negative,कार्यालय
326,बैठक दुपारी तीन वाजता आयोजित करण्यात आली.,Neutral,कार्यालय
327,सर्वांनी मिळून सण उत्साहात साजरा केला.,Positive,सण
328,वीज नसल्यामुळे सणाचा आनंद कमी झाला.,Negative,सण
329,उद्या स्थानिक सुट्टी जाहीर करण्यात आली.,Neutral,सण
330,आजच्या ऑनलाइन कार्यशाळेमुळे नवीन कौशल्य आत्मसात करता आले.,Positive,शिक्षण
331,वर्गातील ध्वनीव्यवस्था व्यवस्थित नसल्यामुळे शिकण्यात अडचण आली.,Negative,शिक्षण
332,उद्या प्रयोगशाळेचे वेळापत्रक जाहीर केले जाईल.,Neutral,शिक्षण
333,डॉक्टरांनी योग्य उपचार दिल्यामुळे लवकर बरे वाटले.,Positive,आरोग्यसेवा
334,रुग्णालयात तपासणीसाठी खूप वेळ प्रतीक्षा करावी लागली.,Negative,आरोग्यसेवा
335,आरोग्य शिबिर सकाळी दहा वाजता सुरू होणार आहे.,Neutral,आरोग्यसेवा
336,नवीन मोबाईलचा कॅमेरा अप्रतिम काम करतो.,Positive,तंत्रज्ञान
337,सॉफ्टवेअर अपडेटनंतर फोन वारंवार अडकू लागला.,Negative,तंत्रज्ञान
338,नवीन आवृत्ती आज सर्वांसाठी उपलब्ध झाली.,Neutral,तंत्रज्ञान
339,बँकेतील कर्मचाऱ्यांनी अत्यंत नम्रपणे मदत केली.,Positive,बँकिंग
340,ऑनलाइन व्यवहार अयशस्वी झाल्यामुळे त्रास झाला.,Negative,बँकिंग
341,नवीन खाते उघडण्यासाठी आवश्यक कागदपत्रांची माहिती देण्यात आली.,Neutral,बँकिंग
342,सुट्टीतील सहल अविस्मरणीय ठरली.,Positive,प्रवास
343,हॉटेलमध्ये दिलेली खोली अपेक्षेपेक्षा खराब होती.,Negative,प्रवास
344,पर्यटनस्थळ सकाळी आठ वाजता खुले होईल.,Neutral,प्रवास
345,संघाने उत्कृष्ट कामगिरी करून स्पर्धा जिंकली.,Positive,क्रीडा
346,खेळादरम्यान पंचांनी चुकीचा निर्णय दिला.,Negative,क्रीडा
347,अंतिम सामना रविवारी आयोजित करण्यात आला आहे.,Neutral,क्रीडा
348,नवीन चित्रपटाचे संगीत खूप आवडले.,Positive,चित्रपट
349,चित्रपटाचा शेवट खूपच निराशाजनक वाटला.,Negative,चित्रपट
350,चित्रपट पुढील आठवड्यात प्रदर्शित होईल.,Neutral,चित्रपट
351,जेवणाची गुणवत्ता आणि चव दोन्ही उत्कृष्ट होती.,Positive,उपाहारगृह
352,ऑर्डर येण्यासाठी खूप उशीर झाला.,Negative,उपाहारगृह
353,आज विशेष मेनू उपलब्ध आहे.,Neutral,उपाहारगृह
354,ऑर्डर वेळेवर आणि सुरक्षितपणे पोहोचली.,Positive,ऑनलाइन व्यापार
355,मिळालेल्या वस्तूमध्ये दोष आढळला.,Negative,ऑनलाइन व्यापार
356,नवीन ऑफर उद्यापासून सुरू होणार आहे.,Neutral,ऑनलाइन व्यापार
357,डिलिव्हरी बॉयने अत्यंत विनम्र सेवा दिली.,Positive,अन्न वितरण
358,अन्न थंड अवस्थेत मिळाले.,Negative,अन्न वितरण
359,डिलिव्हरीची स्थिती ॲपमध्ये दाखवली जात आहे.,Neutral,अन्न वितरण
360,नवीन फीचरमुळे ॲप वापरणे सोपे झाले.,Positive,मोबाईल अॅप्स
361,लॉगिन करताना सतत त्रुटी येत होत्या.,Negative,मोबाईल अॅप्स
362,देखभालीसाठी सेवा काही वेळ बंद राहील.,Neutral,मोबाईल अॅप्स
363,सरकारी कार्यालयात काम अपेक्षेपेक्षा लवकर झाले.,Positive,सरकारी सेवा
364,प्रमाणपत्र मिळवण्यासाठी अनेक वेळा जावे लागले.,Negative,सरकारी सेवा
365,नवीन अर्ज प्रक्रिया ऑनलाइन उपलब्ध आहे.,Neutral,सरकारी सेवा
366,पोस्टवरील सकारात्मक प्रतिसाद पाहून आनंद झाला.,Positive,सामाजिक माध्यमे
367,खोट्या माहितीमुळे अनेकांचा गोंधळ झाला.,Negative,सामाजिक माध्यमे
368,आज नवीन सूचना प्रकाशित करण्यात आली.,Neutral,सामाजिक माध्यमे
369,शेतातील पीक यावर्षी उत्कृष्ट आले.,Positive,शेती
370,अतिवृष्टीमुळे पिकांचे मोठे नुकसान झाले.,Negative,शेती
371,खत वितरणाची तारीख जाहीर झाली आहे.,Neutral,शेती
372,नवीन ड्रेस सर्वांना खूप आवडला.,Positive,वेशभूषा
373,कपड्याची शिवण काही दिवसांतच सुटली.,Negative,वेशभूषा
374,नवीन कलेक्शन लवकरच उपलब्ध होईल.,Neutral,वेशभूषा
375,तिकीट बुकिंग प्रक्रिया अगदी सोपी होती.,Positive,मनोरंजन
376,कार्यक्रमाची सुरुवात खूप उशिरा झाली.,Negative,मनोरंजन
377,कार्यक्रम संध्याकाळी सात वाजता सुरू होईल.,Neutral,मनोरंजन
378,ग्राहक प्रतिनिधीने समस्या त्वरित सोडवली.,Positive,ग्राहक सेवा
379,तक्रारीकडे कोणतेही लक्ष दिले गेले नाही.,Negative,ग्राहक सेवा
380,तक्रार क्रमांक ईमेलद्वारे पाठवण्यात आला.,Neutral,ग्राहक सेवा
381,बस वेळेवर आल्यामुळे प्रवास सुखकर झाला.,Positive,सार्वजनिक वाहतूक
382,रेल्वे उशिरा आल्यामुळे नियोजन बिघडले.,Negative,सार्वजनिक वाहतूक
383,नवीन वेळापत्रक प्रसिद्ध करण्यात आले आहे.,Neutral,सार्वजनिक वाहतूक
384,ऑनलाइन खरेदीचा अनुभव उत्कृष्ट होता.,Positive,ऑनलाइन खरेदी
385,परताव्यासाठी खूप दिवस वाट पाहावी लागली.,Negative,ऑनलाइन खरेदी
386,सवलत योजना महिनाअखेरपर्यंत सुरू आहे.,Neutral,ऑनलाइन खरेदी
387,शिक्षकांनी प्रत्येक विद्यार्थ्याला प्रोत्साहन दिले.,Positive,शिक्षण
388,प्रोजेक्टर बंद असल्यामुळे वर्ग थांबवावा लागला.,Negative,शिक्षण
389,अभ्यासक्रमाची नवीन रूपरेषा प्रसिद्ध झाली.,Neutral,शिक्षण
390,रक्तदान केल्याचा आनंद वेगळाच होता.,Positive,आरोग्यसेवा
391,औषध उपलब्ध नसल्यामुळे पुन्हा यावे लागले.,Negative,आरोग्यसेवा
392,लसीकरण मोहीम पुढील आठवड्यात सुरू होईल.,Neutral,आरोग्यसेवा
393,नवीन संगणकामुळे कामाचा वेग वाढला.,Positive,तंत्रज्ञान
394,इंटरनेट वारंवार बंद पडत होते.,Negative,तंत्रज्ञान
395,सिस्टमची देखभाल सुरू आहे.,Neutral,तंत्रज्ञान
396,कर्ज मंजुरी लवकर मिळाली.,Positive,बँकिंग
397,एटीएममधून पैसे निघाले नाहीत.,Negative,बँकिंग
398,व्याजदरात कोणताही बदल झालेला नाही.,Neutral,बँकिंग
399,डोंगरातील हवा अतिशय आल्हाददायक होती.,Positive,प्रवास
400,प्रवासादरम्यान सामान हरवले.,Negative,प्रवास
401,बसस्थानकावर नवीन सुविधा उपलब्ध करण्यात आल्या.,Neutral,प्रवास
402,संघाच्या मेहनतीचे फळ विजयाच्या रूपाने मिळाले.,Positive,क्रीडा
403,खेळाडू दुखापतीमुळे स्पर्धेत सहभागी होऊ शकला नाही.,Negative,क्रीडा
404,सराव सकाळी सहा वाजता सुरू होईल.,Neutral,क्रीडा
405,चित्रपटातील अभिनय खूप प्रभावी होता.,Positive,चित्रपट
406,कथानक खूपच कमकुवत वाटले.,Negative,चित्रपट
407,चित्रपटाचा ट्रेलर आज प्रदर्शित झाला.,Neutral,चित्रपट
408,रेस्टॉरंटमधील सेवा अपेक्षेपेक्षा चांगली होती.,Positive,उपाहारगृह
409,अन्नामध्ये पुरेशी चव नव्हती.,Negative,उपाहारगृह
410,रेस्टॉरंट रात्री दहा वाजेपर्यंत खुले राहील.,Neutral,उपाहारगृह
411,मागवलेले उत्पादन उत्तम दर्जाचे होते.,Positive,ऑनलाइन व्यापार
412,पॅकेज उघडल्यावर वस्तू तुटलेली आढळली.,Negative,ऑनलाइन व्यापार
413,ऑर्डर प्रक्रिया सुरू आहे.,Neutral,ऑनलाइन व्यापार
414,गरम जेवण योग्य वेळेत मिळाले.,Positive,अन्न वितरण
415,डिलिव्हरी चुकीच्या पत्त्यावर झाली.,Negative,अन्न वितरण
416,ऑर्डर स्वीकारण्यात आली आहे.,Neutral,अन्न वितरण
417,नवीन अपडेटमुळे ॲप अधिक वेगवान झाले.,Positive,मोबाईल अॅप्स
418,ॲप सतत क्रॅश होत होते.,Negative,मोबाईल अॅप्स
419,नवीन आवृत्ती डाउनलोडसाठी उपलब्ध आहे.,Neutral,मोबाईल अॅप्स
420,ऑनलाइन अर्ज सहज मंजूर झाला.,Positive,सरकारी सेवा
421,संकेतस्थळावरून फॉर्म डाउनलोड होत नव्हता.,Negative,सरकारी सेवा
422,नवीन सूचना अधिकृत संकेतस्थळावर प्रसिद्ध झाली.,Neutral,सरकारी सेवा
423,माझ्या पोस्टला भरपूर पसंती मिळाली.,Positive,सामाजिक माध्यमे
424,खोट्या अफवांमुळे गोंधळ निर्माण झाला.,Negative,सामाजिक माध्यमे
425,नवीन नियम आजपासून लागू झाले आहेत.,Neutral,सामाजिक माध्यमे
426,शेतकऱ्यांना योग्य मार्गदर्शन मिळाले.,Positive,शेती
427,पाण्याअभावी पीक वाळू लागले.,Negative,शेती
428,बियाण्यांचे वितरण उद्या सुरू होईल.,Neutral,शेती
429,नवीन पोशाखामुळे आत्मविश्वास वाढला.,Positive,वेशभूषा
430,शिक्षण क्षेत्रात नवीन उपक्रमामुळे सर्वांना मोठा फायदा झाला.,Positive,शिक्षण
431,आरोग्य विभागात सेवा समाधानकारक नव्हती.,Negative,आरोग्यसेवा
432,तंत्रज्ञान संदर्भात सेवा नियमित वेळेनुसार सुरू राहील.,Neutral,तंत्रज्ञान
433,बँकिंग क्षेत्रात सर्वांनी उत्साहाने सहभाग नोंदवला.,Positive,बँकिंग
434,प्रवास विभागात व्यवस्था पूर्णपणे विस्कळीत झाली.,Negative,प्रवास
435,क्रीडा संदर्भात अहवाल पुढील आठवड्यात सादर केला जाईल.,Neutral,क्रीडा
436,चित्रपट क्षेत्रात कार्यक्षमता लक्षणीयरीत्या वाढली.,Positive,चित्रपट
437,रेस्टॉरंट विभागात माहिती अपूर्ण असल्यामुळे गोंधळ झाला.,Negative,उपाहारगृह
438,ई-कॉमर्स संदर्भात सूचना सर्व संबंधितांना पाठवण्यात आली.,Neutral,ऑनलाइन व्यापार
439,अन्न वितरण क्षेत्रात कामगिरीचे सर्वांनी कौतुक केले.,Positive,अन्न वितरण
440,मोबाईल अॅप विभागात वारंवार त्रुटी आल्यामुळे काम अडले.,Negative,मोबाईल अॅप्स
441,सरकारी सेवा संदर्भात बैठकीची तारीख निश्चित करण्यात आली आहे.,Neutral,सरकारी सेवा
442,सोशल मीडिया क्षेत्रात सेवेच्या गुणवत्तेने समाधान मिळाले.,Positive,सामाजिक माध्यमे
443,शेती विभागात अपेक्षित गुणवत्ता मिळाली नाही.,Negative,शेती
444,फॅशन संदर्भात नोंदणी प्रक्रिया सुरू करण्यात आली आहे.,Neutral,वेशभूषा
445,मनोरंजन क्षेत्रात नवीन सुविधेमुळे वेळेची बचत झाली.,Positive,मनोरंजन
446,ग्राहक सेवा विभागात सिस्टम अचानक बंद पडली.,Negative,ग्राहक सेवा
447,सार्वजनिक वाहतूक संदर्भात नवीन नियम लागू झाले आहेत.,Neutral,सार्वजनिक वाहतूक
448,ऑनलाइन खरेदी क्षेत्रात अनुभव संस्मरणीय ठरला.,Positive,ऑनलाइन खरेदी
449,कार्यालय विभागात प्रक्रिया खूप वेळखाऊ ठरली.,Negative,कार्यालय
450,शिक्षण संदर्भात बैठकीची तारीख निश्चित करण्यात आली आहे.,Neutral,शिक्षण
451,आरोग्य क्षेत्रात सेवेच्या गुणवत्तेने समाधान मिळाले.,Positive,आरोग्यसेवा
452,तंत्रज्ञान विभागात अपेक्षित गुणवत्ता मिळाली नाही.,Negative,तंत्रज्ञान
453,बँकिंग संदर्भात नोंदणी प्रक्रिया सुरू करण्यात आली आहे.,Neutral,बँकिंग
454,प्रवास क्षेत्रात नवीन सुविधेमुळे वेळेची बचत झाली.,Positive,प्रवास
455,क्रीडा विभागात सिस्टम अचानक बंद पडली.,Negative,क्रीडा
456,चित्रपट संदर्भात नवीन नियम लागू झाले आहेत.,Neutral,चित्रपट
457,रेस्टॉरंट क्षेत्रात अनुभव संस्मरणीय ठरला.,Positive,उपाहारगृह
458,ई-कॉमर्स विभागात प्रक्रिया खूप वेळखाऊ ठरली.,Negative,ऑनलाइन व्यापार
459,अन्न वितरण संदर्भात नवीन मार्गदर्शक सूचना प्रसिद्ध करण्यात आल्या.,Neutral,अन्न वितरण
460,मोबाईल अॅप क्षेत्रात काम उत्कृष्टरीत्या पूर्ण करण्यात आले.,Positive,मोबाईल अॅप्स
461,सरकारी सेवा विभागात अनावश्यक विलंबामुळे गैरसोय झाली.,Negative,सरकारी सेवा
462,सोशल मीडिया संदर्भात अधिकृत माहिती संकेतस्थळावर उपलब्ध आहे.,Neutral,सामाजिक माध्यमे
463,शेती क्षेत्रात व्यवस्था अपेक्षेपेक्षा अधिक चांगली होती.,Positive,शेती
464,फॅशन विभागात संपर्क साधण्यात अडचणी आल्या.,Negative,वेशभूषा
465,मनोरंजन संदर्भात वेळापत्रक अद्ययावत करण्यात आले आहे.,Neutral,मनोरंजन
466,ग्राहक सेवा क्षेत्रात प्रतिक्रिया अत्यंत सकारात्मक मिळाली.,Positive,ग्राहक सेवा
467,सार्वजनिक वाहतूक विभागात निकाल निराशाजनक ठरला.,Negative,सार्वजनिक वाहतूक
468,ऑनलाइन खरेदी संदर्भात पुढील टप्प्याची तयारी सुरू आहे.,Neutral,ऑनलाइन खरेदी
469,कार्यालय क्षेत्रात नवीन उपक्रमामुळे सर्वांना मोठा फायदा झाला.,Positive,कार्यालय
470,शिक्षण विभागात अनावश्यक विलंबामुळे गैरसोय झाली.,Negative,शिक्षण
471,आरोग्य संदर्भात अधिकृत माहिती संकेतस्थळावर उपलब्ध आहे.,Neutral,आरोग्यसेवा
472,तंत्रज्ञान क्षेत्रात व्यवस्था अपेक्षेपेक्षा अधिक चांगली होती.,Positive,तंत्रज्ञान
473,बँकिंग विभागात संपर्क साधण्यात अडचणी आल्या.,Negative,बँकिंग
474,प्रवास संदर्भात वेळापत्रक अद्ययावत करण्यात आले आहे.,Neutral,प्रवास
475,क्रीडा क्षेत्रात प्रतिक्रिया अत्यंत सकारात्मक मिळाली.,Positive,क्रीडा
476,चित्रपट विभागात निकाल निराशाजनक ठरला.,Negative,चित्रपट
477,रेस्टॉरंट संदर्भात पुढील टप्प्याची तयारी सुरू आहे.,Neutral,उपाहारगृह
478,ई-कॉमर्स क्षेत्रात नवीन उपक्रमामुळे सर्वांना मोठा फायदा झाला.,Positive,ऑनलाइन व्यापार
479,अन्न वितरण विभागात सेवा समाधानकारक नव्हती.,Negative,अन्न वितरण
480,मोबाईल अॅप संदर्भात सेवा नियमित वेळेनुसार सुरू राहील.,Neutral,मोबाईल अॅप्स
481,सरकारी सेवा क्षेत्रात सर्वांनी उत्साहाने सहभाग नोंदवला.,Positive,सरकारी सेवा
482,सोशल मीडिया विभागात व्यवस्था पूर्णपणे विस्कळीत झाली.,Negative,सामाजिक माध्यमे
483,शेती संदर्भात अहवाल पुढील आठवड्यात सादर केला जाईल.,Neutral,शेती
484,फॅशन क्षेत्रात कार्यक्षमता लक्षणीयरीत्या वाढली.,Positive,वेशभूषा
485,मनोरंजन विभागात माहिती अपूर्ण असल्यामुळे गोंधळ झाला.,Negative,मनोरंजन
486,ग्राहक सेवा संदर्भात सूचना सर्व संबंधितांना पाठवण्यात आली.,Neutral,ग्राहक सेवा
487,सार्वजनिक वाहतूक क्षेत्रात कामगिरीचे सर्वांनी कौतुक केले.,Positive,सार्वजनिक वाहतूक
488,ऑनलाइन खरेदी विभागात वारंवार त्रुटी आल्यामुळे काम अडले.,Negative,ऑनलाइन खरेदी
489,कार्यालय संदर्भात बैठकीची तारीख निश्चित करण्यात आली आहे.,Neutral,कार्यालय
490,शिक्षण क्षेत्रात सर्वांनी उत्साहाने सहभाग नोंदवला.,Positive,शिक्षण
491,आरोग्य विभागात व्यवस्था पूर्णपणे विस्कळीत झाली.,Negative,आरोग्यसेवा
492,तंत्रज्ञान संदर्भात अहवाल पुढील आठवड्यात सादर केला जाईल.,Neutral,तंत्रज्ञान
493,बँकिंग क्षेत्रात कार्यक्षमता लक्षणीयरीत्या वाढली.,Positive,बँकिंग
494,प्रवास विभागात माहिती अपूर्ण असल्यामुळे गोंधळ झाला.,Negative,प्रवास
495,क्रीडा संदर्भात सूचना सर्व संबंधितांना पाठवण्यात आली.,Neutral,क्रीडा
496,चित्रपट क्षेत्रात कामगिरीचे सर्वांनी कौतुक केले.,Positive,चित्रपट
497,रेस्टॉरंट विभागात वारंवार त्रुटी आल्यामुळे काम अडले.,Negative,उपाहारगृह
498,ई-कॉमर्स संदर्भात बैठकीची तारीख निश्चित करण्यात आली आहे.,Neutral,ऑनलाइन व्यापार
499,अन्न वितरण क्षेत्रात सेवेच्या गुणवत्तेने समाधान मिळाले.,Positive,अन्न वितरण
500,मोबाईल अॅप विभागात अपेक्षित गुणवत्ता मिळाली नाही.,Negative,मोबाईल अॅप्स
501,सरकारी सेवा संदर्भात नोंदणी प्रक्रिया सुरू करण्यात आली आहे.,Neutral,सरकारी सेवा
502,सोशल मीडिया क्षेत्रात नवीन सुविधेमुळे वेळेची बचत झाली.,Positive,सामाजिक माध्यमे
503,शेती विभागात सिस्टम अचानक बंद पडली.,Negative,शेती
504,फॅशन संदर्भात नवीन नियम लागू झाले आहेत.,Neutral,वेशभूषा
505,मनोरंजन क्षेत्रात अनुभव संस्मरणीय ठरला.,Positive,मनोरंजन
506,ग्राहक सेवा विभागात प्रक्रिया खूप वेळखाऊ ठरली.,Negative,ग्राहक सेवा
507,सार्वजनिक वाहतूक संदर्भात नवीन मार्गदर्शक सूचना प्रसिद्ध करण्यात आल्या.,Neutral,सार्वजनिक वाहतूक
508,ऑनलाइन खरेदी क्षेत्रात काम उत्कृष्टरीत्या पूर्ण करण्यात आले.,Positive,ऑनलाइन खरेदी
509,कार्यालय विभागात अनावश्यक विलंबामुळे गैरसोय झाली.,Negative,कार्यालय
510,शिक्षण संदर्भात नोंदणी प्रक्रिया सुरू करण्यात आली आहे.,Neutral,शिक्षण
511,आरोग्य क्षेत्रात नवीन सुविधेमुळे वेळेची बचत झाली.,Positive,आरोग्यसेवा
512,तंत्रज्ञान विभागात सिस्टम अचानक बंद पडली.,Negative,तंत्रज्ञान
513,बँकिंग संदर्भात नवीन नियम लागू झाले आहेत.,Neutral,बँकिंग
514,प्रवास क्षेत्रात अनुभव संस्मरणीय ठरला.,Positive,प्रवास
515,क्रीडा विभागात प्रक्रिया खूप वेळखाऊ ठरली.,Negative,क्रीडा
516,चित्रपट संदर्भात नवीन मार्गदर्शक सूचना प्रसिद्ध करण्यात आल्या.,Neutral,चित्रपट
517,रेस्टॉरंट क्षेत्रात काम उत्कृष्टरीत्या पूर्ण करण्यात आले.,Positive,उपाहारगृह
518,ई-कॉमर्स विभागात अनावश्यक विलंबामुळे गैरसोय झाली.,Negative,ऑनलाइन व्यापार
519,अन्न वितरण संदर्भात अधिकृत माहिती संकेतस्थळावर उपलब्ध आहे.,Neutral,अन्न वितरण
520,मोबाईल अॅप क्षेत्रात व्यवस्था अपेक्षेपेक्षा अधिक चांगली होती.,Positive,मोबाईल अॅप्स
521,सरकारी सेवा विभागात संपर्क साधण्यात अडचणी आल्या.,Negative,सरकारी सेवा
522,सोशल मीडिया संदर्भात वेळापत्रक अद्ययावत करण्यात आले आहे.,Neutral,सामाजिक माध्यमे
523,शेती क्षेत्रात प्रतिक्रिया अत्यंत सकारात्मक मिळाली.,Positive,शेती
524,फॅशन विभागात निकाल निराशाजनक ठरला.,Negative,वेशभूषा
525,मनोरंजन संदर्भात पुढील टप्प्याची तयारी सुरू आहे.,Neutral,मनोरंजन
526,ग्राहक सेवा क्षेत्रात नवीन उपक्रमामुळे सर्वांना मोठा फायदा झाला.,Positive,ग्राहक सेवा
527,सार्वजनिक वाहतूक विभागात सेवा समाधानकारक नव्हती.,Negative,सार्वजनिक वाहतूक
528,ऑनलाइन खरेदी संदर्भात सेवा नियमित वेळेनुसार सुरू राहील.,Neutral,ऑनलाइन खरेदी
529,कार्यालय क्षेत्रात सर्वांनी उत्साहाने सहभाग नोंदवला.,Positive,कार्यालय
530,शिक्षण विभागात संपर्क साधण्यात अडचणी आल्या.,Negative,शिक्षण
531,आरोग्य संदर्भात वेळापत्रक अद्ययावत करण्यात आले आहे.,Neutral,आरोग्यसेवा
532,तंत्रज्ञान क्षेत्रात प्रतिक्रिया अत्यंत सकारात्मक मिळाली.,Positive,तंत्रज्ञान
533,बँकिंग विभागात निकाल निराशाजनक ठरला.,Negative,बँकिंग
534,प्रवास संदर्भात पुढील टप्प्याची तयारी सुरू आहे.,Neutral,प्रवास
535,क्रीडा क्षेत्रात नवीन उपक्रमामुळे सर्वांना मोठा फायदा झाला.,Positive,क्रीडा
536,चित्रपट विभागात सेवा समाधानकारक नव्हती.,Negative,चित्रपट
537,रेस्टॉरंट संदर्भात सेवा नियमित वेळेनुसार सुरू राहील.,Neutral,उपाहारगृह
538,ई-कॉमर्स क्षेत्रात सर्वांनी उत्साहाने सहभाग नोंदवला.,Positive,ऑनलाइन व्यापार
539,अन्न वितरण विभागात व्यवस्था पूर्णपणे विस्कळीत झाली.,Negative,अन्न वितरण
540,मोबाईल अॅप संदर्भात अहवाल पुढील आठवड्यात सादर केला जाईल.,Neutral,मोबाईल अॅप्स
541,सरकारी सेवा क्षेत्रात कार्यक्षमता लक्षणीयरीत्या वाढली.,Positive,सरकारी सेवा
542,सोशल मीडिया विभागात माहिती अपूर्ण असल्यामुळे गोंधळ झाला.,Negative,सामाजिक माध्यमे
543,शेती संदर्भात सूचना सर्व संबंधितांना पाठवण्यात आली.,Neutral,शेती
544,फॅशन क्षेत्रात कामगिरीचे सर्वांनी कौतुक केले.,Positive,वेशभूषा
545,मनोरंजन विभागात वारंवार त्रुटी आल्यामुळे काम अडले.,Negative,मनोरंजन
546,ग्राहक सेवा संदर्भात बैठकीची तारीख निश्चित करण्यात आली आहे.,Neutral,ग्राहक सेवा
547,सार्वजनिक वाहतूक क्षेत्रात सेवेच्या गुणवत्तेने समाधान मिळाले.,Positive,सार्वजनिक वाहतूक
548,ऑनलाइन खरेदी विभागात अपेक्षित गुणवत्ता मिळाली नाही.,Negative,ऑनलाइन खरेदी
549,कार्यालय संदर्भात नोंदणी प्रक्रिया सुरू करण्यात आली आहे.,Neutral,कार्यालय
550,शिक्षण क्षेत्रात कार्यक्षमता लक्षणीयरीत्या वाढली.,Positive,शिक्षण
551,आरोग्य विभागात माहिती अपूर्ण असल्यामुळे गोंधळ झाला.,Negative,आरोग्यसेवा
552,तंत्रज्ञान संदर्भात सूचना सर्व संबंधितांना पाठवण्यात आली.,Neutral,तंत्रज्ञान
553,बँकिंग क्षेत्रात कामगिरीचे सर्वांनी कौतुक केले.,Positive,बँकिंग
554,प्रवास विभागात वारंवार त्रुटी आल्यामुळे काम अडले.,Negative,प्रवास
555,क्रीडा संदर्भात बैठकीची तारीख निश्चित करण्यात आली आहे.,Neutral,क्रीडा
556,चित्रपट क्षेत्रात सेवेच्या गुणवत्तेने समाधान मिळाले.,Positive,चित्रपट
557,रेस्टॉरंट विभागात अपेक्षित गुणवत्ता मिळाली नाही.,Negative,उपाहारगृह
558,ई-कॉमर्स संदर्भात नोंदणी प्रक्रिया सुरू करण्यात आली आहे.,Neutral,ऑनलाइन व्यापार
559,अन्न वितरण क्षेत्रात नवीन सुविधेमुळे वेळेची बचत झाली.,Positive,अन्न वितरण
560,मोबाईल अॅप विभागात सिस्टम अचानक बंद पडली.,Negative,मोबाईल अॅप्स
561,सरकारी सेवा संदर्भात नवीन नियम लागू झाले आहेत.,Neutral,सरकारी सेवा
562,सोशल मीडिया क्षेत्रात अनुभव संस्मरणीय ठरला.,Positive,सामाजिक माध्यमे
563,शेती विभागात प्रक्रिया खूप वेळखाऊ ठरली.,Negative,शेती
564,फॅशन संदर्भात नवीन मार्गदर्शक सूचना प्रसिद्ध करण्यात आल्या.,Neutral,वेशभूषा
565,मनोरंजन क्षेत्रात काम उत्कृष्टरीत्या पूर्ण करण्यात आले.,Positive,मनोरंजन
566,ग्राहक सेवा विभागात अनावश्यक विलंबामुळे गैरसोय झाली.,Negative,ग्राहक सेवा
567,सार्वजनिक वाहतूक संदर्भात अधिकृत माहिती संकेतस्थळावर उपलब्ध आहे.,Neutral,सार्वजनिक वाहतूक
568,ऑनलाइन खरेदी क्षेत्रात व्यवस्था अपेक्षेपेक्षा अधिक चांगली होती.,Positive,ऑनलाइन खरेदी
569,कार्यालय विभागात संपर्क साधण्यात अडचणी आल्या.,Negative,कार्यालय
570,शिक्षण संदर्भात नवीन नियम लागू झाले आहेत.,Neutral,शिक्षण
571,आरोग्य क्षेत्रात अनुभव संस्मरणीय ठरला.,Positive,आरोग्यसेवा
572,तंत्रज्ञान विभागात प्रक्रिया खूप वेळखाऊ ठरली.,Negative,तंत्रज्ञान
573,बँकिंग संदर्भात नवीन मार्गदर्शक सूचना प्रसिद्ध करण्यात आल्या.,Neutral,बँकिंग
574,प्रवास क्षेत्रात काम उत्कृष्टरीत्या पूर्ण करण्यात आले.,Positive,प्रवास
575,क्रीडा विभागात अनावश्यक विलंबामुळे गैरसोय झाली.,Negative,क्रीडा
576,चित्रपट संदर्भात अधिकृत माहिती संकेतस्थळावर उपलब्ध आहे.,Neutral,चित्रपट
577,रेस्टॉरंट क्षेत्रात व्यवस्था अपेक्षेपेक्षा अधिक चांगली होती.,Positive,उपाहारगृह
578,ई-कॉमर्स विभागात संपर्क साधण्यात अडचणी आल्या.,Negative,ऑनलाइन व्यापार
579,अन्न वितरण संदर्भात वेळापत्रक अद्ययावत करण्यात आले आहे.,Neutral,अन्न वितरण
580,शिक्षण क्षेत्रात उत्तम प्रगती झाली आणि नागरिकांनी सकारात्मक प्रतिसाद दिला.,Positive,शिक्षण
581,आरोग्य विभागात सेवा निकृष्ट वाटली त्यामुळे अनेकांना गैरसोय झाली.,Negative,आरोग्यसेवा
582,तंत्रज्ञान संदर्भात प्रक्रिया सुरू आहे असून पुढील माहिती नंतर दिली जाईल.,Neutral,तंत्रज्ञान
583,बँकिंग क्षेत्रात अनुभव आनंददायी ठरला आणि नागरिकांनी सकारात्मक प्रतिसाद दिला.,Positive,बँकिंग
584,प्रवास विभागात व्यवस्था विस्कळीत झाली त्यामुळे अनेकांना गैरसोय झाली.,Negative,प्रवास
585,क्रीडा संदर्भात अहवाल सादर करण्यात येईल असून पुढील माहिती नंतर दिली जाईल.,Neutral,क्रीडा
586,चित्रपट क्षेत्रात सर्वांनी कौतुक केले आणि नागरिकांनी सकारात्मक प्रतिसाद दिला.,Positive,चित्रपट
587,रेस्टॉरंट विभागात वारंवार समस्या आल्या त्यामुळे अनेकांना गैरसोय झाली.,Negative,उपाहारगृह
588,ई-कॉमर्स संदर्भात नोंदणी सुरू झाली असून पुढील माहिती नंतर दिली जाईल.,Neutral,ऑनलाइन व्यापार
589,अन्न वितरण क्षेत्रात गुणवत्ता प्रभावी वाटली आणि नागरिकांनी सकारात्मक प्रतिसाद दिला.,Positive,अन्न वितरण
590,मोबाईल अॅप विभागात मोठी अडचण निर्माण झाली त्यामुळे अनेकांना गैरसोय झाली.,Negative,मोबाईल अॅप्स
591,सरकारी सेवा संदर्भात सूचना प्रसिद्ध करण्यात आल्या असून पुढील माहिती नंतर दिली जाईल.,Neutral,सरकारी सेवा
592,सोशल मीडिया क्षेत्रात काम सुरळीत पार पडले आणि नागरिकांनी सकारात्मक प्रतिसाद दिला.,Positive,सामाजिक माध्यमे
593,शेती विभागात अनावश्यक खर्च झाला त्यामुळे अनेकांना गैरसोय झाली.,Negative,शेती
594,फॅशन संदर्भात अधिकृत घोषणा करण्यात आली असून पुढील माहिती नंतर दिली जाईल.,Neutral,वेशभूषा
595,मनोरंजन क्षेत्रात वेळेची बचत झाली आणि नागरिकांनी सकारात्मक प्रतिसाद दिला.,Positive,मनोरंजन
596,ग्राहक सेवा विभागात प्रक्रिया अयशस्वी ठरली त्यामुळे अनेकांना गैरसोय झाली.,Negative,ग्राहक सेवा
597,सार्वजनिक वाहतूक संदर्भात बैठक आयोजित करण्यात आली असून पुढील माहिती नंतर दिली जाईल.,Neutral,सार्वजनिक वाहतूक
598,ऑनलाइन खरेदी क्षेत्रात नवीन बदल फायदेशीर ठरले आणि नागरिकांनी सकारात्मक प्रतिसाद दिला.,Positive,ऑनलाइन खरेदी
599,कार्यालय विभागात संपूर्ण अनुभव खराब झाला त्यामुळे अनेकांना गैरसोय झाली.,Negative,कार्यालय
600,शिक्षण संदर्भात सूचना प्रसिद्ध करण्यात आल्या असून पुढील माहिती नंतर दिली जाईल.,Neutral,शिक्षण
601,आरोग्य क्षेत्रात काम सुरळीत पार पडले आणि नागरिकांनी सकारात्मक प्रतिसाद दिला.,Positive,आरोग्यसेवा
602,तंत्रज्ञान विभागात अनावश्यक खर्च झाला त्यामुळे अनेकांना गैरसोय झाली.,Negative,तंत्रज्ञान
603,बँकिंग संदर्भात अधिकृत घोषणा करण्यात आली असून पुढील माहिती नंतर दिली जाईल.,Neutral,बँकिंग
604,प्रवास क्षेत्रात वेळेची बचत झाली आणि नागरिकांनी सकारात्मक प्रतिसाद दिला.,Positive,प्रवास
605,क्रीडा विभागात प्रक्रिया अयशस्वी ठरली त्यामुळे अनेकांना गैरसोय झाली.,Negative,क्रीडा
606,चित्रपट संदर्भात बैठक आयोजित करण्यात आली असून पुढील माहिती नंतर दिली जाईल.,Neutral,चित्रपट
607,रेस्टॉरंट क्षेत्रात नवीन बदल फायदेशीर ठरले आणि नागरिकांनी सकारात्मक प्रतिसाद दिला.,Positive,उपाहारगृह
608,ई-कॉमर्स विभागात संपूर्ण अनुभव खराब झाला त्यामुळे अनेकांना गैरसोय झाली.,Negative,ऑनलाइन व्यापार
609,अन्न वितरण संदर्भात नवीन नियम लागू झाले असून पुढील माहिती नंतर दिली जाईल.,Neutral,अन्न वितरण
610,मोबाईल अॅप क्षेत्रात मोठे यश मिळाले आणि नागरिकांनी सकारात्मक प्रतिसाद दिला.,Positive,मोबाईल अॅप्स
611,सरकारी सेवा विभागात काम रखडले त्यामुळे अनेकांना गैरसोय झाली.,Negative,सरकारी सेवा
612,सोशल मीडिया संदर्भात वेळापत्रक अद्ययावत करण्यात आले असून पुढील माहिती नंतर दिली जाईल.,Neutral,सामाजिक माध्यमे
613,शेती क्षेत्रात सुविधेमुळे समाधान मिळाले आणि नागरिकांनी सकारात्मक प्रतिसाद दिला.,Positive,शेती
614,फॅशन विभागात तक्रारी वाढल्या त्यामुळे अनेकांना गैरसोय झाली.,Negative,वेशभूषा
615,मनोरंजन संदर्भात माहिती उपलब्ध करून देण्यात आली असून पुढील माहिती नंतर दिली जाईल.,Neutral,मनोरंजन
616,ग्राहक सेवा क्षेत्रात सेवा उत्कृष्ट ठरली आणि नागरिकांनी सकारात्मक प्रतिसाद दिला.,Positive,ग्राहक सेवा
617,सार्वजनिक वाहतूक विभागात अपेक्षा पूर्ण झाल्या नाहीत त्यामुळे अनेकांना गैरसोय झाली.,Negative,सार्वजनिक वाहतूक
618,ऑनलाइन खरेदी संदर्भात पुढील टप्पा निश्चित झाला असून पुढील माहिती नंतर दिली जाईल.,Neutral,ऑनलाइन खरेदी
619,कार्यालय क्षेत्रात उत्तम प्रगती झाली आणि नागरिकांनी सकारात्मक प्रतिसाद दिला.,Positive,कार्यालय
620,शिक्षण विभागात काम रखडले त्यामुळे अनेकांना गैरसोय झाली.,Negative,शिक्षण
621,आरोग्य संदर्भात वेळापत्रक अद्ययावत करण्यात आले असून पुढील माहिती नंतर दिली जाईल.,Neutral,आरोग्यसेवा
622,तंत्रज्ञान क्षेत्रात सुविधेमुळे समाधान मिळाले आणि नागरिकांनी सकारात्मक प्रतिसाद दिला.,Positive,तंत्रज्ञान
623,बँकिंग विभागात तक्रारी वाढल्या त्यामुळे अनेकांना गैरसोय झाली.,Negative,बँकिंग
624,प्रवास संदर्भात माहिती उपलब्ध करून देण्यात आली असून पुढील माहिती नंतर दिली जाईल.,Neutral,प्रवास
625,क्रीडा क्षेत्रात सेवा उत्कृष्ट ठरली आणि नागरिकांनी सकारात्मक प्रतिसाद दिला.,Positive,क्रीडा
626,चित्रपट विभागात अपेक्षा पूर्ण झाल्या नाहीत त्यामुळे अनेकांना गैरसोय झाली.,Negative,चित्रपट
627,रेस्टॉरंट संदर्भात पुढील टप्पा निश्चित झाला असून पुढील माहिती नंतर दिली जाईल.,Neutral,उपाहारगृह
628,ई-कॉमर्स क्षेत्रात उत्तम प्रगती झाली आणि नागरिकांनी सकारात्मक प्रतिसाद दिला.,Positive,ऑनलाइन व्यापार
629,अन्न वितरण विभागात सेवा निकृष्ट वाटली त्यामुळे अनेकांना गैरसोय झाली.,Negative,अन्न वितरण
630,मोबाईल अॅप संदर्भात प्रक्रिया सुरू आहे असून पुढील माहिती नंतर दिली जाईल.,Neutral,मोबाईल अॅप्स
631,सरकारी सेवा क्षेत्रात अनुभव आनंददायी ठरला आणि नागरिकांनी सकारात्मक प्रतिसाद दिला.,Positive,सरकारी सेवा
632,सोशल मीडिया विभागात व्यवस्था विस्कळीत झाली त्यामुळे अनेकांना गैरसोय झाली.,Negative,सामाजिक माध्यमे
633,शेती संदर्भात अहवाल सादर करण्यात येईल असून पुढील माहिती नंतर दिली जाईल.,Neutral,शेती
634,फॅशन क्षेत्रात सर्वांनी कौतुक केले आणि नागरिकांनी सकारात्मक प्रतिसाद दिला.,Positive,वेशभूषा
635,मनोरंजन विभागात वारंवार समस्या आल्या त्यामुळे अनेकांना गैरसोय झाली.,Negative,मनोरंजन
636,ग्राहक सेवा संदर्भात नोंदणी सुरू झाली असून पुढील माहिती नंतर दिली जाईल.,Neutral,ग्राहक सेवा
637,सार्वजनिक वाहतूक क्षेत्रात गुणवत्ता प्रभावी वाटली आणि नागरिकांनी सकारात्मक प्रतिसाद दिला.,Positive,सार्वजनिक वाहतूक
638,ऑनलाइन खरेदी विभागात मोठी अडचण निर्माण झाली त्यामुळे अनेकांना गैरसोय झाली.,Negative,ऑनलाइन खरेदी
639,कार्यालय संदर्भात सूचना प्रसिद्ध करण्यात आल्या असून पुढील माहिती नंतर दिली जाईल.,Neutral,कार्यालय
640,शिक्षण क्षेत्रात अनुभव आनंददायी ठरला आणि नागरिकांनी सकारात्मक प्रतिसाद दिला.,Positive,शिक्षण
641,आरोग्य विभागात व्यवस्था विस्कळीत झाली त्यामुळे अनेकांना गैरसोय झाली.,Negative,आरोग्यसेवा
642,तंत्रज्ञान संदर्भात अहवाल सादर करण्यात येईल असून पुढील माहिती नंतर दिली जाईल.,Neutral,तंत्रज्ञान
643,बँकिंग क्षेत्रात सर्वांनी कौतुक केले आणि नागरिकांनी सकारात्मक प्रतिसाद दिला.,Positive,बँकिंग
644,प्रवास विभागात वारंवार समस्या आल्या त्यामुळे अनेकांना गैरसोय झाली.,Negative,प्रवास
645,क्रीडा संदर्भात नोंदणी सुरू झाली असून पुढील माहिती नंतर दिली जाईल.,Neutral,क्रीडा
646,चित्रपट क्षेत्रात गुणवत्ता प्रभावी वाटली आणि नागरिकांनी सकारात्मक प्रतिसाद दिला.,Positive,चित्रपट
647,रेस्टॉरंट विभागात मोठी अडचण निर्माण झाली त्यामुळे अनेकांना गैरसोय झाली.,Negative,उपाहारगृह
648,ई-कॉमर्स संदर्भात सूचना प्रसिद्ध करण्यात आल्या असून पुढील माहिती नंतर दिली जाईल.,Neutral,ऑनलाइन व्यापार
649,अन्न वितरण क्षेत्रात काम सुरळीत पार पडले आणि नागरिकांनी सकारात्मक प्रतिसाद दिला.,Positive,अन्न वितरण
650,मोबाईल अॅप विभागात अनावश्यक खर्च झाला त्यामुळे अनेकांना गैरसोय झाली.,Negative,मोबाईल अॅप्स
651,सरकारी सेवा संदर्भात अधिकृत घोषणा करण्यात आली असून पुढील माहिती नंतर दिली जाईल.,Neutral,सरकारी सेवा
652,सोशल मीडिया क्षेत्रात वेळेची बचत झाली आणि नागरिकांनी सकारात्मक प्रतिसाद दिला.,Positive,सामाजिक माध्यमे
653,शेती विभागात प्रक्रिया अयशस्वी ठरली त्यामुळे अनेकांना गैरसोय झाली.,Negative,शेती
654,फॅशन संदर्भात बैठक आयोजित करण्यात आली असून पुढील माहिती नंतर दिली जाईल.,Neutral,वेशभूषा
655,मनोरंजन क्षेत्रात नवीन बदल फायदेशीर ठरले आणि नागरिकांनी सकारात्मक प्रतिसाद दिला.,Positive,मनोरंजन
656,ग्राहक सेवा विभागात संपूर्ण अनुभव खराब झाला त्यामुळे अनेकांना गैरसोय झाली.,Negative,ग्राहक सेवा
657,सार्वजनिक वाहतूक संदर्भात नवीन नियम लागू झाले असून पुढील माहिती नंतर दिली जाईल.,Neutral,सार्वजनिक वाहतूक
658,ऑनलाइन खरेदी क्षेत्रात मोठे यश मिळाले आणि नागरिकांनी सकारात्मक प्रतिसाद दिला.,Positive,ऑनलाइन खरेदी
659,कार्यालय विभागात काम रखडले त्यामुळे अनेकांना गैरसोय झाली.,Negative,कार्यालय
660,शिक्षण संदर्भात अधिकृत घोषणा करण्यात आली असून पुढील माहिती नंतर दिली जाईल.,Neutral,शिक्षण
661,आरोग्य क्षेत्रात वेळेची बचत झाली आणि नागरिकांनी सकारात्मक प्रतिसाद दिला.,Positive,आरोग्यसेवा
662,तंत्रज्ञान विभागात प्रक्रिया अयशस्वी ठरली त्यामुळे अनेकांना गैरसोय झाली.,Negative,तंत्रज्ञान
663,बँकिंग संदर्भात बैठक आयोजित करण्यात आली असून पुढील माहिती नंतर दिली जाईल.,Neutral,बँकिंग
664,प्रवास क्षेत्रात नवीन बदल फायदेशीर ठरले आणि नागरिकांनी सकारात्मक प्रतिसाद दिला.,Positive,प्रवास
665,क्रीडा विभागात संपूर्ण अनुभव खराब झाला त्यामुळे अनेकांना गैरसोय झाली.,Negative,क्रीडा
666,चित्रपट संदर्भात नवीन नियम लागू झाले असून पुढील माहिती नंतर दिली जाईल.,Neutral,चित्रपट
667,रेस्टॉरंट क्षेत्रात मोठे यश मिळाले आणि नागरिकांनी सकारात्मक प्रतिसाद दिला.,Positive,उपाहारगृह
668,ई-कॉमर्स विभागात काम रखडले त्यामुळे अनेकांना गैरसोय झाली.,Negative,ऑनलाइन व्यापार
669,अन्न वितरण संदर्भात वेळापत्रक अद्ययावत करण्यात आले असून पुढील माहिती नंतर दिली जाईल.,Neutral,अन्न वितरण
670,मोबाईल अॅप क्षेत्रात सुविधेमुळे समाधान मिळाले आणि नागरिकांनी सकारात्मक प्रतिसाद दिला.,Positive,मोबाईल अॅप्स
671,सरकारी सेवा विभागात तक्रारी वाढल्या त्यामुळे अनेकांना गैरसोय झाली.,Negative,सरकारी सेवा
672,सोशल मीडिया संदर्भात माहिती उपलब्ध करून देण्यात आली असून पुढील माहिती नंतर दिली जाईल.,Neutral,सामाजिक माध्यमे
673,शेती क्षेत्रात सेवा उत्कृष्ट ठरली आणि नागरिकांनी सकारात्मक प्रतिसाद दिला.,Positive,शेती
674,फॅशन विभागात अपेक्षा पूर्ण झाल्या नाहीत त्यामुळे अनेकांना गैरसोय झाली.,Negative,वेशभूषा
675,मनोरंजन संदर्भात पुढील टप्पा निश्चित झाला असून पुढील माहिती नंतर दिली जाईल.,Neutral,मनोरंजन
676,ग्राहक सेवा क्षेत्रात उत्तम प्रगती झाली आणि नागरिकांनी सकारात्मक प्रतिसाद दिला.,Positive,ग्राहक सेवा
677,सार्वजनिक वाहतूक विभागात सेवा निकृष्ट वाटली त्यामुळे अनेकांना गैरसोय झाली.,Negative,सार्वजनिक वाहतूक
678,ऑनलाइन खरेदी संदर्भात प्रक्रिया सुरू आहे असून पुढील माहिती नंतर दिली जाईल.,Neutral,ऑनलाइन खरेदी
679,कार्यालय क्षेत्रात अनुभव आनंददायी ठरला आणि नागरिकांनी सकारात्मक प्रतिसाद दिला.,Positive,कार्यालय
680,शिक्षण विभागात तक्रारी वाढल्या त्यामुळे अनेकांना गैरसोय झाली.,Negative,शिक्षण
681,आरोग्य संदर्भात माहिती उपलब्ध करून देण्यात आली असून पुढील माहिती नंतर दिली जाईल.,Neutral,आरोग्यसेवा
682,तंत्रज्ञान क्षेत्रात सेवा उत्कृष्ट ठरली आणि नागरिकांनी सकारात्मक प्रतिसाद दिला.,Positive,तंत्रज्ञान
683,बँकिंग विभागात अपेक्षा पूर्ण झाल्या नाहीत त्यामुळे अनेकांना गैरसोय झाली.,Negative,बँकिंग
684,प्रवास संदर्भात पुढील टप्पा निश्चित झाला असून पुढील माहिती नंतर दिली जाईल.,Neutral,प्रवास
685,क्रीडा क्षेत्रात उत्तम प्रगती झाली आणि नागरिकांनी सकारात्मक प्रतिसाद दिला.,Positive,क्रीडा
686,चित्रपट विभागात सेवा निकृष्ट वाटली त्यामुळे अनेकांना गैरसोय झाली.,Negative,चित्रपट
687,रेस्टॉरंट संदर्भात प्रक्रिया सुरू आहे असून पुढील माहिती नंतर दिली जाईल.,Neutral,उपाहारगृह
688,ई-कॉमर्स क्षेत्रात अनुभव आनंददायी ठरला आणि नागरिकांनी सकारात्मक प्रतिसाद दिला.,Positive,ऑनलाइन व्यापार
689,अन्न वितरण विभागात व्यवस्था विस्कळीत झाली त्यामुळे अनेकांना गैरसोय झाली.,Negative,अन्न वितरण
690,मोबाईल अॅप संदर्भात अहवाल सादर करण्यात येईल असून पुढील माहिती नंतर दिली जाईल.,Neutral,मोबाईल अॅप्स
691,सरकारी सेवा क्षेत्रात सर्वांनी कौतुक केले आणि नागरिकांनी सकारात्मक प्रतिसाद दिला.,Positive,सरकारी सेवा
692,सोशल मीडिया विभागात वारंवार समस्या आल्या त्यामुळे अनेकांना गैरसोय झाली.,Negative,सामाजिक माध्यमे
693,शेती संदर्भात नोंदणी सुरू झाली असून पुढील माहिती नंतर दिली जाईल.,Neutral,शेती
694,फॅशन क्षेत्रात गुणवत्ता प्रभावी वाटली आणि नागरिकांनी सकारात्मक प्रतिसाद दिला.,Positive,वेशभूषा
695,मनोरंजन विभागात मोठी अडचण निर्माण झाली त्यामुळे अनेकांना गैरसोय झाली.,Negative,मनोरंजन
696,ग्राहक सेवा संदर्भात सूचना प्रसिद्ध करण्यात आल्या असून पुढील माहिती नंतर दिली जाईल.,Neutral,ग्राहक सेवा
697,सार्वजनिक वाहतूक क्षेत्रात काम सुरळीत पार पडले आणि नागरिकांनी सकारात्मक प्रतिसाद दिला.,Positive,सार्वजनिक वाहतूक
698,ऑनलाइन खरेदी विभागात अनावश्यक खर्च झाला त्यामुळे अनेकांना गैरसोय झाली.,Negative,ऑनलाइन खरेदी
699,कार्यालय संदर्भात अधिकृत घोषणा करण्यात आली असून पुढील माहिती नंतर दिली जाईल.,Neutral,कार्यालय
700,शिक्षण क्षेत्रात सर्वांनी कौतुक केले आणि नागरिकांनी सकारात्मक प्रतिसाद दिला.,Positive,शिक्षण
701,आरोग्य विभागात वारंवार समस्या आल्या त्यामुळे अनेकांना गैरसोय झाली.,Negative,आरोग्यसेवा
702,तंत्रज्ञान संदर्भात नोंदणी सुरू झाली असून पुढील माहिती नंतर दिली जाईल.,Neutral,तंत्रज्ञान
703,बँकिंग क्षेत्रात गुणवत्ता प्रभावी वाटली आणि नागरिकांनी सकारात्मक प्रतिसाद दिला.,Positive,बँकिंग
704,प्रवास विभागात मोठी अडचण निर्माण झाली त्यामुळे अनेकांना गैरसोय झाली.,Negative,प्रवास
705,क्रीडा संदर्भात सूचना प्रसिद्ध करण्यात आल्या असून पुढील माहिती नंतर दिली जाईल.,Neutral,क्रीडा
706,चित्रपट क्षेत्रात काम सुरळीत पार पडले आणि नागरिकांनी सकारात्मक प्रतिसाद दिला.,Positive,चित्रपट
707,रेस्टॉरंट विभागात अनावश्यक खर्च झाला त्यामुळे अनेकांना गैरसोय झाली.,Negative,उपाहारगृह
708,ई-कॉमर्स संदर्भात अधिकृत घोषणा करण्यात आली असून पुढील माहिती नंतर दिली जाईल.,Neutral,ऑनलाइन व्यापार
709,अन्न वितरण क्षेत्रात वेळेची बचत झाली आणि नागरिकांनी सकारात्मक प्रतिसाद दिला.,Positive,अन्न वितरण
710,मोबाईल अॅप विभागात प्रक्रिया अयशस्वी ठरली त्यामुळे अनेकांना गैरसोय झाली.,Negative,मोबाईल अॅप्स
711,सरकारी सेवा संदर्भात बैठक आयोजित करण्यात आली असून पुढील माहिती नंतर दिली जाईल.,Neutral,सरकारी सेवा
712,सोशल मीडिया क्षेत्रात नवीन बदल फायदेशीर ठरले आणि नागरिकांनी सकारात्मक प्रतिसाद दिला.,Positive,सामाजिक माध्यमे
713,शेती विभागात संपूर्ण अनुभव खराब झाला त्यामुळे अनेकांना गैरसोय झाली.,Negative,शेती
714,फॅशन संदर्भात नवीन नियम लागू झाले असून पुढील माहिती नंतर दिली जाईल.,Neutral,वेशभूषा
715,मनोरंजन क्षेत्रात मोठे यश मिळाले आणि नागरिकांनी सकारात्मक प्रतिसाद दिला.,Positive,मनोरंजन
716,ग्राहक सेवा विभागात काम रखडले त्यामुळे अनेकांना गैरसोय झाली.,Negative,ग्राहक सेवा
717,सार्वजनिक वाहतूक संदर्भात वेळापत्रक अद्ययावत करण्यात आले असून पुढील माहिती नंतर दिली जाईल.,Neutral,सार्वजनिक वाहतूक
718,ऑनलाइन खरेदी क्षेत्रात सुविधेमुळे समाधान मिळाले आणि नागरिकांनी सकारात्मक प्रतिसाद दिला.,Positive,ऑनलाइन खरेदी
719,कार्यालय विभागात तक्रारी वाढल्या त्यामुळे अनेकांना गैरसोय झाली.,Negative,कार्यालय
720,शिक्षण संदर्भात बैठक आयोजित करण्यात आली असून पुढील माहिती नंतर दिली जाईल.,Neutral,शिक्षण
721,आरोग्य क्षेत्रात नवीन बदल फायदेशीर ठरले आणि नागरिकांनी सकारात्मक प्रतिसाद दिला.,Positive,आरोग्यसेवा
722,तंत्रज्ञान विभागात संपूर्ण अनुभव खराब झाला त्यामुळे अनेकांना गैरसोय झाली.,Negative,तंत्रज्ञान
723,बँकिंग संदर्भात नवीन नियम लागू झाले असून पुढील माहिती नंतर दिली जाईल.,Neutral,बँकिंग
724,प्रवास क्षेत्रात मोठे यश मिळाले आणि नागरिकांनी सकारात्मक प्रतिसाद दिला.,Positive,प्रवास
725,क्रीडा विभागात काम रखडले त्यामुळे अनेकांना गैरसोय झाली.,Negative,क्रीडा
726,चित्रपट संदर्भात वेळापत्रक अद्ययावत करण्यात आले असून पुढील माहिती नंतर दिली जाईल.,Neutral,चित्रपट
727,रेस्टॉरंट क्षेत्रात सुविधेमुळे समाधान मिळाले आणि नागरिकांनी सकारात्मक प्रतिसाद दिला.,Positive,उपाहारगृह
728,ई-कॉमर्स विभागात तक्रारी वाढल्या त्यामुळे अनेकांना गैरसोय झाली.,Negative,ऑनलाइन व्यापार
729,अन्न वितरण संदर्भात माहिती उपलब्ध करून देण्यात आली असून पुढील माहिती नंतर दिली जाईल.,Neutral,अन्न वितरण
730,मोबाईल अॅप क्षेत्रात सेवा उत्कृष्ट ठरली आणि नागरिकांनी सकारात्मक प्रतिसाद दिला.,Positive,मोबाईल अॅप्स
731,सरकारी सेवा विभागात अपेक्षा पूर्ण झाल्या नाहीत त्यामुळे अनेकांना गैरसोय झाली.,Negative,सरकारी सेवा
732,सोशल मीडिया संदर्भात पुढील टप्पा निश्चित झाला असून पुढील माहिती नंतर दिली जाईल.,Neutral,सामाजिक माध्यमे
733,शेती क्षेत्रात उत्तम प्रगती झाली आणि नागरिकांनी सकारात्मक प्रतिसाद दिला.,Positive,शेती
734,फॅशन विभागात सेवा निकृष्ट वाटली त्यामुळे अनेकांना गैरसोय झाली.,Negative,वेशभूषा
735,मनोरंजन संदर्भात प्रक्रिया सुरू आहे असून पुढील माहिती नंतर दिली जाईल.,Neutral,मनोरंजन
736,ग्राहक सेवा क्षेत्रात अनुभव आनंददायी ठरला आणि नागरिकांनी सकारात्मक प्रतिसाद दिला.,Positive,ग्राहक सेवा
737,सार्वजनिक वाहतूक विभागात व्यवस्था विस्कळीत झाली त्यामुळे अनेकांना गैरसोय झाली.,Negative,सार्वजनिक वाहतूक
738,ऑनलाइन खरेदी संदर्भात अहवाल सादर करण्यात येईल असून पुढील माहिती नंतर दिली जाईल.,Neutral,ऑनलाइन खरेदी
739,कार्यालय क्षेत्रात सर्वांनी कौतुक केले आणि नागरिकांनी सकारात्मक प्रतिसाद दिला.,Positive,कार्यालय
740,शिक्षण विभागात अपेक्षा पूर्ण झाल्या नाहीत त्यामुळे अनेकांना गैरसोय झाली.,Negative,शिक्षण
741,आरोग्य संदर्भात पुढील टप्पा निश्चित झाला असून पुढील माहिती नंतर दिली जाईल.,Neutral,आरोग्यसेवा
742,तंत्रज्ञान क्षेत्रात उत्तम प्रगती झाली आणि नागरिकांनी सकारात्मक प्रतिसाद दिला.,Positive,तंत्रज्ञान
743,बँकिंग विभागात सेवा निकृष्ट वाटली त्यामुळे अनेकांना गैरसोय झाली.,Negative,बँकिंग
744,प्रवास संदर्भात प्रक्रिया सुरू आहे असून पुढील माहिती नंतर दिली जाईल.,Neutral,प्रवास
745,क्रीडा क्षेत्रात अनुभव आनंददायी ठरला आणि नागरिकांनी सकारात्मक प्रतिसाद दिला.,Positive,क्रीडा
746,चित्रपट विभागात व्यवस्था विस्कळीत झाली त्यामुळे अनेकांना गैरसोय झाली.,Negative,चित्रपट
747,रेस्टॉरंट संदर्भात अहवाल सादर करण्यात येईल असून पुढील माहिती नंतर दिली जाईल.,Neutral,उपाहारगृह
748,ई-कॉमर्स क्षेत्रात सर्वांनी कौतुक केले आणि नागरिकांनी सकारात्मक प्रतिसाद दिला.,Positive,ऑनलाइन व्यापार
749,अन्न वितरण विभागात वारंवार समस्या आल्या त्यामुळे अनेकांना गैरसोय झाली.,Negative,अन्न वितरण
750,मोबाईल अॅप संदर्भात नोंदणी सुरू झाली असून पुढील माहिती नंतर दिली जाईल.,Neutral,मोबाईल अॅप्स
751,शिक्षण क्षेत्रात नवीन उपक्रमामुळे काम अधिक परिणामकारक झाले.,Positive,शिक्षण
752,आरोग्य विभागात सुविधांच्या अभावामुळे गैरसोय झाली.,Negative,आरोग्यसेवा
753,तंत्रज्ञान संदर्भात अधिकृत नोंद प्रक्रिया सुरू आहे.,Neutral,तंत्रज्ञान
754,बँकिंग क्षेत्रात नवीन बदलांमुळे कार्यक्षमता वाढली.,Positive,बँकिंग
755,प्रवास विभागात काम पुन्हा सुरू करावे लागले.,Negative,प्रवास
756,क्रीडा संदर्भात नोंदणीची अंतिम तारीख जाहीर झाली.,Neutral,क्रीडा
757,चित्रपट क्षेत्रात सुविधांचा वापर अधिक सोयीस्कर झाला.,Positive,चित्रपट
758,रेस्टॉरंट विभागात माहितीतील चुका लक्षात आल्या.,Negative,उपाहारगृह
759,ई-कॉमर्स संदर्भात पुढील टप्प्याचे नियोजन सुरू आहे.,Neutral,ऑनलाइन व्यापार
760,अन्न वितरण क्षेत्रात प्रकल्प यशस्वीरीत्या पूर्ण झाला.,Positive,अन्न वितरण
761,मोबाईल अॅप विभागात सततच्या अडथळ्यांमुळे प्रक्रिया मंदावली.,Negative,मोबाईल अॅप्स
762,सरकारी सेवा संदर्भात कार्यक्रमाचे वेळापत्रक अद्ययावत करण्यात आले.,Neutral,सरकारी सेवा
763,सोशल मीडिया क्षेत्रात सेवेचा अनुभव अपेक्षेपेक्षा उत्तम ठरला.,Positive,सामाजिक माध्यमे
764,शेती विभागात सेवा वेळेवर उपलब्ध झाली नाही.,Negative,शेती
765,फॅशन संदर्भात अहवाल संबंधित विभागाकडे पाठवण्यात आला.,Neutral,वेशभूषा
766,मनोरंजन क्षेत्रात काम वेळेपूर्वी पूर्ण करण्यात आले.,Positive,मनोरंजन
767,ग्राहक सेवा विभागात उपकरणांनी योग्य प्रतिसाद दिला नाही.,Negative,ग्राहक सेवा
768,सार्वजनिक वाहतूक संदर्भात तपशील संकेतस्थळावर प्रसिद्ध करण्यात आले.,Neutral,सार्वजनिक वाहतूक
769,ऑनलाइन खरेदी क्षेत्रात नवीन योजनेचा चांगला लाभ झाला.,Positive,ऑनलाइन खरेदी
770,कार्यालय विभागात वारंवार व्यत्यय निर्माण झाले.,Negative,कार्यालय
771,शिक्षण संदर्भात नवीन परिपत्रक जारी करण्यात आले.,Neutral,शिक्षण
772,आरोग्य क्षेत्रात सेवेचा अनुभव अपेक्षेपेक्षा उत्तम ठरला.,Positive,आरोग्यसेवा
773,तंत्रज्ञान विभागात काम पुन्हा सुरू करावे लागले.,Negative,तंत्रज्ञान
774,बँकिंग संदर्भात सेवा नेहमीच्या वेळेनुसार उपलब्ध राहील.,Neutral,बँकिंग
775,प्रवास क्षेत्रात काम वेळेपूर्वी पूर्ण करण्यात आले.,Positive,प्रवास
776,क्रीडा विभागात माहितीतील चुका लक्षात आल्या.,Negative,क्रीडा
777,चित्रपट संदर्भात बैठकीचा निर्णय नोंदवण्यात आला.,Neutral,चित्रपट
778,रेस्टॉरंट क्षेत्रात नवीन योजनेचा चांगला लाभ झाला.,Positive,उपाहारगृह
779,ई-कॉमर्स विभागात सततच्या अडथळ्यांमुळे प्रक्रिया मंदावली.,Negative,ऑनलाइन व्यापार
780,अन्न वितरण संदर्भात अधिकृत नोंद प्रक्रिया सुरू आहे.,Neutral,अन्न वितरण
781,मोबाईल अॅप क्षेत्रात सर्व सदस्यांनी उत्कृष्ट समन्वय दाखवला.,Positive,मोबाईल अॅप्स
782,सरकारी सेवा विभागात सेवा वेळेवर उपलब्ध झाली नाही.,Negative,सरकारी सेवा
783,सोशल मीडिया संदर्भात नोंदणीची अंतिम तारीख जाहीर झाली.,Neutral,सामाजिक माध्यमे
784,शेती क्षेत्रात लोकांकडून भरघोस प्रतिसाद मिळाला.,Positive,शेती
785,फॅशन विभागात उपकरणांनी योग्य प्रतिसाद दिला नाही.,Negative,वेशभूषा
786,मनोरंजन संदर्भात पुढील टप्प्याचे नियोजन सुरू आहे.,Neutral,मनोरंजन
787,ग्राहक सेवा क्षेत्रात गुणवत्तेत लक्षणीय सुधारणा दिसली.,Positive,ग्राहक सेवा
788,सार्वजनिक वाहतूक विभागात वारंवार व्यत्यय निर्माण झाले.,Negative,सार्वजनिक वाहतूक
789,ऑनलाइन खरेदी संदर्भात कार्यक्रमाचे वेळापत्रक अद्ययावत करण्यात आले.,Neutral,ऑनलाइन खरेदी
790,कार्यालय क्षेत्रात नवीन उपक्रमामुळे काम अधिक परिणामकारक झाले.,Positive,कार्यालय
791,शिक्षण विभागात काम पुन्हा सुरू करावे लागले.,Negative,शिक्षण
792,आरोग्य संदर्भात तपशील संकेतस्थळावर प्रसिद्ध करण्यात आले.,Neutral,आरोग्यसेवा
793,तंत्रज्ञान क्षेत्रात लोकांकडून भरघोस प्रतिसाद मिळाला.,Positive,तंत्रज्ञान
794,बँकिंग विभागात माहितीतील चुका लक्षात आल्या.,Negative,बँकिंग
795,प्रवास संदर्भात पुढील सूचना लवकरच प्रसिद्ध केल्या जातील.,Neutral,प्रवास
796,क्रीडा क्षेत्रात गुणवत्तेत लक्षणीय सुधारणा दिसली.,Positive,क्रीडा
797,चित्रपट विभागात सततच्या अडथळ्यांमुळे प्रक्रिया मंदावली.,Negative,चित्रपट
798,रेस्टॉरंट संदर्भात नवीन परिपत्रक जारी करण्यात आले.,Neutral,उपाहारगृह
799,ई-कॉमर्स क्षेत्रात नवीन उपक्रमामुळे काम अधिक परिणामकारक झाले.,Positive,ऑनलाइन व्यापार
800,अन्न वितरण विभागात सेवा वेळेवर उपलब्ध झाली नाही.,Negative,अन्न वितरण
801,मोबाईल अॅप संदर्भात सेवा नेहमीच्या वेळेनुसार उपलब्ध राहील.,Neutral,मोबाईल अॅप्स
802,सरकारी सेवा क्षेत्रात नवीन बदलांमुळे कार्यक्षमता वाढली.,Positive,सरकारी सेवा
803,सोशल मीडिया विभागात उपकरणांनी योग्य प्रतिसाद दिला नाही.,Negative,सामाजिक माध्यमे
804,शेती संदर्भात बैठकीचा निर्णय नोंदवण्यात आला.,Neutral,शेती
805,फॅशन क्षेत्रात सुविधांचा वापर अधिक सोयीस्कर झाला.,Positive,वेशभूषा
806,मनोरंजन विभागात वारंवार व्यत्यय निर्माण झाले.,Negative,मनोरंजन
807,ग्राहक सेवा संदर्भात अधिकृत नोंद प्रक्रिया सुरू आहे.,Neutral,ग्राहक सेवा
808,सार्वजनिक वाहतूक क्षेत्रात प्रकल्प यशस्वीरीत्या पूर्ण झाला.,Positive,सार्वजनिक वाहतूक
809,ऑनलाइन खरेदी विभागात व्यवस्थापनातील त्रुटी स्पष्ट दिसल्या.,Negative,ऑनलाइन खरेदी
810,कार्यालय संदर्भात नोंदणीची अंतिम तारीख जाहीर झाली.,Neutral,कार्यालय
811,शिक्षण क्षेत्रात नवीन बदलांमुळे कार्यक्षमता वाढली.,Positive,शिक्षण
812,आरोग्य विभागात माहितीतील चुका लक्षात आल्या.,Negative,आरोग्यसेवा
813,तंत्रज्ञान संदर्भात कार्यक्रमाचे वेळापत्रक अद्ययावत करण्यात आले.,Neutral,तंत्रज्ञान
814,बँकिंग क्षेत्रात सुविधांचा वापर अधिक सोयीस्कर झाला.,Positive,बँकिंग
815,प्रवास विभागात सततच्या अडथळ्यांमुळे प्रक्रिया मंदावली.,Negative,प्रवास
816,क्रीडा संदर्भात अहवाल संबंधित विभागाकडे पाठवण्यात आला.,Neutral,क्रीडा
817,चित्रपट क्षेत्रात प्रकल्प यशस्वीरीत्या पूर्ण झाला.,Positive,चित्रपट
818,रेस्टॉरंट विभागात सेवा वेळेवर उपलब्ध झाली नाही.,Negative,उपाहारगृह
819,ई-कॉमर्स संदर्भात तपशील संकेतस्थळावर प्रसिद्ध करण्यात आले.,Neutral,ऑनलाइन व्यापार
820,अन्न वितरण क्षेत्रात सेवेचा अनुभव अपेक्षेपेक्षा उत्तम ठरला.,Positive,अन्न वितरण
821,मोबाईल अॅप विभागात उपकरणांनी योग्य प्रतिसाद दिला नाही.,Negative,मोबाईल अॅप्स
822,सरकारी सेवा संदर्भात पुढील सूचना लवकरच प्रसिद्ध केल्या जातील.,Neutral,सरकारी सेवा
823,सोशल मीडिया क्षेत्रात काम वेळेपूर्वी पूर्ण करण्यात आले.,Positive,सामाजिक माध्यमे
824,शेती विभागात वारंवार व्यत्यय निर्माण झाले.,Negative,शेती
825,फॅशन संदर्भात नवीन परिपत्रक जारी करण्यात आले.,Neutral,वेशभूषा
826,मनोरंजन क्षेत्रात नवीन योजनेचा चांगला लाभ झाला.,Positive,मनोरंजन
827,ग्राहक सेवा विभागात व्यवस्थापनातील त्रुटी स्पष्ट दिसल्या.,Negative,ग्राहक सेवा
828,सार्वजनिक वाहतूक संदर्भात सेवा नेहमीच्या वेळेनुसार उपलब्ध राहील.,Neutral,सार्वजनिक वाहतूक
829,ऑनलाइन खरेदी क्षेत्रात सर्व सदस्यांनी उत्कृष्ट समन्वय दाखवला.,Positive,ऑनलाइन खरेदी
830,कार्यालय विभागात अनेक तक्रारी नोंदवण्यात आल्या.,Negative,कार्यालय
831,शिक्षण संदर्भात अधिकृत नोंद प्रक्रिया सुरू आहे.,Neutral,शिक्षण
832,आरोग्य क्षेत्रात काम वेळेपूर्वी पूर्ण करण्यात आले.,Positive,आरोग्यसेवा
833,तंत्रज्ञान विभागात सततच्या अडथळ्यांमुळे प्रक्रिया मंदावली.,Negative,तंत्रज्ञान
834,बँकिंग संदर्भात नोंदणीची अंतिम तारीख जाहीर झाली.,Neutral,बँकिंग
835,प्रवास क्षेत्रात नवीन योजनेचा चांगला लाभ झाला.,Positive,प्रवास
836,क्रीडा विभागात सेवा वेळेवर उपलब्ध झाली नाही.,Negative,क्रीडा
837,चित्रपट संदर्भात पुढील टप्प्याचे नियोजन सुरू आहे.,Neutral,चित्रपट
838,रेस्टॉरंट क्षेत्रात सर्व सदस्यांनी उत्कृष्ट समन्वय दाखवला.,Positive,उपाहारगृह
839,ई-कॉमर्स विभागात उपकरणांनी योग्य प्रतिसाद दिला नाही.,Negative,ऑनलाइन व्यापार
840,अन्न वितरण संदर्भात कार्यक्रमाचे वेळापत्रक अद्ययावत करण्यात आले.,Neutral,अन्न वितरण
841,मोबाईल अॅप क्षेत्रात लोकांकडून भरघोस प्रतिसाद मिळाला.,Positive,मोबाईल अॅप्स
842,सरकारी सेवा विभागात वारंवार व्यत्यय निर्माण झाले.,Negative,सरकारी सेवा
843,सोशल मीडिया संदर्भात अहवाल संबंधित विभागाकडे पाठवण्यात आला.,Neutral,सामाजिक माध्यमे
844,शेती क्षेत्रात गुणवत्तेत लक्षणीय सुधारणा दिसली.,Positive,शेती
845,फॅशन विभागात व्यवस्थापनातील त्रुटी स्पष्ट दिसल्या.,Negative,वेशभूषा
846,मनोरंजन संदर्भात तपशील संकेतस्थळावर प्रसिद्ध करण्यात आले.,Neutral,मनोरंजन
847,ग्राहक सेवा क्षेत्रात नवीन उपक्रमामुळे काम अधिक परिणामकारक झाले.,Positive,ग्राहक सेवा
848,सार्वजनिक वाहतूक विभागात अनेक तक्रारी नोंदवण्यात आल्या.,Negative,सार्वजनिक वाहतूक
849,ऑनलाइन खरेदी संदर्भात पुढील सूचना लवकरच प्रसिद्ध केल्या जातील.,Neutral,ऑनलाइन खरेदी
850,कार्यालय क्षेत्रात नवीन बदलांमुळे कार्यक्षमता वाढली.,Positive,कार्यालय
851,शिक्षण विभागात सततच्या अडथळ्यांमुळे प्रक्रिया मंदावली.,Negative,शिक्षण
852,आरोग्य संदर्भात सेवा नेहमीच्या वेळेनुसार उपलब्ध राहील.,Neutral,आरोग्यसेवा
853,तंत्रज्ञान क्षेत्रात गुणवत्तेत लक्षणीय सुधारणा दिसली.,Positive,तंत्रज्ञान
854,बँकिंग विभागात सेवा वेळेवर उपलब्ध झाली नाही.,Negative,बँकिंग
855,प्रवास संदर्भात बैठकीचा निर्णय नोंदवण्यात आला.,Neutral,प्रवास
856,क्रीडा क्षेत्रात नवीन उपक्रमामुळे काम अधिक परिणामकारक झाले.,Positive,क्रीडा
857,चित्रपट विभागात उपकरणांनी योग्य प्रतिसाद दिला नाही.,Negative,चित्रपट
858,रेस्टॉरंट संदर्भात अधिकृत नोंद प्रक्रिया सुरू आहे.,Neutral,उपाहारगृह
859,ई-कॉमर्स क्षेत्रात नवीन बदलांमुळे कार्यक्षमता वाढली.,Positive,ऑनलाइन व्यापार
860,अन्न वितरण विभागात वारंवार व्यत्यय निर्माण झाले.,Negative,अन्न वितरण
861,मोबाईल अॅप संदर्भात नोंदणीची अंतिम तारीख जाहीर झाली.,Neutral,मोबाईल अॅप्स
862,सरकारी सेवा क्षेत्रात सुविधांचा वापर अधिक सोयीस्कर झाला.,Positive,सरकारी सेवा
863,सोशल मीडिया विभागात व्यवस्थापनातील त्रुटी स्पष्ट दिसल्या.,Negative,सामाजिक माध्यमे
864,शेती संदर्भात पुढील टप्प्याचे नियोजन सुरू आहे.,Neutral,शेती
865,फॅशन क्षेत्रात प्रकल्प यशस्वीरीत्या पूर्ण झाला.,Positive,वेशभूषा
866,मनोरंजन विभागात अनेक तक्रारी नोंदवण्यात आल्या.,Negative,मनोरंजन
867,ग्राहक सेवा संदर्भात कार्यक्रमाचे वेळापत्रक अद्ययावत करण्यात आले.,Neutral,ग्राहक सेवा
868,सार्वजनिक वाहतूक क्षेत्रात सेवेचा अनुभव अपेक्षेपेक्षा उत्तम ठरला.,Positive,सार्वजनिक वाहतूक
869,ऑनलाइन खरेदी विभागात अपेक्षित निकाल मिळू शकला नाही.,Negative,ऑनलाइन खरेदी
870,कार्यालय संदर्भात अहवाल संबंधित विभागाकडे पाठवण्यात आला.,Neutral,कार्यालय
871,शिक्षण क्षेत्रात सुविधांचा वापर अधिक सोयीस्कर झाला.,Positive,शिक्षण
872,आरोग्य विभागात सेवा वेळेवर उपलब्ध झाली नाही.,Negative,आरोग्यसेवा
873,तंत्रज्ञान संदर्भात पुढील सूचना लवकरच प्रसिद्ध केल्या जातील.,Neutral,तंत्रज्ञान
874,बँकिंग क्षेत्रात प्रकल्प यशस्वीरीत्या पूर्ण झाला.,Positive,बँकिंग
875,प्रवास विभागात उपकरणांनी योग्य प्रतिसाद दिला नाही.,Negative,प्रवास
876,क्रीडा संदर्भात नवीन परिपत्रक जारी करण्यात आले.,Neutral,क्रीडा
877,चित्रपट क्षेत्रात सेवेचा अनुभव अपेक्षेपेक्षा उत्तम ठरला.,Positive,चित्रपट
878,रेस्टॉरंट विभागात वारंवार व्यत्यय निर्माण झाले.,Negative,उपाहारगृह
879,ई-कॉमर्स संदर्भात सेवा नेहमीच्या वेळेनुसार उपलब्ध राहील.,Neutral,ऑनलाइन व्यापार
880,अन्न वितरण क्षेत्रात काम वेळेपूर्वी पूर्ण करण्यात आले.,Positive,अन्न वितरण
881,मोबाईल अॅप विभागात व्यवस्थापनातील त्रुटी स्पष्ट दिसल्या.,Negative,मोबाईल अॅप्स
882,सरकारी सेवा संदर्भात बैठकीचा निर्णय नोंदवण्यात आला.,Neutral,सरकारी सेवा
883,सोशल मीडिया क्षेत्रात नवीन योजनेचा चांगला लाभ झाला.,Positive,सामाजिक माध्यमे
884,शेती विभागात अनेक तक्रारी नोंदवण्यात आल्या.,Negative,शेती
885,फॅशन संदर्भात अधिकृत नोंद प्रक्रिया सुरू आहे.,Neutral,वेशभूषा
886,मनोरंजन क्षेत्रात सर्व सदस्यांनी उत्कृष्ट समन्वय दाखवला.,Positive,मनोरंजन
887,ग्राहक सेवा विभागात अपेक्षित निकाल मिळू शकला नाही.,Negative,ग्राहक सेवा
888,सार्वजनिक वाहतूक संदर्भात नोंदणीची अंतिम तारीख जाहीर झाली.,Neutral,सार्वजनिक वाहतूक
889,ऑनलाइन खरेदी क्षेत्रात लोकांकडून भरघोस प्रतिसाद मिळाला.,Positive,ऑनलाइन खरेदी
890,कार्यालय विभागात सुविधांच्या अभावामुळे गैरसोय झाली.,Negative,कार्यालय
891,शिक्षण संदर्भात कार्यक्रमाचे वेळापत्रक अद्ययावत करण्यात आले.,Neutral,शिक्षण
892,आरोग्य क्षेत्रात नवीन योजनेचा चांगला लाभ झाला.,Positive,आरोग्यसेवा
893,तंत्रज्ञान विभागात उपकरणांनी योग्य प्रतिसाद दिला नाही.,Negative,तंत्रज्ञान
894,बँकिंग संदर्भात अहवाल संबंधित विभागाकडे पाठवण्यात आला.,Neutral,बँकिंग
895,प्रवास क्षेत्रात सर्व सदस्यांनी उत्कृष्ट समन्वय दाखवला.,Positive,प्रवास
896,क्रीडा विभागात वारंवार व्यत्यय निर्माण झाले.,Negative,क्रीडा
897,चित्रपट संदर्भात तपशील संकेतस्थळावर प्रसिद्ध करण्यात आले.,Neutral,चित्रपट
898,रेस्टॉरंट क्षेत्रात लोकांकडून भरघोस प्रतिसाद मिळाला.,Positive,उपाहारगृह
899,ई-कॉमर्स विभागात व्यवस्थापनातील त्रुटी स्पष्ट दिसल्या.,Negative,ऑनलाइन व्यापार
900,अन्न वितरण संदर्भात पुढील सूचना लवकरच प्रसिद्ध केल्या जातील.,Neutral,अन्न वितरण
901,मोबाईल अॅप क्षेत्रात गुणवत्तेत लक्षणीय सुधारणा दिसली.,Positive,मोबाईल अॅप्स
902,सरकारी सेवा विभागात अनेक तक्रारी नोंदवण्यात आल्या.,Negative,सरकारी सेवा
903,सोशल मीडिया संदर्भात नवीन परिपत्रक जारी करण्यात आले.,Neutral,सामाजिक माध्यमे
904,शेती क्षेत्रात नवीन उपक्रमामुळे काम अधिक परिणामकारक झाले.,Positive,शेती
905,फॅशन विभागात अपेक्षित निकाल मिळू शकला नाही.,Negative,वेशभूषा
906,मनोरंजन संदर्भात सेवा नेहमीच्या वेळेनुसार उपलब्ध राहील.,Neutral,मनोरंजन
907,ग्राहक सेवा क्षेत्रात नवीन बदलांमुळे कार्यक्षमता वाढली.,Positive,ग्राहक सेवा
908,सार्वजनिक वाहतूक विभागात सुविधांच्या अभावामुळे गैरसोय झाली.,Negative,सार्वजनिक वाहतूक
909,ऑनलाइन खरेदी संदर्भात बैठकीचा निर्णय नोंदवण्यात आला.,Neutral,ऑनलाइन खरेदी
910,कार्यालय क्षेत्रात सुविधांचा वापर अधिक सोयीस्कर झाला.,Positive,कार्यालय
911,शिक्षण विभागात उपकरणांनी योग्य प्रतिसाद दिला नाही.,Negative,शिक्षण
912,आरोग्य संदर्भात नोंदणीची अंतिम तारीख जाहीर झाली.,Neutral,आरोग्यसेवा
913,तंत्रज्ञान क्षेत्रात नवीन उपक्रमामुळे काम अधिक परिणामकारक झाले.,Positive,तंत्रज्ञान
914,बँकिंग विभागात वारंवार व्यत्यय निर्माण झाले.,Negative,बँकिंग
915,प्रवास संदर्भात पुढील टप्प्याचे नियोजन सुरू आहे.,Neutral,प्रवास
916,क्रीडा क्षेत्रात नवीन बदलांमुळे कार्यक्षमता वाढली.,Positive,क्रीडा
917,चित्रपट विभागात व्यवस्थापनातील त्रुटी स्पष्ट दिसल्या.,Negative,चित्रपट
918,रेस्टॉरंट संदर्भात कार्यक्रमाचे वेळापत्रक अद्ययावत करण्यात आले.,Neutral,उपाहारगृह
919,ई-कॉमर्स क्षेत्रात सुविधांचा वापर अधिक सोयीस्कर झाला.,Positive,ऑनलाइन व्यापार
920,अन्न वितरण विभागात अनेक तक्रारी नोंदवण्यात आल्या.,Negative,अन्न वितरण
921,मोबाईल अॅप संदर्भात अहवाल संबंधित विभागाकडे पाठवण्यात आला.,Neutral,मोबाईल अॅप्स
922,सरकारी सेवा क्षेत्रात प्रकल्प यशस्वीरीत्या पूर्ण झाला.,Positive,सरकारी सेवा
923,सोशल मीडिया विभागात अपेक्षित निकाल मिळू शकला नाही.,Negative,सामाजिक माध्यमे
924,शेती संदर्भात तपशील संकेतस्थळावर प्रसिद्ध करण्यात आले.,Neutral,शेती
925,फॅशन क्षेत्रात सेवेचा अनुभव अपेक्षेपेक्षा उत्तम ठरला.,Positive,वेशभूषा
926,मनोरंजन विभागात सुविधांच्या अभावामुळे गैरसोय झाली.,Negative,मनोरंजन
927,ग्राहक सेवा संदर्भात पुढील सूचना लवकरच प्रसिद्ध केल्या जातील.,Neutral,ग्राहक सेवा
928,सार्वजनिक वाहतूक क्षेत्रात काम वेळेपूर्वी पूर्ण करण्यात आले.,Positive,सार्वजनिक वाहतूक
929,ऑनलाइन खरेदी विभागात काम पुन्हा सुरू करावे लागले.,Negative,ऑनलाइन खरेदी
930,कार्यालय संदर्भात नवीन परिपत्रक जारी करण्यात आले.,Neutral,कार्यालय
931,शिक्षण क्षेत्रात प्रकल्प यशस्वीरीत्या पूर्ण झाला.,Positive,शिक्षण
932,आरोग्य विभागात वारंवार व्यत्यय निर्माण झाले.,Negative,आरोग्यसेवा
933,तंत्रज्ञान संदर्भात बैठकीचा निर्णय नोंदवण्यात आला.,Neutral,तंत्रज्ञान
934,बँकिंग क्षेत्रात सेवेचा अनुभव अपेक्षेपेक्षा उत्तम ठरला.,Positive,बँकिंग
935,प्रवास विभागात व्यवस्थापनातील त्रुटी स्पष्ट दिसल्या.,Negative,प्रवास
936,क्रीडा संदर्भात अधिकृत नोंद प्रक्रिया सुरू आहे.,Neutral,क्रीडा
937,चित्रपट क्षेत्रात काम वेळेपूर्वी पूर्ण करण्यात आले.,Positive,चित्रपट
938,रेस्टॉरंट विभागात अनेक तक्रारी नोंदवण्यात आल्या.,Negative,उपाहारगृह
939,ई-कॉमर्स संदर्भात नोंदणीची अंतिम तारीख जाहीर झाली.,Neutral,ऑनलाइन व्यापार
940,अन्न वितरण क्षेत्रात नवीन योजनेचा चांगला लाभ झाला.,Positive,अन्न वितरण
941,मोबाईल अॅप विभागात अपेक्षित निकाल मिळू शकला नाही.,Negative,मोबाईल अॅप्स
942,सरकारी सेवा संदर्भात पुढील टप्प्याचे नियोजन सुरू आहे.,Neutral,सरकारी सेवा
943,सोशल मीडिया क्षेत्रात सर्व सदस्यांनी उत्कृष्ट समन्वय दाखवला.,Positive,सामाजिक माध्यमे
944,शेती विभागात सुविधांच्या अभावामुळे गैरसोय झाली.,Negative,शेती
945,फॅशन संदर्भात कार्यक्रमाचे वेळापत्रक अद्ययावत करण्यात आले.,Neutral,वेशभूषा
946,मनोरंजन क्षेत्रात लोकांकडून भरघोस प्रतिसाद मिळाला.,Positive,मनोरंजन
947,ग्राहक सेवा विभागात काम पुन्हा सुरू करावे लागले.,Negative,ग्राहक सेवा
948,सार्वजनिक वाहतूक संदर्भात अहवाल संबंधित विभागाकडे पाठवण्यात आला.,Neutral,सार्वजनिक वाहतूक
949,ऑनलाइन खरेदी क्षेत्रात गुणवत्तेत लक्षणीय सुधारणा दिसली.,Positive,ऑनलाइन खरेदी
950,कार्यालय विभागात माहितीतील चुका लक्षात आल्या.,Negative,कार्यालय
951,शिक्षण संदर्भात पुढील सूचना लवकरच प्रसिद्ध केल्या जातील.,Neutral,शिक्षण
952,आरोग्य क्षेत्रात सर्व सदस्यांनी उत्कृष्ट समन्वय दाखवला.,Positive,आरोग्यसेवा
953,तंत्रज्ञान विभागात व्यवस्थापनातील त्रुटी स्पष्ट दिसल्या.,Negative,तंत्रज्ञान
954,बँकिंग संदर्भात नवीन परिपत्रक जारी करण्यात आले.,Neutral,बँकिंग
955,प्रवास क्षेत्रात लोकांकडून भरघोस प्रतिसाद मिळाला.,Positive,प्रवास
956,क्रीडा विभागात अनेक तक्रारी नोंदवण्यात आल्या.,Negative,क्रीडा
957,चित्रपट संदर्भात सेवा नेहमीच्या वेळेनुसार उपलब्ध राहील.,Neutral,चित्रपट
958,रेस्टॉरंट क्षेत्रात गुणवत्तेत लक्षणीय सुधारणा दिसली.,Positive,उपाहारगृह
959,ई-कॉमर्स विभागात अपेक्षित निकाल मिळू शकला नाही.,Negative,ऑनलाइन व्यापार
960,अन्न वितरण संदर्भात बैठकीचा निर्णय नोंदवण्यात आला.,Neutral,अन्न वितरण
961,मोबाईल अॅप क्षेत्रात नवीन उपक्रमामुळे काम अधिक परिणामकारक झाले.,Positive,मोबाईल अॅप्स
962,सरकारी सेवा विभागात सुविधांच्या अभावामुळे गैरसोय झाली.,Negative,सरकारी सेवा
963,सोशल मीडिया संदर्भात अधिकृत नोंद प्रक्रिया सुरू आहे.,Neutral,सामाजिक माध्यमे
964,शेती क्षेत्रात नवीन बदलांमुळे कार्यक्षमता वाढली.,Positive,शेती
965,फॅशन विभागात काम पुन्हा सुरू करावे लागले.,Negative,वेशभूषा
966,मनोरंजन संदर्भात नोंदणीची अंतिम तारीख जाहीर झाली.,Neutral,मनोरंजन
967,ग्राहक सेवा क्षेत्रात सुविधांचा वापर अधिक सोयीस्कर झाला.,Positive,ग्राहक सेवा
968,सार्वजनिक वाहतूक विभागात माहितीतील चुका लक्षात आल्या.,Negative,सार्वजनिक वाहतूक
969,ऑनलाइन खरेदी संदर्भात पुढील टप्प्याचे नियोजन सुरू आहे.,Neutral,ऑनलाइन खरेदी
970,कार्यालय क्षेत्रात प्रकल्प यशस्वीरीत्या पूर्ण झाला.,Positive,कार्यालय
971,शिक्षण विभागात व्यवस्थापनातील त्रुटी स्पष्ट दिसल्या.,Negative,शिक्षण
972,आरोग्य संदर्भात अहवाल संबंधित विभागाकडे पाठवण्यात आला.,Neutral,आरोग्यसेवा
973,तंत्रज्ञान क्षेत्रात नवीन बदलांमुळे कार्यक्षमता वाढली.,Positive,तंत्रज्ञान
974,बँकिंग विभागात अनेक तक्रारी नोंदवण्यात आल्या.,Negative,बँकिंग
975,प्रवास संदर्भात तपशील संकेतस्थळावर प्रसिद्ध करण्यात आले.,Neutral,प्रवास
976,क्रीडा क्षेत्रात सुविधांचा वापर अधिक सोयीस्कर झाला.,Positive,क्रीडा
977,चित्रपट विभागात अपेक्षित निकाल मिळू शकला नाही.,Negative,चित्रपट
978,रेस्टॉरंट संदर्भात पुढील सूचना लवकरच प्रसिद्ध केल्या जातील.,Neutral,उपाहारगृह
979,ई-कॉमर्स क्षेत्रात प्रकल्प यशस्वीरीत्या पूर्ण झाला.,Positive,ऑनलाइन व्यापार
980,अन्न वितरण विभागात सुविधांच्या अभावामुळे गैरसोय झाली.,Negative,अन्न वितरण
981,मोबाईल अॅप संदर्भात नवीन परिपत्रक जारी करण्यात आले.,Neutral,मोबाईल अॅप्स
982,सरकारी सेवा क्षेत्रात सेवेचा अनुभव अपेक्षेपेक्षा उत्तम ठरला.,Positive,सरकारी सेवा
983,सोशल मीडिया विभागात काम पुन्हा सुरू करावे लागले.,Negative,सामाजिक माध्यमे
984,शेती संदर्भात सेवा नेहमीच्या वेळेनुसार उपलब्ध राहील.,Neutral,शेती
985,फॅशन क्षेत्रात काम वेळेपूर्वी पूर्ण करण्यात आले.,Positive,वेशभूषा
986,मनोरंजन विभागात माहितीतील चुका लक्षात आल्या.,Negative,मनोरंजन
987,ग्राहक सेवा संदर्भात बैठकीचा निर्णय नोंदवण्यात आला.,Neutral,ग्राहक सेवा
988,सार्वजनिक वाहतूक क्षेत्रात नवीन योजनेचा चांगला लाभ झाला.,Positive,सार्वजनिक वाहतूक
989,ऑनलाइन खरेदी विभागात सततच्या अडथळ्यांमुळे प्रक्रिया मंदावली.,Negative,ऑनलाइन खरेदी
990,कार्यालय संदर्भात अधिकृत नोंद प्रक्रिया सुरू आहे.,Neutral,कार्यालय
991,शिक्षण क्षेत्रात सेवेचा अनुभव अपेक्षेपेक्षा उत्तम ठरला.,Positive,शिक्षण
992,आरोग्य विभागात अनेक तक्रारी नोंदवण्यात आल्या.,Negative,आरोग्यसेवा
993,तंत्रज्ञान संदर्भात पुढील टप्प्याचे नियोजन सुरू आहे.,Neutral,तंत्रज्ञान
994,बँकिंग क्षेत्रात काम वेळेपूर्वी पूर्ण करण्यात आले.,Positive,बँकिंग
995,प्रवास विभागात अपेक्षित निकाल मिळू शकला नाही.,Negative,प्रवास
996,क्रीडा संदर्भात कार्यक्रमाचे वेळापत्रक अद्ययावत करण्यात आले.,Neutral,क्रीडा
997,चित्रपट क्षेत्रात नवीन योजनेचा चांगला लाभ झाला.,Positive,चित्रपट
998,रेस्टॉरंट विभागात सुविधांच्या अभावामुळे गैरसोय झाली.,Negative,उपाहारगृह
999,ई-कॉमर्स संदर्भात अहवाल संबंधित विभागाकडे पाठवण्यात आला.,Neutral,ऑनलाइन व्यापार
1000,अन्न वितरण क्षेत्रात सर्व सदस्यांनी उत्कृष्ट समन्वय दाखवला.,Positive,अन्न वितरण
1001,शिक्षण क्षेत्रामध्ये नवीन प्रयोगामुळे उल्लेखनीय सुधारणा दिसून आली.,Positive,शिक्षण
1002,आरोग्य विभागामध्ये तांत्रिक दोषामुळे सेवा बंद ठेवावी लागली.,Negative,आरोग्यसेवा
1003,तंत्रज्ञान संदर्भात पुढील टप्प्याचे वेळापत्रक प्रसिद्ध झाले आहे.,Neutral,तंत्रज्ञान
1004,बँकिंग क्षेत्रामध्ये सेवेचा दर्जा लक्षणीयरीत्या उंचावला.,Positive,बँकिंग
1005,प्रवास विभागामध्ये प्रक्रियेत अनेक चुका आढळून आल्या.,Negative,प्रवास
1006,क्रीडा संदर्भात प्रक्रिया नियोजित वेळेनुसार सुरू आहे.,Neutral,क्रीडा
1007,चित्रपट क्षेत्रामध्ये कामकाज पूर्वीपेक्षा अधिक प्रभावी झाले.,Positive,चित्रपट
1008,रेस्टॉरंट विभागामध्ये संसाधनांच्या कमतरतेमुळे काम रखडले.,Negative,उपाहारगृह
1009,ई-कॉमर्स संदर्भात संबंधित कागदपत्रे तपासणीसाठी सादर करण्यात आली.,Neutral,ऑनलाइन व्यापार
1010,अन्न वितरण क्षेत्रामध्ये सर्व विभागांनी उत्तम समन्वय साधला.,Positive,अन्न वितरण
1011,मोबाईल अॅप विभागामध्ये सततच्या अडचणींमुळे नियोजन विस्कळीत झाले.,Negative,मोबाईल अॅप्स
1012,सरकारी सेवा संदर्भात अद्ययावत माहिती पोर्टलवर उपलब्ध आहे.,Neutral,सरकारी सेवा
1013,सोशल मीडिया क्षेत्रामध्ये सहभागींनी उपक्रमाचे मनापासून स्वागत केले.,Positive,सामाजिक माध्यमे
1014,शेती विभागामध्ये गुणवत्तेअभावी वापरकर्त्यांनी नाराजी व्यक्त केली.,Negative,शेती
1015,फॅशन संदर्भात बैठकीचा अहवाल सर्वांना पाठवण्यात आला.,Neutral,वेशभूषा
1016,मनोरंजन क्षेत्रामध्ये कार्य पूर्ण झाल्याने समाधान व्यक्त करण्यात आले.,Positive,मनोरंजन
1017,ग्राहक सेवा विभागामध्ये सिस्टम प्रतिसाद देत नव्हती.,Negative,ग्राहक सेवा
1018,सार्वजनिक वाहतूक संदर्भात अधिकृत सूचना ईमेलद्वारे देण्यात आली.,Neutral,सार्वजनिक वाहतूक
1019,ऑनलाइन खरेदी क्षेत्रामध्ये अंतिम निकाल अपेक्षेपेक्षा अधिक चांगला होता.,Positive,ऑनलाइन खरेदी
1020,कार्यालय विभागामध्ये अनुभव समाधानकारक वाटला नाही.,Negative,कार्यालय
1021,शिक्षण संदर्भात अद्ययावत माहिती पोर्टलवर उपलब्ध आहे.,Neutral,शिक्षण
1022,आरोग्य क्षेत्रामध्ये सहभागींनी उपक्रमाचे मनापासून स्वागत केले.,Positive,आरोग्यसेवा
1023,तंत्रज्ञान विभागामध्ये गुणवत्तेअभावी वापरकर्त्यांनी नाराजी व्यक्त केली.,Negative,तंत्रज्ञान
1024,बँकिंग संदर्भात बैठकीचा अहवाल सर्वांना पाठवण्यात आला.,Neutral,बँकिंग
1025,प्रवास क्षेत्रामध्ये कार्य पूर्ण झाल्याने समाधान व्यक्त करण्यात आले.,Positive,प्रवास
1026,क्रीडा विभागामध्ये सिस्टम प्रतिसाद देत नव्हती.,Negative,क्रीडा
1027,चित्रपट संदर्भात अधिकृत सूचना ईमेलद्वारे देण्यात आली.,Neutral,चित्रपट
1028,रेस्टॉरंट क्षेत्रामध्ये अंतिम निकाल अपेक्षेपेक्षा अधिक चांगला होता.,Positive,उपाहारगृह
1029,ई-कॉमर्स विभागामध्ये अनुभव समाधानकारक वाटला नाही.,Negative,ऑनलाइन व्यापार
1030,अन्न वितरण संदर्भात नवीन मार्गदर्शक तत्त्वे जाहीर करण्यात आली आहेत.,Neutral,अन्न वितरण
1031,मोबाईल अॅप क्षेत्रामध्ये संपूर्ण प्रक्रिया अत्यंत यशस्वी ठरली.,Positive,मोबाईल अॅप्स
1032,सरकारी सेवा विभागामध्ये अपुरी माहितीमुळे निर्णय घेणे कठीण झाले.,Negative,सरकारी सेवा
1033,सोशल मीडिया संदर्भात नोंदणीसाठी स्वतंत्र लिंक उपलब्ध करून देण्यात आली.,Neutral,सामाजिक माध्यमे
1034,शेती क्षेत्रामध्ये नवीन सुविधेचा सर्वांना मोठा लाभ झाला.,Positive,शेती
1035,फॅशन विभागामध्ये वारंवार होणाऱ्या विलंबामुळे गैरसोय झाली.,Negative,वेशभूषा
1036,मनोरंजन संदर्भात नवीन नियम आजपासून लागू झाले.,Neutral,मनोरंजन
1037,ग्राहक सेवा क्षेत्रामध्ये वेळेचे नियोजन उत्कृष्ट झाले.,Positive,ग्राहक सेवा
1038,सार्वजनिक वाहतूक विभागामध्ये अपेक्षित निकाल मिळू शकला नाही.,Negative,सार्वजनिक वाहतूक
1039,ऑनलाइन खरेदी संदर्भात अंतिम निर्णय पुढील आठवड्यात घोषित केला जाईल.,Neutral,ऑनलाइन खरेदी
1040,कार्यालय क्षेत्रामध्ये नवीन प्रयोगामुळे उल्लेखनीय सुधारणा दिसून आली.,Positive,कार्यालय
1041,शिक्षण विभागामध्ये अपुरी माहितीमुळे निर्णय घेणे कठीण झाले.,Negative,शिक्षण
1042,आरोग्य संदर्भात नोंदणीसाठी स्वतंत्र लिंक उपलब्ध करून देण्यात आली.,Neutral,आरोग्यसेवा
1043,तंत्रज्ञान क्षेत्रामध्ये नवीन सुविधेचा सर्वांना मोठा लाभ झाला.,Positive,तंत्रज्ञान
1044,बँकिंग विभागामध्ये वारंवार होणाऱ्या विलंबामुळे गैरसोय झाली.,Negative,बँकिंग
1045,प्रवास संदर्भात नवीन नियम आजपासून लागू झाले.,Neutral,प्रवास
1046,क्रीडा क्षेत्रामध्ये वेळेचे नियोजन उत्कृष्ट झाले.,Positive,क्रीडा
1047,चित्रपट विभागामध्ये अपेक्षित निकाल मिळू शकला नाही.,Negative,चित्रपट
1048,रेस्टॉरंट संदर्भात अंतिम निर्णय पुढील आठवड्यात घोषित केला जाईल.,Neutral,उपाहारगृह
1049,ई-कॉमर्स क्षेत्रामध्ये नवीन प्रयोगामुळे उल्लेखनीय सुधारणा दिसून आली.,Positive,ऑनलाइन व्यापार
1050,अन्न वितरण विभागामध्ये तांत्रिक दोषामुळे सेवा बंद ठेवावी लागली.,Negative,अन्न वितरण
1051,मोबाईल अॅप संदर्भात पुढील टप्प्याचे वेळापत्रक प्रसिद्ध झाले आहे.,Neutral,मोबाईल अॅप्स
1052,सरकारी सेवा क्षेत्रामध्ये सेवेचा दर्जा लक्षणीयरीत्या उंचावला.,Positive,सरकारी सेवा
1053,सोशल मीडिया विभागामध्ये प्रक्रियेत अनेक चुका आढळून आल्या.,Negative,सामाजिक माध्यमे
1054,शेती संदर्भात प्रक्रिया नियोजित वेळेनुसार सुरू आहे.,Neutral,शेती
1055,फॅशन क्षेत्रामध्ये कामकाज पूर्वीपेक्षा अधिक प्रभावी झाले.,Positive,वेशभूषा
1056,मनोरंजन विभागामध्ये संसाधनांच्या कमतरतेमुळे काम रखडले.,Negative,मनोरंजन
1057,ग्राहक सेवा संदर्भात संबंधित कागदपत्रे तपासणीसाठी सादर करण्यात आली.,Neutral,ग्राहक सेवा
1058,सार्वजनिक वाहतूक क्षेत्रामध्ये सर्व विभागांनी उत्तम समन्वय साधला.,Positive,सार्वजनिक वाहतूक
1059,ऑनलाइन खरेदी विभागामध्ये सततच्या अडचणींमुळे नियोजन विस्कळीत झाले.,Negative,ऑनलाइन खरेदी
1060,कार्यालय संदर्भात अद्ययावत माहिती पोर्टलवर उपलब्ध आहे.,Neutral,कार्यालय
1061,शिक्षण क्षेत्रामध्ये सेवेचा दर्जा लक्षणीयरीत्या उंचावला.,Positive,शिक्षण
1062,आरोग्य विभागामध्ये प्रक्रियेत अनेक चुका आढळून आल्या.,Negative,आरोग्यसेवा
1063,तंत्रज्ञान संदर्भात प्रक्रिया नियोजित वेळेनुसार सुरू आहे.,Neutral,तंत्रज्ञान
1064,बँकिंग क्षेत्रामध्ये कामकाज पूर्वीपेक्षा अधिक प्रभावी झाले.,Positive,बँकिंग
1065,प्रवास विभागामध्ये संसाधनांच्या कमतरतेमुळे काम रखडले.,Negative,प्रवास
1066,क्रीडा संदर्भात संबंधित कागदपत्रे तपासणीसाठी सादर करण्यात आली.,Neutral,क्रीडा
1067,चित्रपट क्षेत्रामध्ये सर्व विभागांनी उत्तम समन्वय साधला.,Positive,चित्रपट
1068,रेस्टॉरंट विभागामध्ये सततच्या अडचणींमुळे नियोजन विस्कळीत झाले.,Negative,उपाहारगृह
1069,ई-कॉमर्स संदर्भात अद्ययावत माहिती पोर्टलवर उपलब्ध आहे.,Neutral,ऑनलाइन व्यापार
1070,अन्न वितरण क्षेत्रामध्ये सहभागींनी उपक्रमाचे मनापासून स्वागत केले.,Positive,अन्न वितरण
1071,मोबाईल अॅप विभागामध्ये गुणवत्तेअभावी वापरकर्त्यांनी नाराजी व्यक्त केली.,Negative,मोबाईल अॅप्स
1072,सरकारी सेवा संदर्भात बैठकीचा अहवाल सर्वांना पाठवण्यात आला.,Neutral,सरकारी सेवा
1073,सोशल मीडिया क्षेत्रामध्ये कार्य पूर्ण झाल्याने समाधान व्यक्त करण्यात आले.,Positive,सामाजिक माध्यमे
1074,शेती विभागामध्ये सिस्टम प्रतिसाद देत नव्हती.,Negative,शेती
1075,फॅशन संदर्भात अधिकृत सूचना ईमेलद्वारे देण्यात आली.,Neutral,वेशभूषा
1076,मनोरंजन क्षेत्रामध्ये अंतिम निकाल अपेक्षेपेक्षा अधिक चांगला होता.,Positive,मनोरंजन
1077,ग्राहक सेवा विभागामध्ये अनुभव समाधानकारक वाटला नाही.,Negative,ग्राहक सेवा
1078,सार्वजनिक वाहतूक संदर्भात नवीन मार्गदर्शक तत्त्वे जाहीर करण्यात आली आहेत.,Neutral,सार्वजनिक वाहतूक
1079,ऑनलाइन खरेदी क्षेत्रामध्ये संपूर्ण प्रक्रिया अत्यंत यशस्वी ठरली.,Positive,ऑनलाइन खरेदी
1080,कार्यालय विभागामध्ये अपुरी माहितीमुळे निर्णय घेणे कठीण झाले.,Negative,कार्यालय
1081,शिक्षण संदर्भात बैठकीचा अहवाल सर्वांना पाठवण्यात आला.,Neutral,शिक्षण
1082,आरोग्य क्षेत्रामध्ये कार्य पूर्ण झाल्याने समाधान व्यक्त करण्यात आले.,Positive,आरोग्यसेवा
1083,तंत्रज्ञान विभागामध्ये सिस्टम प्रतिसाद देत नव्हती.,Negative,तंत्रज्ञान
1084,बँकिंग संदर्भात अधिकृत सूचना ईमेलद्वारे देण्यात आली.,Neutral,बँकिंग
1085,प्रवास क्षेत्रामध्ये अंतिम निकाल अपेक्षेपेक्षा अधिक चांगला होता.,Positive,प्रवास
1086,क्रीडा विभागामध्ये अनुभव समाधानकारक वाटला नाही.,Negative,क्रीडा
1087,चित्रपट संदर्भात नवीन मार्गदर्शक तत्त्वे जाहीर करण्यात आली आहेत.,Neutral,चित्रपट
1088,रेस्टॉरंट क्षेत्रामध्ये संपूर्ण प्रक्रिया अत्यंत यशस्वी ठरली.,Positive,उपाहारगृह
1089,ई-कॉमर्स विभागामध्ये अपुरी माहितीमुळे निर्णय घेणे कठीण झाले.,Negative,ऑनलाइन व्यापार
1090,अन्न वितरण संदर्भात नोंदणीसाठी स्वतंत्र लिंक उपलब्ध करून देण्यात आली.,Neutral,अन्न वितरण
1091,मोबाईल अॅप क्षेत्रामध्ये नवीन सुविधेचा सर्वांना मोठा लाभ झाला.,Positive,मोबाईल अॅप्स
1092,सरकारी सेवा विभागामध्ये वारंवार होणाऱ्या विलंबामुळे गैरसोय झाली.,Negative,सरकारी सेवा
1093,सोशल मीडिया संदर्भात नवीन नियम आजपासून लागू झाले.,Neutral,सामाजिक माध्यमे
1094,शेती क्षेत्रामध्ये वेळेचे नियोजन उत्कृष्ट झाले.,Positive,शेती
1095,फॅशन विभागामध्ये अपेक्षित निकाल मिळू शकला नाही.,Negative,वेशभूषा
1096,मनोरंजन संदर्भात अंतिम निर्णय पुढील आठवड्यात घोषित केला जाईल.,Neutral,मनोरंजन
1097,ग्राहक सेवा क्षेत्रामध्ये नवीन प्रयोगामुळे उल्लेखनीय सुधारणा दिसून आली.,Positive,ग्राहक सेवा
1098,सार्वजनिक वाहतूक विभागामध्ये तांत्रिक दोषामुळे सेवा बंद ठेवावी लागली.,Negative,सार्वजनिक वाहतूक
1099,ऑनलाइन खरेदी संदर्भात पुढील टप्प्याचे वेळापत्रक प्रसिद्ध झाले आहे.,Neutral,ऑनलाइन खरेदी
1100,कार्यालय क्षेत्रामध्ये सेवेचा दर्जा लक्षणीयरीत्या उंचावला.,Positive,कार्यालय
1101,शिक्षण विभागामध्ये वारंवार होणाऱ्या विलंबामुळे गैरसोय झाली.,Negative,शिक्षण
1102,आरोग्य संदर्भात नवीन नियम आजपासून लागू झाले.,Neutral,आरोग्यसेवा
1103,तंत्रज्ञान क्षेत्रामध्ये वेळेचे नियोजन उत्कृष्ट झाले.,Positive,तंत्रज्ञान
1104,बँकिंग विभागामध्ये अपेक्षित निकाल मिळू शकला नाही.,Negative,बँकिंग
1105,प्रवास संदर्भात अंतिम निर्णय पुढील आठवड्यात घोषित केला जाईल.,Neutral,प्रवास
1106,क्रीडा क्षेत्रामध्ये नवीन प्रयोगामुळे उल्लेखनीय सुधारणा दिसून आली.,Positive,क्रीडा
1107,चित्रपट विभागामध्ये तांत्रिक दोषामुळे सेवा बंद ठेवावी लागली.,Negative,चित्रपट
1108,रेस्टॉरंट संदर्भात पुढील टप्प्याचे वेळापत्रक प्रसिद्ध झाले आहे.,Neutral,उपाहारगृह
1109,ई-कॉमर्स क्षेत्रामध्ये सेवेचा दर्जा लक्षणीयरीत्या उंचावला.,Positive,ऑनलाइन व्यापार
1110,अन्न वितरण विभागामध्ये प्रक्रियेत अनेक चुका आढळून आल्या.,Negative,अन्न वितरण
1111,मोबाईल अॅप संदर्भात प्रक्रिया नियोजित वेळेनुसार सुरू आहे.,Neutral,मोबाईल अॅप्स
1112,सरकारी सेवा क्षेत्रामध्ये कामकाज पूर्वीपेक्षा अधिक प्रभावी झाले.,Positive,सरकारी सेवा
1113,सोशल मीडिया विभागामध्ये संसाधनांच्या कमतरतेमुळे काम रखडले.,Negative,सामाजिक माध्यमे
1114,शेती संदर्भात संबंधित कागदपत्रे तपासणीसाठी सादर करण्यात आली.,Neutral,शेती
1115,फॅशन क्षेत्रामध्ये सर्व विभागांनी उत्तम समन्वय साधला.,Positive,वेशभूषा
1116,मनोरंजन विभागामध्ये सततच्या अडचणींमुळे नियोजन विस्कळीत झाले.,Negative,मनोरंजन
1117,ग्राहक सेवा संदर्भात अद्ययावत माहिती पोर्टलवर उपलब्ध आहे.,Neutral,ग्राहक सेवा
1118,सार्वजनिक वाहतूक क्षेत्रामध्ये सहभागींनी उपक्रमाचे मनापासून स्वागत केले.,Positive,सार्वजनिक वाहतूक
1119,ऑनलाइन खरेदी विभागामध्ये गुणवत्तेअभावी वापरकर्त्यांनी नाराजी व्यक्त केली.,Negative,ऑनलाइन खरेदी
1120,कार्यालय संदर्भात बैठकीचा अहवाल सर्वांना पाठवण्यात आला.,Neutral,कार्यालय
1121,शिक्षण क्षेत्रामध्ये कामकाज पूर्वीपेक्षा अधिक प्रभावी झाले.,Positive,शिक्षण
1122,आरोग्य विभागामध्ये संसाधनांच्या कमतरतेमुळे काम रखडले.,Negative,आरोग्यसेवा
1123,तंत्रज्ञान संदर्भात संबंधित कागदपत्रे तपासणीसाठी सादर करण्यात आली.,Neutral,तंत्रज्ञान
1124,बँकिंग क्षेत्रामध्ये सर्व विभागांनी उत्तम समन्वय साधला.,Positive,बँकिंग
1125,प्रवास विभागामध्ये सततच्या अडचणींमुळे नियोजन विस्कळीत झाले.,Negative,प्रवास
1126,क्रीडा संदर्भात अद्ययावत माहिती पोर्टलवर उपलब्ध आहे.,Neutral,क्रीडा
1127,चित्रपट क्षेत्रामध्ये सहभागींनी उपक्रमाचे मनापासून स्वागत केले.,Positive,चित्रपट
1128,रेस्टॉरंट विभागामध्ये गुणवत्तेअभावी वापरकर्त्यांनी नाराजी व्यक्त केली.,Negative,उपाहारगृह
1129,ई-कॉमर्स संदर्भात बैठकीचा अहवाल सर्वांना पाठवण्यात आला.,Neutral,ऑनलाइन व्यापार
1130,अन्न वितरण क्षेत्रामध्ये कार्य पूर्ण झाल्याने समाधान व्यक्त करण्यात आले.,Positive,अन्न वितरण
1131,मोबाईल अॅप विभागामध्ये सिस्टम प्रतिसाद देत नव्हती.,Negative,मोबाईल अॅप्स
1132,सरकारी सेवा संदर्भात अधिकृत सूचना ईमेलद्वारे देण्यात आली.,Neutral,सरकारी सेवा
1133,सोशल मीडिया क्षेत्रामध्ये अंतिम निकाल अपेक्षेपेक्षा अधिक चांगला होता.,Positive,सामाजिक माध्यमे
1134,शेती विभागामध्ये अनुभव समाधानकारक वाटला नाही.,Negative,शेती
1135,फॅशन संदर्भात नवीन मार्गदर्शक तत्त्वे जाहीर करण्यात आली आहेत.,Neutral,वेशभूषा
1136,मनोरंजन क्षेत्रामध्ये संपूर्ण प्रक्रिया अत्यंत यशस्वी ठरली.,Positive,मनोरंजन
1137,ग्राहक सेवा विभागामध्ये अपुरी माहितीमुळे निर्णय घेणे कठीण झाले.,Negative,ग्राहक सेवा
1138,सार्वजनिक वाहतूक संदर्भात नोंदणीसाठी स्वतंत्र लिंक उपलब्ध करून देण्यात आली.,Neutral,सार्वजनिक वाहतूक
1139,ऑनलाइन खरेदी क्षेत्रामध्ये नवीन सुविधेचा सर्वांना मोठा लाभ झाला.,Positive,ऑनलाइन खरेदी
1140,कार्यालय विभागामध्ये वारंवार होणाऱ्या विलंबामुळे गैरसोय झाली.,Negative,कार्यालय
1141,शिक्षण संदर्भात अधिकृत सूचना ईमेलद्वारे देण्यात आली.,Neutral,शिक्षण
1142,आरोग्य क्षेत्रामध्ये अंतिम निकाल अपेक्षेपेक्षा अधिक चांगला होता.,Positive,आरोग्यसेवा
1143,तंत्रज्ञान विभागामध्ये अनुभव समाधानकारक वाटला नाही.,Negative,तंत्रज्ञान
1144,बँकिंग संदर्भात नवीन मार्गदर्शक तत्त्वे जाहीर करण्यात आली आहेत.,Neutral,बँकिंग
1145,प्रवास क्षेत्रामध्ये संपूर्ण प्रक्रिया अत्यंत यशस्वी ठरली.,Positive,प्रवास
1146,क्रीडा विभागामध्ये अपुरी माहितीमुळे निर्णय घेणे कठीण झाले.,Negative,क्रीडा
1147,चित्रपट संदर्भात नोंदणीसाठी स्वतंत्र लिंक उपलब्ध करून देण्यात आली.,Neutral,चित्रपट
1148,रेस्टॉरंट क्षेत्रामध्ये नवीन सुविधेचा सर्वांना मोठा लाभ झाला.,Positive,उपाहारगृह
1149,ई-कॉमर्स विभागामध्ये वारंवार होणाऱ्या विलंबामुळे गैरसोय झाली.,Negative,ऑनलाइन व्यापार
1150,अन्न वितरण संदर्भात नवीन नियम आजपासून लागू झाले.,Neutral,अन्न वितरण
1151,मोबाईल अॅप क्षेत्रामध्ये वेळेचे नियोजन उत्कृष्ट झाले.,Positive,मोबाईल अॅप्स
1152,सरकारी सेवा विभागामध्ये अपेक्षित निकाल मिळू शकला नाही.,Negative,सरकारी सेवा
1153,सोशल मीडिया संदर्भात अंतिम निर्णय पुढील आठवड्यात घोषित केला जाईल.,Neutral,सामाजिक माध्यमे
1154,शेती क्षेत्रामध्ये नवीन प्रयोगामुळे उल्लेखनीय सुधारणा दिसून आली.,Positive,शेती
1155,फॅशन विभागामध्ये तांत्रिक दोषामुळे सेवा बंद ठेवावी लागली.,Negative,वेशभूषा
1156,मनोरंजन संदर्भात पुढील टप्प्याचे वेळापत्रक प्रसिद्ध झाले आहे.,Neutral,मनोरंजन
1157,ग्राहक सेवा क्षेत्रामध्ये सेवेचा दर्जा लक्षणीयरीत्या उंचावला.,Positive,ग्राहक सेवा
1158,सार्वजनिक वाहतूक विभागामध्ये प्रक्रियेत अनेक चुका आढळून आल्या.,Negative,सार्वजनिक वाहतूक
1159,ऑनलाइन खरेदी संदर्भात प्रक्रिया नियोजित वेळेनुसार सुरू आहे.,Neutral,ऑनलाइन खरेदी
1160,कार्यालय क्षेत्रामध्ये कामकाज पूर्वीपेक्षा अधिक प्रभावी झाले.,Positive,कार्यालय
1161,शिक्षण विभागामध्ये अपेक्षित निकाल मिळू शकला नाही.,Negative,शिक्षण
1162,आरोग्य संदर्भात अंतिम निर्णय पुढील आठवड्यात घोषित केला जाईल.,Neutral,आरोग्यसेवा
1163,तंत्रज्ञान क्षेत्रामध्ये नवीन प्रयोगामुळे उल्लेखनीय सुधारणा दिसून आली.,Positive,तंत्रज्ञान
1164,बँकिंग विभागामध्ये तांत्रिक दोषामुळे सेवा बंद ठेवावी लागली.,Negative,बँकिंग
1165,प्रवास संदर्भात पुढील टप्प्याचे वेळापत्रक प्रसिद्ध झाले आहे.,Neutral,प्रवास
1166,क्रीडा क्षेत्रामध्ये सेवेचा दर्जा लक्षणीयरीत्या उंचावला.,Positive,क्रीडा
1167,चित्रपट विभागामध्ये प्रक्रियेत अनेक चुका आढळून आल्या.,Negative,चित्रपट
1168,रेस्टॉरंट संदर्भात प्रक्रिया नियोजित वेळेनुसार सुरू आहे.,Neutral,उपाहारगृह
1169,ई-कॉमर्स क्षेत्रामध्ये कामकाज पूर्वीपेक्षा अधिक प्रभावी झाले.,Positive,ऑनलाइन व्यापार
1170,अन्न वितरण विभागामध्ये संसाधनांच्या कमतरतेमुळे काम रखडले.,Negative,अन्न वितरण
1171,मोबाईल अॅप संदर्भात संबंधित कागदपत्रे तपासणीसाठी सादर करण्यात आली.,Neutral,मोबाईल अॅप्स
1172,सरकारी सेवा क्षेत्रामध्ये सर्व विभागांनी उत्तम समन्वय साधला.,Positive,सरकारी सेवा
1173,सोशल मीडिया विभागामध्ये सततच्या अडचणींमुळे नियोजन विस्कळीत झाले.,Negative,सामाजिक माध्यमे
1174,शेती संदर्भात अद्ययावत माहिती पोर्टलवर उपलब्ध आहे.,Neutral,शेती
1175,फॅशन क्षेत्रामध्ये सहभागींनी उपक्रमाचे मनापासून स्वागत केले.,Positive,वेशभूषा
1176,मनोरंजन विभागामध्ये गुणवत्तेअभावी वापरकर्त्यांनी नाराजी व्यक्त केली.,Negative,मनोरंजन
1177,ग्राहक सेवा संदर्भात बैठकीचा अहवाल सर्वांना पाठवण्यात आला.,Neutral,ग्राहक सेवा
1178,सार्वजनिक वाहतूक क्षेत्रामध्ये कार्य पूर्ण झाल्याने समाधान व्यक्त करण्यात आले.,Positive,सार्वजनिक वाहतूक
1179,ऑनलाइन खरेदी विभागामध्ये सिस्टम प्रतिसाद देत नव्हती.,Negative,ऑनलाइन खरेदी
1180,कार्यालय संदर्भात अधिकृत सूचना ईमेलद्वारे देण्यात आली.,Neutral,कार्यालय
1181,शिक्षण क्षेत्रामध्ये सर्व विभागांनी उत्तम समन्वय साधला.,Positive,शिक्षण
1182,आरोग्य विभागामध्ये सततच्या अडचणींमुळे नियोजन विस्कळीत झाले.,Negative,आरोग्यसेवा
1183,तंत्रज्ञान संदर्भात अद्ययावत माहिती पोर्टलवर उपलब्ध आहे.,Neutral,तंत्रज्ञान
1184,बँकिंग क्षेत्रामध्ये सहभागींनी उपक्रमाचे मनापासून स्वागत केले.,Positive,बँकिंग
1185,प्रवास विभागामध्ये गुणवत्तेअभावी वापरकर्त्यांनी नाराजी व्यक्त केली.,Negative,प्रवास
1186,क्रीडा संदर्भात बैठकीचा अहवाल सर्वांना पाठवण्यात आला.,Neutral,क्रीडा
1187,चित्रपट क्षेत्रामध्ये कार्य पूर्ण झाल्याने समाधान व्यक्त करण्यात आले.,Positive,चित्रपट
1188,रेस्टॉरंट विभागामध्ये सिस्टम प्रतिसाद देत नव्हती.,Negative,उपाहारगृह
1189,ई-कॉमर्स संदर्भात अधिकृत सूचना ईमेलद्वारे देण्यात आली.,Neutral,ऑनलाइन व्यापार
1190,अन्न वितरण क्षेत्रामध्ये अंतिम निकाल अपेक्षेपेक्षा अधिक चांगला होता.,Positive,अन्न वितरण
1191,मोबाईल अॅप विभागामध्ये अनुभव समाधानकारक वाटला नाही.,Negative,मोबाईल अॅप्स
1192,सरकारी सेवा संदर्भात नवीन मार्गदर्शक तत्त्वे जाहीर करण्यात आली आहेत.,Neutral,सरकारी सेवा
1193,सोशल मीडिया क्षेत्रामध्ये संपूर्ण प्रक्रिया अत्यंत यशस्वी ठरली.,Positive,सामाजिक माध्यमे
1194,शेती विभागामध्ये अपुरी माहितीमुळे निर्णय घेणे कठीण झाले.,Negative,शेती
1195,फॅशन संदर्भात नोंदणीसाठी स्वतंत्र लिंक उपलब्ध करून देण्यात आली.,Neutral,वेशभूषा
1196,मनोरंजन क्षेत्रामध्ये नवीन सुविधेचा सर्वांना मोठा लाभ झाला.,Positive,मनोरंजन
1197,ग्राहक सेवा विभागामध्ये वारंवार होणाऱ्या विलंबामुळे गैरसोय झाली.,Negative,ग्राहक सेवा
1198,सार्वजनिक वाहतूक संदर्भात नवीन नियम आजपासून लागू झाले.,Neutral,सार्वजनिक वाहतूक
1199,ऑनलाइन खरेदी क्षेत्रामध्ये वेळेचे नियोजन उत्कृष्ट झाले.,Positive,ऑनलाइन खरेदी
1200,कार्यालय विभागामध्ये अपेक्षित निकाल मिळू शकला नाही.,Negative,कार्यालय
1201,शिक्षण संदर्भात नवीन मार्गदर्शक तत्त्वे जाहीर करण्यात आली आहेत.,Neutral,शिक्षण
1202,आरोग्य क्षेत्रामध्ये संपूर्ण प्रक्रिया अत्यंत यशस्वी ठरली.,Positive,आरोग्यसेवा
1203,तंत्रज्ञान विभागामध्ये अपुरी माहितीमुळे निर्णय घेणे कठीण झाले.,Negative,तंत्रज्ञान
1204,बँकिंग संदर्भात नोंदणीसाठी स्वतंत्र लिंक उपलब्ध करून देण्यात आली.,Neutral,बँकिंग
1205,प्रवास क्षेत्रामध्ये नवीन सुविधेचा सर्वांना मोठा लाभ झाला.,Positive,प्रवास
1206,क्रीडा विभागामध्ये वारंवार होणाऱ्या विलंबामुळे गैरसोय झाली.,Negative,क्रीडा
1207,चित्रपट संदर्भात नवीन नियम आजपासून लागू झाले.,Neutral,चित्रपट
1208,रेस्टॉरंट क्षेत्रामध्ये वेळेचे नियोजन उत्कृष्ट झाले.,Positive,उपाहारगृह
1209,ई-कॉमर्स विभागामध्ये अपेक्षित निकाल मिळू शकला नाही.,Negative,ऑनलाइन व्यापार
1210,अन्न वितरण संदर्भात अंतिम निर्णय पुढील आठवड्यात घोषित केला जाईल.,Neutral,अन्न वितरण
1211,मोबाईल अॅप क्षेत्रामध्ये नवीन प्रयोगामुळे उल्लेखनीय सुधारणा दिसून आली.,Positive,मोबाईल अॅप्स
1212,सरकारी सेवा विभागामध्ये तांत्रिक दोषामुळे सेवा बंद ठेवावी लागली.,Negative,सरकारी सेवा
1213,सोशल मीडिया संदर्भात पुढील टप्प्याचे वेळापत्रक प्रसिद्ध झाले आहे.,Neutral,सामाजिक माध्यमे
1214,शेती क्षेत्रामध्ये सेवेचा दर्जा लक्षणीयरीत्या उंचावला.,Positive,शेती
1215,फॅशन विभागामध्ये प्रक्रियेत अनेक चुका आढळून आल्या.,Negative,वेशभूषा
1216,मनोरंजन संदर्भात प्रक्रिया नियोजित वेळेनुसार सुरू आहे.,Neutral,मनोरंजन
1217,ग्राहक सेवा क्षेत्रामध्ये कामकाज पूर्वीपेक्षा अधिक प्रभावी झाले.,Positive,ग्राहक सेवा
1218,सार्वजनिक वाहतूक विभागामध्ये संसाधनांच्या कमतरतेमुळे काम रखडले.,Negative,सार्वजनिक वाहतूक
1219,ऑनलाइन खरेदी संदर्भात संबंधित कागदपत्रे तपासणीसाठी सादर करण्यात आली.,Neutral,ऑनलाइन खरेदी
1220,कार्यालय क्षेत्रामध्ये सर्व विभागांनी उत्तम समन्वय साधला.,Positive,कार्यालय
1221,शिक्षण विभागामध्ये तांत्रिक दोषामुळे सेवा बंद ठेवावी लागली.,Negative,शिक्षण
1222,आरोग्य संदर्भात पुढील टप्प्याचे वेळापत्रक प्रसिद्ध झाले आहे.,Neutral,आरोग्यसेवा
1223,तंत्रज्ञान क्षेत्रामध्ये सेवेचा दर्जा लक्षणीयरीत्या उंचावला.,Positive,तंत्रज्ञान
1224,बँकिंग विभागामध्ये प्रक्रियेत अनेक चुका आढळून आल्या.,Negative,बँकिंग
1225,प्रवास संदर्भात प्रक्रिया नियोजित वेळेनुसार सुरू आहे.,Neutral,प्रवास
1226,क्रीडा क्षेत्रामध्ये कामकाज पूर्वीपेक्षा अधिक प्रभावी झाले.,Positive,क्रीडा
1227,चित्रपट विभागामध्ये संसाधनांच्या कमतरतेमुळे काम रखडले.,Negative,चित्रपट
1228,रेस्टॉरंट संदर्भात संबंधित कागदपत्रे तपासणीसाठी सादर करण्यात आली.,Neutral,उपाहारगृह
1229,ई-कॉमर्स क्षेत्रामध्ये सर्व विभागांनी उत्तम समन्वय साधला.,Positive,ऑनलाइन व्यापार
1230,अन्न वितरण विभागामध्ये सततच्या अडचणींमुळे नियोजन विस्कळीत झाले.,Negative,अन्न वितरण
1231,मोबाईल अॅप संदर्भात अद्ययावत माहिती पोर्टलवर उपलब्ध आहे.,Neutral,मोबाईल अॅप्स
1232,सरकारी सेवा क्षेत्रामध्ये सहभागींनी उपक्रमाचे मनापासून स्वागत केले.,Positive,सरकारी सेवा
1233,सोशल मीडिया विभागामध्ये गुणवत्तेअभावी वापरकर्त्यांनी नाराजी व्यक्त केली.,Negative,सामाजिक माध्यमे
1234,शेती संदर्भात बैठकीचा अहवाल सर्वांना पाठवण्यात आला.,Neutral,शेती
1235,फॅशन क्षेत्रामध्ये कार्य पूर्ण झाल्याने समाधान व्यक्त करण्यात आले.,Positive,वेशभूषा
1236,मनोरंजन विभागामध्ये सिस्टम प्रतिसाद देत नव्हती.,Negative,मनोरंजन
1237,ग्राहक सेवा संदर्भात अधिकृत सूचना ईमेलद्वारे देण्यात आली.,Neutral,ग्राहक सेवा
1238,सार्वजनिक वाहतूक क्षेत्रामध्ये अंतिम निकाल अपेक्षेपेक्षा अधिक चांगला होता.,Positive,सार्वजनिक वाहतूक
1239,ऑनलाइन खरेदी विभागामध्ये अनुभव समाधानकारक वाटला नाही.,Negative,ऑनलाइन खरेदी
1240,कार्यालय संदर्भात नवीन मार्गदर्शक तत्त्वे जाहीर करण्यात आली आहेत.,Neutral,कार्यालय
1241,शिक्षण क्षेत्रामध्ये सहभागींनी उपक्रमाचे मनापासून स्वागत केले.,Positive,शिक्षण
1242,आरोग्य विभागामध्ये गुणवत्तेअभावी वापरकर्त्यांनी नाराजी व्यक्त केली.,Negative,आरोग्यसेवा
1243,तंत्रज्ञान संदर्भात बैठकीचा अहवाल सर्वांना पाठवण्यात आला.,Neutral,तंत्रज्ञान
1244,बँकिंग क्षेत्रामध्ये कार्य पूर्ण झाल्याने समाधान व्यक्त करण्यात आले.,Positive,बँकिंग
1245,प्रवास विभागामध्ये सिस्टम प्रतिसाद देत नव्हती.,Negative,प्रवास
1246,क्रीडा संदर्भात अधिकृत सूचना ईमेलद्वारे देण्यात आली.,Neutral,क्रीडा
1247,चित्रपट क्षेत्रामध्ये अंतिम निकाल अपेक्षेपेक्षा अधिक चांगला होता.,Positive,चित्रपट
1248,रेस्टॉरंट विभागामध्ये अनुभव समाधानकारक वाटला नाही.,Negative,उपाहारगृह
1249,ई-कॉमर्स संदर्भात नवीन मार्गदर्शक तत्त्वे जाहीर करण्यात आली आहेत.,Neutral,ऑनलाइन व्यापार
1250,अन्न वितरण क्षेत्रामध्ये संपूर्ण प्रक्रिया अत्यंत यशस्वी ठरली.,Positive,अन्न वितरण
1251,शिक्षण क्षेत्रात नवीन उपक्रम क्रमांक 1 यशस्वीपणे पूर्ण झाला.,Positive,शिक्षण
1252,शिक्षण विभागात नवीन प्रक्रिया क्रमांक 1 दरम्यान अनपेक्षित अडचणी निर्माण झाल्या.,Negative,शिक्षण
1253,शिक्षण संदर्भात अद्यतन क्रमांक 1 अधिकृतपणे जाहीर करण्यात आले.,Neutral,शिक्षण
1254,आरोग्य क्षेत्रात नवीन उपक्रम क्रमांक 1 यशस्वीपणे पूर्ण झाला.,Positive,आरोग्यसेवा
1255,आरोग्य विभागात नवीन प्रक्रिया क्रमांक 1 दरम्यान अनपेक्षित अडचणी निर्माण झाल्या.,Negative,आरोग्यसेवा
1256,आरोग्य संदर्भात अद्यतन क्रमांक 1 अधिकृतपणे जाहीर करण्यात आले.,Neutral,आरोग्यसेवा
1257,तंत्रज्ञान क्षेत्रात नवीन उपक्रम क्रमांक 1 यशस्वीपणे पूर्ण झाला.,Positive,तंत्रज्ञान
1258,तंत्रज्ञान विभागात नवीन प्रक्रिया क्रमांक 1 दरम्यान अनपेक्षित अडचणी निर्माण झाल्या.,Negative,तंत्रज्ञान
1259,तंत्रज्ञान संदर्भात अद्यतन क्रमांक 1 अधिकृतपणे जाहीर करण्यात आले.,Neutral,तंत्रज्ञान
1260,बँकिंग क्षेत्रात नवीन उपक्रम क्रमांक 1 यशस्वीपणे पूर्ण झाला.,Positive,बँकिंग
1261,बँकिंग विभागात नवीन प्रक्रिया क्रमांक 1 दरम्यान अनपेक्षित अडचणी निर्माण झाल्या.,Negative,बँकिंग
1262,बँकिंग संदर्भात अद्यतन क्रमांक 1 अधिकृतपणे जाहीर करण्यात आले.,Neutral,बँकिंग
1263,प्रवास क्षेत्रात नवीन उपक्रम क्रमांक 1 यशस्वीपणे पूर्ण झाला.,Positive,प्रवास
1264,प्रवास विभागात नवीन प्रक्रिया क्रमांक 1 दरम्यान अनपेक्षित अडचणी निर्माण झाल्या.,Negative,प्रवास
1265,प्रवास संदर्भात अद्यतन क्रमांक 1 अधिकृतपणे जाहीर करण्यात आले.,Neutral,प्रवास
1266,क्रीडा क्षेत्रात नवीन उपक्रम क्रमांक 1 यशस्वीपणे पूर्ण झाला.,Positive,क्रीडा
1267,क्रीडा विभागात नवीन प्रक्रिया क्रमांक 1 दरम्यान अनपेक्षित अडचणी निर्माण झाल्या.,Negative,क्रीडा
1268,क्रीडा संदर्भात अद्यतन क्रमांक 1 अधिकृतपणे जाहीर करण्यात आले.,Neutral,क्रीडा
1269,चित्रपट क्षेत्रात नवीन उपक्रम क्रमांक 1 यशस्वीपणे पूर्ण झाला.,Positive,चित्रपट
1270,चित्रपट विभागात नवीन प्रक्रिया क्रमांक 1 दरम्यान अनपेक्षित अडचणी निर्माण झाल्या.,Negative,चित्रपट
1271,चित्रपट संदर्भात अद्यतन क्रमांक 1 अधिकृतपणे जाहीर करण्यात आले.,Neutral,चित्रपट
1272,रेस्टॉरंट क्षेत्रात नवीन उपक्रम क्रमांक 1 यशस्वीपणे पूर्ण झाला.,Positive,उपाहारगृह
1273,रेस्टॉरंट विभागात नवीन प्रक्रिया क्रमांक 1 दरम्यान अनपेक्षित अडचणी निर्माण झाल्या.,Negative,उपाहारगृह
1274,रेस्टॉरंट संदर्भात अद्यतन क्रमांक 1 अधिकृतपणे जाहीर करण्यात आले.,Neutral,उपाहारगृह
1275,ई-कॉमर्स क्षेत्रात नवीन उपक्रम क्रमांक 1 यशस्वीपणे पूर्ण झाला.,Positive,ऑनलाइन व्यापार
1276,ई-कॉमर्स विभागात नवीन प्रक्रिया क्रमांक 1 दरम्यान अनपेक्षित अडचणी निर्माण झाल्या.,Negative,ऑनलाइन व्यापार
1277,ई-कॉमर्स संदर्भात अद्यतन क्रमांक 1 अधिकृतपणे जाहीर करण्यात आले.,Neutral,ऑनलाइन व्यापार
1278,अन्न वितरण क्षेत्रात नवीन उपक्रम क्रमांक 1 यशस्वीपणे पूर्ण झाला.,Positive,अन्न वितरण
1279,अन्न वितरण विभागात नवीन प्रक्रिया क्रमांक 1 दरम्यान अनपेक्षित अडचणी निर्माण झाल्या.,Negative,अन्न वितरण
1280,अन्न वितरण संदर्भात अद्यतन क्रमांक 1 अधिकृतपणे जाहीर करण्यात आले.,Neutral,अन्न वितरण
1281,मोबाईल अॅप क्षेत्रात नवीन उपक्रम क्रमांक 1 यशस्वीपणे पूर्ण झाला.,Positive,मोबाईल अॅप्स
1282,मोबाईल अॅप विभागात नवीन प्रक्रिया क्रमांक 1 दरम्यान अनपेक्षित अडचणी निर्माण झाल्या.,Negative,मोबाईल अॅप्स
1283,मोबाईल अॅप संदर्भात अद्यतन क्रमांक 1 अधिकृतपणे जाहीर करण्यात आले.,Neutral,मोबाईल अॅप्स
1284,सरकारी सेवा क्षेत्रात नवीन उपक्रम क्रमांक 1 यशस्वीपणे पूर्ण झाला.,Positive,सरकारी सेवा
1285,सरकारी सेवा विभागात नवीन प्रक्रिया क्रमांक 1 दरम्यान अनपेक्षित अडचणी निर्माण झाल्या.,Negative,सरकारी सेवा
1286,सरकारी सेवा संदर्भात अद्यतन क्रमांक 1 अधिकृतपणे जाहीर करण्यात आले.,Neutral,सरकारी सेवा
1287,सोशल मीडिया क्षेत्रात नवीन उपक्रम क्रमांक 1 यशस्वीपणे पूर्ण झाला.,Positive,सामाजिक माध्यमे
1288,सोशल मीडिया विभागात नवीन प्रक्रिया क्रमांक 1 दरम्यान अनपेक्षित अडचणी निर्माण झाल्या.,Negative,सामाजिक माध्यमे
1289,सोशल मीडिया संदर्भात अद्यतन क्रमांक 1 अधिकृतपणे जाहीर करण्यात आले.,Neutral,सामाजिक माध्यमे
1290,शेती क्षेत्रात नवीन उपक्रम क्रमांक 1 यशस्वीपणे पूर्ण झाला.,Positive,शेती
1291,शेती विभागात नवीन प्रक्रिया क्रमांक 1 दरम्यान अनपेक्षित अडचणी निर्माण झाल्या.,Negative,शेती
1292,शेती संदर्भात अद्यतन क्रमांक 1 अधिकृतपणे जाहीर करण्यात आले.,Neutral,शेती
1293,फॅशन क्षेत्रात नवीन उपक्रम क्रमांक 1 यशस्वीपणे पूर्ण झाला.,Positive,वेशभूषा
1294,फॅशन विभागात नवीन प्रक्रिया क्रमांक 1 दरम्यान अनपेक्षित अडचणी निर्माण झाल्या.,Negative,वेशभूषा
1295,फॅशन संदर्भात अद्यतन क्रमांक 1 अधिकृतपणे जाहीर करण्यात आले.,Neutral,वेशभूषा
1296,मनोरंजन क्षेत्रात नवीन उपक्रम क्रमांक 1 यशस्वीपणे पूर्ण झाला.,Positive,मनोरंजन
1297,मनोरंजन विभागात नवीन प्रक्रिया क्रमांक 1 दरम्यान अनपेक्षित अडचणी निर्माण झाल्या.,Negative,मनोरंजन
1298,मनोरंजन संदर्भात अद्यतन क्रमांक 1 अधिकृतपणे जाहीर करण्यात आले.,Neutral,मनोरंजन
1299,ग्राहक सेवा क्षेत्रात नवीन उपक्रम क्रमांक 1 यशस्वीपणे पूर्ण झाला.,Positive,ग्राहक सेवा
1300,ग्राहक सेवा विभागात नवीन प्रक्रिया क्रमांक 1 दरम्यान अनपेक्षित अडचणी निर्माण झाल्या.,Negative,ग्राहक सेवा
1301,ग्राहक सेवा संदर्भात अद्यतन क्रमांक 1 अधिकृतपणे जाहीर करण्यात आले.,Neutral,ग्राहक सेवा
1302,सार्वजनिक वाहतूक क्षेत्रात नवीन उपक्रम क्रमांक 1 यशस्वीपणे पूर्ण झाला.,Positive,सार्वजनिक वाहतूक
1303,सार्वजनिक वाहतूक विभागात नवीन प्रक्रिया क्रमांक 1 दरम्यान अनपेक्षित अडचणी निर्माण झाल्या.,Negative,सार्वजनिक वाहतूक
1304,सार्वजनिक वाहतूक संदर्भात अद्यतन क्रमांक 1 अधिकृतपणे जाहीर करण्यात आले.,Neutral,सार्वजनिक वाहतूक
1305,ऑनलाइन खरेदी क्षेत्रात नवीन उपक्रम क्रमांक 1 यशस्वीपणे पूर्ण झाला.,Positive,ऑनलाइन खरेदी
1306,ऑनलाइन खरेदी विभागात नवीन प्रक्रिया क्रमांक 1 दरम्यान अनपेक्षित अडचणी निर्माण झाल्या.,Negative,ऑनलाइन खरेदी
1307,ऑनलाइन खरेदी संदर्भात अद्यतन क्रमांक 1 अधिकृतपणे जाहीर करण्यात आले.,Neutral,ऑनलाइन खरेदी
1308,कार्यालय क्षेत्रात नवीन उपक्रम क्रमांक 1 यशस्वीपणे पूर्ण झाला.,Positive,कार्यालय
1309,कार्यालय विभागात नवीन प्रक्रिया क्रमांक 1 दरम्यान अनपेक्षित अडचणी निर्माण झाल्या.,Negative,कार्यालय
1310,कार्यालय संदर्भात अद्यतन क्रमांक 1 अधिकृतपणे जाहीर करण्यात आले.,Neutral,कार्यालय
1311,शिक्षण क्षेत्रात नवीन उपक्रम क्रमांक 2 यशस्वीपणे पूर्ण झाला.,Positive,शिक्षण
1312,शिक्षण विभागात नवीन प्रक्रिया क्रमांक 2 दरम्यान अनपेक्षित अडचणी निर्माण झाल्या.,Negative,शिक्षण
1313,शिक्षण संदर्भात अद्यतन क्रमांक 2 अधिकृतपणे जाहीर करण्यात आले.,Neutral,शिक्षण
1314,आरोग्य क्षेत्रात नवीन उपक्रम क्रमांक 2 यशस्वीपणे पूर्ण झाला.,Positive,आरोग्यसेवा
1315,आरोग्य विभागात नवीन प्रक्रिया क्रमांक 2 दरम्यान अनपेक्षित अडचणी निर्माण झाल्या.,Negative,आरोग्यसेवा
1316,आरोग्य संदर्भात अद्यतन क्रमांक 2 अधिकृतपणे जाहीर करण्यात आले.,Neutral,आरोग्यसेवा
1317,तंत्रज्ञान क्षेत्रात नवीन उपक्रम क्रमांक 2 यशस्वीपणे पूर्ण झाला.,Positive,तंत्रज्ञान
1318,तंत्रज्ञान विभागात नवीन प्रक्रिया क्रमांक 2 दरम्यान अनपेक्षित अडचणी निर्माण झाल्या.,Negative,तंत्रज्ञान
1319,तंत्रज्ञान संदर्भात अद्यतन क्रमांक 2 अधिकृतपणे जाहीर करण्यात आले.,Neutral,तंत्रज्ञान
1320,बँकिंग क्षेत्रात नवीन उपक्रम क्रमांक 2 यशस्वीपणे पूर्ण झाला.,Positive,बँकिंग
1321,बँकिंग विभागात नवीन प्रक्रिया क्रमांक 2 दरम्यान अनपेक्षित अडचणी निर्माण झाल्या.,Negative,बँकिंग
1322,बँकिंग संदर्भात अद्यतन क्रमांक 2 अधिकृतपणे जाहीर करण्यात आले.,Neutral,बँकिंग
1323,प्रवास क्षेत्रात नवीन उपक्रम क्रमांक 2 यशस्वीपणे पूर्ण झाला.,Positive,प्रवास
1324,प्रवास विभागात नवीन प्रक्रिया क्रमांक 2 दरम्यान अनपेक्षित अडचणी निर्माण झाल्या.,Negative,प्रवास
1325,प्रवास संदर्भात अद्यतन क्रमांक 2 अधिकृतपणे जाहीर करण्यात आले.,Neutral,प्रवास
1326,क्रीडा क्षेत्रात नवीन उपक्रम क्रमांक 2 यशस्वीपणे पूर्ण झाला.,Positive,क्रीडा
1327,क्रीडा विभागात नवीन प्रक्रिया क्रमांक 2 दरम्यान अनपेक्षित अडचणी निर्माण झाल्या.,Negative,क्रीडा
1328,क्रीडा संदर्भात अद्यतन क्रमांक 2 अधिकृतपणे जाहीर करण्यात आले.,Neutral,क्रीडा
1329,चित्रपट क्षेत्रात नवीन उपक्रम क्रमांक 2 यशस्वीपणे पूर्ण झाला.,Positive,चित्रपट
1330,चित्रपट विभागात नवीन प्रक्रिया क्रमांक 2 दरम्यान अनपेक्षित अडचणी निर्माण झाल्या.,Negative,चित्रपट
1331,चित्रपट संदर्भात अद्यतन क्रमांक 2 अधिकृतपणे जाहीर करण्यात आले.,Neutral,चित्रपट
1332,रेस्टॉरंट क्षेत्रात नवीन उपक्रम क्रमांक 2 यशस्वीपणे पूर्ण झाला.,Positive,उपाहारगृह
1333,रेस्टॉरंट विभागात नवीन प्रक्रिया क्रमांक 2 दरम्यान अनपेक्षित अडचणी निर्माण झाल्या.,Negative,उपाहारगृह
1334,रेस्टॉरंट संदर्भात अद्यतन क्रमांक 2 अधिकृतपणे जाहीर करण्यात आले.,Neutral,उपाहारगृह
1335,ई-कॉमर्स क्षेत्रात नवीन उपक्रम क्रमांक 2 यशस्वीपणे पूर्ण झाला.,Positive,ऑनलाइन व्यापार
1336,ई-कॉमर्स विभागात नवीन प्रक्रिया क्रमांक 2 दरम्यान अनपेक्षित अडचणी निर्माण झाल्या.,Negative,ऑनलाइन व्यापार
1337,ई-कॉमर्स संदर्भात अद्यतन क्रमांक 2 अधिकृतपणे जाहीर करण्यात आले.,Neutral,ऑनलाइन व्यापार
1338,अन्न वितरण क्षेत्रात नवीन उपक्रम क्रमांक 2 यशस्वीपणे पूर्ण झाला.,Positive,अन्न वितरण
1339,अन्न वितरण विभागात नवीन प्रक्रिया क्रमांक 2 दरम्यान अनपेक्षित अडचणी निर्माण झाल्या.,Negative,अन्न वितरण
1340,अन्न वितरण संदर्भात अद्यतन क्रमांक 2 अधिकृतपणे जाहीर करण्यात आले.,Neutral,अन्न वितरण
1341,मोबाईल अॅप क्षेत्रात नवीन उपक्रम क्रमांक 2 यशस्वीपणे पूर्ण झाला.,Positive,मोबाईल अॅप्स
1342,मोबाईल अॅप विभागात नवीन प्रक्रिया क्रमांक 2 दरम्यान अनपेक्षित अडचणी निर्माण झाल्या.,Negative,मोबाईल अॅप्स
1343,मोबाईल अॅप संदर्भात अद्यतन क्रमांक 2 अधिकृतपणे जाहीर करण्यात आले.,Neutral,मोबाईल अॅप्स
1344,सरकारी सेवा क्षेत्रात नवीन उपक्रम क्रमांक 2 यशस्वीपणे पूर्ण झाला.,Positive,सरकारी सेवा
1345,सरकारी सेवा विभागात नवीन प्रक्रिया क्रमांक 2 दरम्यान अनपेक्षित अडचणी निर्माण झाल्या.,Negative,सरकारी सेवा
1346,सरकारी सेवा संदर्भात अद्यतन क्रमांक 2 अधिकृतपणे जाहीर करण्यात आले.,Neutral,सरकारी सेवा
1347,सोशल मीडिया क्षेत्रात नवीन उपक्रम क्रमांक 2 यशस्वीपणे पूर्ण झाला.,Positive,सामाजिक माध्यमे
1348,सोशल मीडिया विभागात नवीन प्रक्रिया क्रमांक 2 दरम्यान अनपेक्षित अडचणी निर्माण झाल्या.,Negative,सामाजिक माध्यमे
1349,सोशल मीडिया संदर्भात अद्यतन क्रमांक 2 अधिकृतपणे जाहीर करण्यात आले.,Neutral,सामाजिक माध्यमे
1350,शेती क्षेत्रात नवीन उपक्रम क्रमांक 2 यशस्वीपणे पूर्ण झाला.,Positive,शेती
1351,शेती विभागात नवीन प्रक्रिया क्रमांक 2 दरम्यान अनपेक्षित अडचणी निर्माण झाल्या.,Negative,शेती
1352,शेती संदर्भात अद्यतन क्रमांक 2 अधिकृतपणे जाहीर करण्यात आले.,Neutral,शेती
1353,फॅशन क्षेत्रात नवीन उपक्रम क्रमांक 2 यशस्वीपणे पूर्ण झाला.,Positive,वेशभूषा
1354,फॅशन विभागात नवीन प्रक्रिया क्रमांक 2 दरम्यान अनपेक्षित अडचणी निर्माण झाल्या.,Negative,वेशभूषा
1355,फॅशन संदर्भात अद्यतन क्रमांक 2 अधिकृतपणे जाहीर करण्यात आले.,Neutral,वेशभूषा
1356,मनोरंजन क्षेत्रात नवीन उपक्रम क्रमांक 2 यशस्वीपणे पूर्ण झाला.,Positive,मनोरंजन
1357,मनोरंजन विभागात नवीन प्रक्रिया क्रमांक 2 दरम्यान अनपेक्षित अडचणी निर्माण झाल्या.,Negative,मनोरंजन
1358,मनोरंजन संदर्भात अद्यतन क्रमांक 2 अधिकृतपणे जाहीर करण्यात आले.,Neutral,मनोरंजन
1359,ग्राहक सेवा क्षेत्रात नवीन उपक्रम क्रमांक 2 यशस्वीपणे पूर्ण झाला.,Positive,ग्राहक सेवा
1360,ग्राहक सेवा विभागात नवीन प्रक्रिया क्रमांक 2 दरम्यान अनपेक्षित अडचणी निर्माण झाल्या.,Negative,ग्राहक सेवा
1361,ग्राहक सेवा संदर्भात अद्यतन क्रमांक 2 अधिकृतपणे जाहीर करण्यात आले.,Neutral,ग्राहक सेवा
1362,सार्वजनिक वाहतूक क्षेत्रात नवीन उपक्रम क्रमांक 2 यशस्वीपणे पूर्ण झाला.,Positive,सार्वजनिक वाहतूक
1363,सार्वजनिक वाहतूक विभागात नवीन प्रक्रिया क्रमांक 2 दरम्यान अनपेक्षित अडचणी निर्माण झाल्या.,Negative,सार्वजनिक वाहतूक
1364,सार्वजनिक वाहतूक संदर्भात अद्यतन क्रमांक 2 अधिकृतपणे जाहीर करण्यात आले.,Neutral,सार्वजनिक वाहतूक
1365,ऑनलाइन खरेदी क्षेत्रात नवीन उपक्रम क्रमांक 2 यशस्वीपणे पूर्ण झाला.,Positive,ऑनलाइन खरेदी
1366,ऑनलाइन खरेदी विभागात नवीन प्रक्रिया क्रमांक 2 दरम्यान अनपेक्षित अडचणी निर्माण झाल्या.,Negative,ऑनलाइन खरेदी
1367,ऑनलाइन खरेदी संदर्भात अद्यतन क्रमांक 2 अधिकृतपणे जाहीर करण्यात आले.,Neutral,ऑनलाइन खरेदी
1368,कार्यालय क्षेत्रात नवीन उपक्रम क्रमांक 2 यशस्वीपणे पूर्ण झाला.,Positive,कार्यालय
1369,कार्यालय विभागात नवीन प्रक्रिया क्रमांक 2 दरम्यान अनपेक्षित अडचणी निर्माण झाल्या.,Negative,कार्यालय
1370,कार्यालय संदर्भात अद्यतन क्रमांक 2 अधिकृतपणे जाहीर करण्यात आले.,Neutral,कार्यालय
1371,शिक्षण क्षेत्रात नवीन उपक्रम क्रमांक 3 यशस्वीपणे पूर्ण झाला.,Positive,शिक्षण
1372,शिक्षण विभागात नवीन प्रक्रिया क्रमांक 3 दरम्यान अनपेक्षित अडचणी निर्माण झाल्या.,Negative,शिक्षण
1373,शिक्षण संदर्भात अद्यतन क्रमांक 3 अधिकृतपणे जाहीर करण्यात आले.,Neutral,शिक्षण
1374,आरोग्य क्षेत्रात नवीन उपक्रम क्रमांक 3 यशस्वीपणे पूर्ण झाला.,Positive,आरोग्यसेवा
1375,आरोग्य विभागात नवीन प्रक्रिया क्रमांक 3 दरम्यान अनपेक्षित अडचणी निर्माण झाल्या.,Negative,आरोग्यसेवा
1376,आरोग्य संदर्भात अद्यतन क्रमांक 3 अधिकृतपणे जाहीर करण्यात आले.,Neutral,आरोग्यसेवा
1377,तंत्रज्ञान क्षेत्रात नवीन उपक्रम क्रमांक 3 यशस्वीपणे पूर्ण झाला.,Positive,तंत्रज्ञान
1378,तंत्रज्ञान विभागात नवीन प्रक्रिया क्रमांक 3 दरम्यान अनपेक्षित अडचणी निर्माण झाल्या.,Negative,तंत्रज्ञान
1379,तंत्रज्ञान संदर्भात अद्यतन क्रमांक 3 अधिकृतपणे जाहीर करण्यात आले.,Neutral,तंत्रज्ञान
1380,बँकिंग क्षेत्रात नवीन उपक्रम क्रमांक 3 यशस्वीपणे पूर्ण झाला.,Positive,बँकिंग
1381,बँकिंग विभागात नवीन प्रक्रिया क्रमांक 3 दरम्यान अनपेक्षित अडचणी निर्माण झाल्या.,Negative,बँकिंग
1382,बँकिंग संदर्भात अद्यतन क्रमांक 3 अधिकृतपणे जाहीर करण्यात आले.,Neutral,बँकिंग
1383,प्रवास क्षेत्रात नवीन उपक्रम क्रमांक 3 यशस्वीपणे पूर्ण झाला.,Positive,प्रवास
1384,प्रवास विभागात नवीन प्रक्रिया क्रमांक 3 दरम्यान अनपेक्षित अडचणी निर्माण झाल्या.,Negative,प्रवास
1385,प्रवास संदर्भात अद्यतन क्रमांक 3 अधिकृतपणे जाहीर करण्यात आले.,Neutral,प्रवास
1386,क्रीडा क्षेत्रात नवीन उपक्रम क्रमांक 3 यशस्वीपणे पूर्ण झाला.,Positive,क्रीडा
1387,क्रीडा विभागात नवीन प्रक्रिया क्रमांक 3 दरम्यान अनपेक्षित अडचणी निर्माण झाल्या.,Negative,क्रीडा
1388,क्रीडा संदर्भात अद्यतन क्रमांक 3 अधिकृतपणे जाहीर करण्यात आले.,Neutral,क्रीडा
1389,चित्रपट क्षेत्रात नवीन उपक्रम क्रमांक 3 यशस्वीपणे पूर्ण झाला.,Positive,चित्रपट
1390,चित्रपट विभागात नवीन प्रक्रिया क्रमांक 3 दरम्यान अनपेक्षित अडचणी निर्माण झाल्या.,Negative,चित्रपट
1391,चित्रपट संदर्भात अद्यतन क्रमांक 3 अधिकृतपणे जाहीर करण्यात आले.,Neutral,चित्रपट
1392,रेस्टॉरंट क्षेत्रात नवीन उपक्रम क्रमांक 3 यशस्वीपणे पूर्ण झाला.,Positive,उपाहारगृह
1393,रेस्टॉरंट विभागात नवीन प्रक्रिया क्रमांक 3 दरम्यान अनपेक्षित अडचणी निर्माण झाल्या.,Negative,उपाहारगृह
1394,रेस्टॉरंट संदर्भात अद्यतन क्रमांक 3 अधिकृतपणे जाहीर करण्यात आले.,Neutral,उपाहारगृह
1395,ई-कॉमर्स क्षेत्रात नवीन उपक्रम क्रमांक 3 यशस्वीपणे पूर्ण झाला.,Positive,ऑनलाइन व्यापार
1396,ई-कॉमर्स विभागात नवीन प्रक्रिया क्रमांक 3 दरम्यान अनपेक्षित अडचणी निर्माण झाल्या.,Negative,ऑनलाइन व्यापार
1397,ई-कॉमर्स संदर्भात अद्यतन क्रमांक 3 अधिकृतपणे जाहीर करण्यात आले.,Neutral,ऑनलाइन व्यापार
1398,अन्न वितरण क्षेत्रात नवीन उपक्रम क्रमांक 3 यशस्वीपणे पूर्ण झाला.,Positive,अन्न वितरण
1399,अन्न वितरण विभागात नवीन प्रक्रिया क्रमांक 3 दरम्यान अनपेक्षित अडचणी निर्माण झाल्या.,Negative,अन्न वितरण
1400,अन्न वितरण संदर्भात अद्यतन क्रमांक 3 अधिकृतपणे जाहीर करण्यात आले.,Neutral,अन्न वितरण
1401,मोबाईल अॅप क्षेत्रात नवीन उपक्रम क्रमांक 3 यशस्वीपणे पूर्ण झाला.,Positive,मोबाईल अॅप्स
1402,मोबाईल अॅप विभागात नवीन प्रक्रिया क्रमांक 3 दरम्यान अनपेक्षित अडचणी निर्माण झाल्या.,Negative,मोबाईल अॅप्स
1403,मोबाईल अॅप संदर्भात अद्यतन क्रमांक 3 अधिकृतपणे जाहीर करण्यात आले.,Neutral,मोबाईल अॅप्स
1404,सरकारी सेवा क्षेत्रात नवीन उपक्रम क्रमांक 3 यशस्वीपणे पूर्ण झाला.,Positive,सरकारी सेवा
1405,सरकारी सेवा विभागात नवीन प्रक्रिया क्रमांक 3 दरम्यान अनपेक्षित अडचणी निर्माण झाल्या.,Negative,सरकारी सेवा
1406,सरकारी सेवा संदर्भात अद्यतन क्रमांक 3 अधिकृतपणे जाहीर करण्यात आले.,Neutral,सरकारी सेवा
1407,सोशल मीडिया क्षेत्रात नवीन उपक्रम क्रमांक 3 यशस्वीपणे पूर्ण झाला.,Positive,सामाजिक माध्यमे
1408,सोशल मीडिया विभागात नवीन प्रक्रिया क्रमांक 3 दरम्यान अनपेक्षित अडचणी निर्माण झाल्या.,Negative,सामाजिक माध्यमे
1409,सोशल मीडिया संदर्भात अद्यतन क्रमांक 3 अधिकृतपणे जाहीर करण्यात आले.,Neutral,सामाजिक माध्यमे
1410,शेती क्षेत्रात नवीन उपक्रम क्रमांक 3 यशस्वीपणे पूर्ण झाला.,Positive,शेती
1411,शेती विभागात नवीन प्रक्रिया क्रमांक 3 दरम्यान अनपेक्षित अडचणी निर्माण झाल्या.,Negative,शेती
1412,शेती संदर्भात अद्यतन क्रमांक 3 अधिकृतपणे जाहीर करण्यात आले.,Neutral,शेती
1413,फॅशन क्षेत्रात नवीन उपक्रम क्रमांक 3 यशस्वीपणे पूर्ण झाला.,Positive,वेशभूषा
1414,फॅशन विभागात नवीन प्रक्रिया क्रमांक 3 दरम्यान अनपेक्षित अडचणी निर्माण झाल्या.,Negative,वेशभूषा
1415,फॅशन संदर्भात अद्यतन क्रमांक 3 अधिकृतपणे जाहीर करण्यात आले.,Neutral,वेशभूषा
1416,मनोरंजन क्षेत्रात नवीन उपक्रम क्रमांक 3 यशस्वीपणे पूर्ण झाला.,Positive,मनोरंजन
1417,मनोरंजन विभागात नवीन प्रक्रिया क्रमांक 3 दरम्यान अनपेक्षित अडचणी निर्माण झाल्या.,Negative,मनोरंजन
1418,मनोरंजन संदर्भात अद्यतन क्रमांक 3 अधिकृतपणे जाहीर करण्यात आले.,Neutral,मनोरंजन
1419,ग्राहक सेवा क्षेत्रात नवीन उपक्रम क्रमांक 3 यशस्वीपणे पूर्ण झाला.,Positive,ग्राहक सेवा
1420,ग्राहक सेवा विभागात नवीन प्रक्रिया क्रमांक 3 दरम्यान अनपेक्षित अडचणी निर्माण झाल्या.,Negative,ग्राहक सेवा
1421,ग्राहक सेवा संदर्भात अद्यतन क्रमांक 3 अधिकृतपणे जाहीर करण्यात आले.,Neutral,ग्राहक सेवा
1422,सार्वजनिक वाहतूक क्षेत्रात नवीन उपक्रम क्रमांक 3 यशस्वीपणे पूर्ण झाला.,Positive,सार्वजनिक वाहतूक
1423,सार्वजनिक वाहतूक विभागात नवीन प्रक्रिया क्रमांक 3 दरम्यान अनपेक्षित अडचणी निर्माण झाल्या.,Negative,सार्वजनिक वाहतूक
1424,सार्वजनिक वाहतूक संदर्भात अद्यतन क्रमांक 3 अधिकृतपणे जाहीर करण्यात आले.,Neutral,सार्वजनिक वाहतूक
1425,ऑनलाइन खरेदी क्षेत्रात नवीन उपक्रम क्रमांक 3 यशस्वीपणे पूर्ण झाला.,Positive,ऑनलाइन खरेदी
1426,ऑनलाइन खरेदी विभागात नवीन प्रक्रिया क्रमांक 3 दरम्यान अनपेक्षित अडचणी निर्माण झाल्या.,Negative,ऑनलाइन खरेदी
1427,ऑनलाइन खरेदी संदर्भात अद्यतन क्रमांक 3 अधिकृतपणे जाहीर करण्यात आले.,Neutral,ऑनलाइन खरेदी
1428,कार्यालय क्षेत्रात नवीन उपक्रम क्रमांक 3 यशस्वीपणे पूर्ण झाला.,Positive,कार्यालय
1429,कार्यालय विभागात नवीन प्रक्रिया क्रमांक 3 दरम्यान अनपेक्षित अडचणी निर्माण झाल्या.,Negative,कार्यालय
1430,कार्यालय संदर्भात अद्यतन क्रमांक 3 अधिकृतपणे जाहीर करण्यात आले.,Neutral,कार्यालय
1431,शिक्षण क्षेत्रात नवीन उपक्रम क्रमांक 4 यशस्वीपणे पूर्ण झाला.,Positive,शिक्षण
1432,शिक्षण विभागात नवीन प्रक्रिया क्रमांक 4 दरम्यान अनपेक्षित अडचणी निर्माण झाल्या.,Negative,शिक्षण
1433,शिक्षण संदर्भात अद्यतन क्रमांक 4 अधिकृतपणे जाहीर करण्यात आले.,Neutral,शिक्षण
1434,आरोग्य क्षेत्रात नवीन उपक्रम क्रमांक 4 यशस्वीपणे पूर्ण झाला.,Positive,आरोग्यसेवा
1435,आरोग्य विभागात नवीन प्रक्रिया क्रमांक 4 दरम्यान अनपेक्षित अडचणी निर्माण झाल्या.,Negative,आरोग्यसेवा
1436,आरोग्य संदर्भात अद्यतन क्रमांक 4 अधिकृतपणे जाहीर करण्यात आले.,Neutral,आरोग्यसेवा
1437,तंत्रज्ञान क्षेत्रात नवीन उपक्रम क्रमांक 4 यशस्वीपणे पूर्ण झाला.,Positive,तंत्रज्ञान
1438,तंत्रज्ञान विभागात नवीन प्रक्रिया क्रमांक 4 दरम्यान अनपेक्षित अडचणी निर्माण झाल्या.,Negative,तंत्रज्ञान
1439,तंत्रज्ञान संदर्भात अद्यतन क्रमांक 4 अधिकृतपणे जाहीर करण्यात आले.,Neutral,तंत्रज्ञान
1440,बँकिंग क्षेत्रात नवीन उपक्रम क्रमांक 4 यशस्वीपणे पूर्ण झाला.,Positive,बँकिंग
1441,बँकिंग विभागात नवीन प्रक्रिया क्रमांक 4 दरम्यान अनपेक्षित अडचणी निर्माण झाल्या.,Negative,बँकिंग
1442,बँकिंग संदर्भात अद्यतन क्रमांक 4 अधिकृतपणे जाहीर करण्यात आले.,Neutral,बँकिंग
1443,प्रवास क्षेत्रात नवीन उपक्रम क्रमांक 4 यशस्वीपणे पूर्ण झाला.,Positive,प्रवास
1444,प्रवास विभागात नवीन प्रक्रिया क्रमांक 4 दरम्यान अनपेक्षित अडचणी निर्माण झाल्या.,Negative,प्रवास
1445,प्रवास संदर्भात अद्यतन क्रमांक 4 अधिकृतपणे जाहीर करण्यात आले.,Neutral,प्रवास
1446,क्रीडा क्षेत्रात नवीन उपक्रम क्रमांक 4 यशस्वीपणे पूर्ण झाला.,Positive,क्रीडा
1447,क्रीडा विभागात नवीन प्रक्रिया क्रमांक 4 दरम्यान अनपेक्षित अडचणी निर्माण झाल्या.,Negative,क्रीडा
1448,क्रीडा संदर्भात अद्यतन क्रमांक 4 अधिकृतपणे जाहीर करण्यात आले.,Neutral,क्रीडा
1449,चित्रपट क्षेत्रात नवीन उपक्रम क्रमांक 4 यशस्वीपणे पूर्ण झाला.,Positive,चित्रपट
1450,चित्रपट विभागात नवीन प्रक्रिया क्रमांक 4 दरम्यान अनपेक्षित अडचणी निर्माण झाल्या.,Negative,चित्रपट
1451,चित्रपट संदर्भात अद्यतन क्रमांक 4 अधिकृतपणे जाहीर करण्यात आले.,Neutral,चित्रपट
1452,रेस्टॉरंट क्षेत्रात नवीन उपक्रम क्रमांक 4 यशस्वीपणे पूर्ण झाला.,Positive,उपाहारगृह
1453,रेस्टॉरंट विभागात नवीन प्रक्रिया क्रमांक 4 दरम्यान अनपेक्षित अडचणी निर्माण झाल्या.,Negative,उपाहारगृह
1454,रेस्टॉरंट संदर्भात अद्यतन क्रमांक 4 अधिकृतपणे जाहीर करण्यात आले.,Neutral,उपाहारगृह
1455,ई-कॉमर्स क्षेत्रात नवीन उपक्रम क्रमांक 4 यशस्वीपणे पूर्ण झाला.,Positive,ऑनलाइन व्यापार
1456,ई-कॉमर्स विभागात नवीन प्रक्रिया क्रमांक 4 दरम्यान अनपेक्षित अडचणी निर्माण झाल्या.,Negative,ऑनलाइन व्यापार
1457,ई-कॉमर्स संदर्भात अद्यतन क्रमांक 4 अधिकृतपणे जाहीर करण्यात आले.,Neutral,ऑनलाइन व्यापार
1458,अन्न वितरण क्षेत्रात नवीन उपक्रम क्रमांक 4 यशस्वीपणे पूर्ण झाला.,Positive,अन्न वितरण
1459,अन्न वितरण विभागात नवीन प्रक्रिया क्रमांक 4 दरम्यान अनपेक्षित अडचणी निर्माण झाल्या.,Negative,अन्न वितरण
1460,अन्न वितरण संदर्भात अद्यतन क्रमांक 4 अधिकृतपणे जाहीर करण्यात आले.,Neutral,अन्न वितरण
1461,मोबाईल अॅप क्षेत्रात नवीन उपक्रम क्रमांक 4 यशस्वीपणे पूर्ण झाला.,Positive,मोबाईल अॅप्स
1462,मोबाईल अॅप विभागात नवीन प्रक्रिया क्रमांक 4 दरम्यान अनपेक्षित अडचणी निर्माण झाल्या.,Negative,मोबाईल अॅप्स
1463,मोबाईल अॅप संदर्भात अद्यतन क्रमांक 4 अधिकृतपणे जाहीर करण्यात आले.,Neutral,मोबाईल अॅप्स
1464,सरकारी सेवा क्षेत्रात नवीन उपक्रम क्रमांक 4 यशस्वीपणे पूर्ण झाला.,Positive,सरकारी सेवा
1465,सरकारी सेवा विभागात नवीन प्रक्रिया क्रमांक 4 दरम्यान अनपेक्षित अडचणी निर्माण झाल्या.,Negative,सरकारी सेवा
1466,सरकारी सेवा संदर्भात अद्यतन क्रमांक 4 अधिकृतपणे जाहीर करण्यात आले.,Neutral,सरकारी सेवा
1467,सोशल मीडिया क्षेत्रात नवीन उपक्रम क्रमांक 4 यशस्वीपणे पूर्ण झाला.,Positive,सामाजिक माध्यमे
1468,सोशल मीडिया विभागात नवीन प्रक्रिया क्रमांक 4 दरम्यान अनपेक्षित अडचणी निर्माण झाल्या.,Negative,सामाजिक माध्यमे
1469,सोशल मीडिया संदर्भात अद्यतन क्रमांक 4 अधिकृतपणे जाहीर करण्यात आले.,Neutral,सामाजिक माध्यमे
1470,शेती क्षेत्रात नवीन उपक्रम क्रमांक 4 यशस्वीपणे पूर्ण झाला.,Positive,शेती
1471,शेती विभागात नवीन प्रक्रिया क्रमांक 4 दरम्यान अनपेक्षित अडचणी निर्माण झाल्या.,Negative,शेती
1472,शेती संदर्भात अद्यतन क्रमांक 4 अधिकृतपणे जाहीर करण्यात आले.,Neutral,शेती
1473,फॅशन क्षेत्रात नवीन उपक्रम क्रमांक 4 यशस्वीपणे पूर्ण झाला.,Positive,वेशभूषा
1474,फॅशन विभागात नवीन प्रक्रिया क्रमांक 4 दरम्यान अनपेक्षित अडचणी निर्माण झाल्या.,Negative,वेशभूषा
1475,फॅशन संदर्भात अद्यतन क्रमांक 4 अधिकृतपणे जाहीर करण्यात आले.,Neutral,वेशभूषा
1476,मनोरंजन क्षेत्रात नवीन उपक्रम क्रमांक 4 यशस्वीपणे पूर्ण झाला.,Positive,मनोरंजन
1477,मनोरंजन विभागात नवीन प्रक्रिया क्रमांक 4 दरम्यान अनपेक्षित अडचणी निर्माण झाल्या.,Negative,मनोरंजन
1478,मनोरंजन संदर्भात अद्यतन क्रमांक 4 अधिकृतपणे जाहीर करण्यात आले.,Neutral,मनोरंजन
1479,ग्राहक सेवा क्षेत्रात नवीन उपक्रम क्रमांक 4 यशस्वीपणे पूर्ण झाला.,Positive,ग्राहक सेवा
1480,ग्राहक सेवा विभागात नवीन प्रक्रिया क्रमांक 4 दरम्यान अनपेक्षित अडचणी निर्माण झाल्या.,Negative,ग्राहक सेवा
1481,ग्राहक सेवा संदर्भात अद्यतन क्रमांक 4 अधिकृतपणे जाहीर करण्यात आले.,Neutral,ग्राहक सेवा
1482,सार्वजनिक वाहतूक क्षेत्रात नवीन उपक्रम क्रमांक 4 यशस्वीपणे पूर्ण झाला.,Positive,सार्वजनिक वाहतूक
1483,सार्वजनिक वाहतूक विभागात नवीन प्रक्रिया क्रमांक 4 दरम्यान अनपेक्षित अडचणी निर्माण झाल्या.,Negative,सार्वजनिक वाहतूक
1484,सार्वजनिक वाहतूक संदर्भात अद्यतन क्रमांक 4 अधिकृतपणे जाहीर करण्यात आले.,Neutral,सार्वजनिक वाहतूक
1485,ऑनलाइन खरेदी क्षेत्रात नवीन उपक्रम क्रमांक 4 यशस्वीपणे पूर्ण झाला.,Positive,ऑनलाइन खरेदी
1486,ऑनलाइन खरेदी विभागात नवीन प्रक्रिया क्रमांक 4 दरम्यान अनपेक्षित अडचणी निर्माण झाल्या.,Negative,ऑनलाइन खरेदी
1487,ऑनलाइन खरेदी संदर्भात अद्यतन क्रमांक 4 अधिकृतपणे जाहीर करण्यात आले.,Neutral,ऑनलाइन खरेदी
1488,कार्यालय क्षेत्रात नवीन उपक्रम क्रमांक 4 यशस्वीपणे पूर्ण झाला.,Positive,कार्यालय
1489,कार्यालय विभागात नवीन प्रक्रिया क्रमांक 4 दरम्यान अनपेक्षित अडचणी निर्माण झाल्या.,Negative,कार्यालय
1490,कार्यालय संदर्भात अद्यतन क्रमांक 4 अधिकृतपणे जाहीर करण्यात आले.,Neutral,कार्यालय
1491,शिक्षण क्षेत्रात नवीन उपक्रम क्रमांक 5 यशस्वीपणे पूर्ण झाला.,Positive,शिक्षण
1492,शिक्षण विभागात नवीन प्रक्रिया क्रमांक 5 दरम्यान अनपेक्षित अडचणी निर्माण झाल्या.,Negative,शिक्षण
1493,शिक्षण संदर्भात अद्यतन क्रमांक 5 अधिकृतपणे जाहीर करण्यात आले.,Neutral,शिक्षण
1494,आरोग्य क्षेत्रात नवीन उपक्रम क्रमांक 5 यशस्वीपणे पूर्ण झाला.,Positive,आरोग्यसेवा
1495,आरोग्य विभागात नवीन प्रक्रिया क्रमांक 5 दरम्यान अनपेक्षित अडचणी निर्माण झाल्या.,Negative,आरोग्यसेवा
1496,आरोग्य संदर्भात अद्यतन क्रमांक 5 अधिकृतपणे जाहीर करण्यात आले.,Neutral,आरोग्यसेवा
1497,तंत्रज्ञान क्षेत्रात नवीन उपक्रम क्रमांक 5 यशस्वीपणे पूर्ण झाला.,Positive,तंत्रज्ञान
1498,तंत्रज्ञान विभागात नवीन प्रक्रिया क्रमांक 5 दरम्यान अनपेक्षित अडचणी निर्माण झाल्या.,Negative,तंत्रज्ञान
1499,तंत्रज्ञान संदर्भात अद्यतन क्रमांक 5 अधिकृतपणे जाहीर करण्यात आले.,Neutral,तंत्रज्ञान
1500,बँकिंग क्षेत्रात नवीन उपक्रम क्रमांक 5 यशस्वीपणे पूर्ण झाला.,Positive,बँकिंग
1501,शिक्षण क्षेत्रात नवीन संकल्पनेमुळे कामात सकारात्मक बदल जाणवला.,Positive,शिक्षण
1502,आरोग्य विभागात तांत्रिक बिघाडामुळे सेवा ठप्प झाली.,Negative,आरोग्यसेवा
1503,तंत्रज्ञान संदर्भात अधिकृत माहिती संकेतस्थळावर प्रसिद्ध झाली.,Neutral,तंत्रज्ञान
1504,बँकिंग क्षेत्रात उत्कृष्ट नियोजनामुळे वेळेची मोठी बचत झाली.,Positive,बँकिंग
1505,प्रवास विभागात गुणवत्ता अपेक्षेप्रमाणे नव्हती.,Negative,प्रवास
1506,क्रीडा संदर्भात अहवाल तपासणीसाठी सादर करण्यात आला.,Neutral,क्रीडा
1507,चित्रपट क्षेत्रात सर्वांनी संघभावनेने काम पूर्ण केले.,Positive,चित्रपट
1508,रेस्टॉरंट विभागात प्रक्रियेमध्ये अनेक अडथळे आले.,Negative,उपाहारगृह
1509,ई-कॉमर्स संदर्भात संबंधित कागदपत्रे पडताळणीसाठी स्वीकारली गेली.,Neutral,ऑनलाइन व्यापार
1510,अन्न वितरण क्षेत्रात नवीन बदलामुळे कार्यक्षमता वाढली.,Positive,अन्न वितरण
1511,मोबाईल अॅप विभागात अपूर्ण माहितीमुळे गोंधळ निर्माण झाला.,Negative,मोबाईल अॅप्स
1512,सरकारी सेवा संदर्भात वेळापत्रकात आवश्यक बदल करण्यात आले.,Neutral,सरकारी सेवा
1513,सोशल मीडिया क्षेत्रात सेवेतील सुधारणा सर्वांना स्पष्टपणे जाणवली.,Positive,सामाजिक माध्यमे
1514,शेती विभागात सुविधेच्या अभावामुळे अडचणी वाढल्या.,Negative,शेती
1515,फॅशन संदर्भात बैठकीची नोंद सर्व विभागांना पाठवली.,Neutral,वेशभूषा
1516,मनोरंजन क्षेत्रात नवीन सुविधेने वापर अधिक सुलभ केला.,Positive,मनोरंजन
1517,ग्राहक सेवा विभागात काम वेळेत पूर्ण होऊ शकले नाही.,Negative,ग्राहक सेवा
1518,सार्वजनिक वाहतूक संदर्भात पुढील सूचना लवकरच दिल्या जातील.,Neutral,सार्वजनिक वाहतूक
1519,ऑनलाइन खरेदी क्षेत्रात प्रशिक्षणामुळे कामाची गुणवत्ता सुधारली.,Positive,ऑनलाइन खरेदी
1520,कार्यालय विभागात संसाधनांच्या कमतरतेमुळे काम रखडले.,Negative,कार्यालय
1521,शिक्षण संदर्भात वेळापत्रकात आवश्यक बदल करण्यात आले.,Neutral,शिक्षण
1522,आरोग्य क्षेत्रात सेवेतील सुधारणा सर्वांना स्पष्टपणे जाणवली.,Positive,आरोग्यसेवा
1523,तंत्रज्ञान विभागात सुविधेच्या अभावामुळे अडचणी वाढल्या.,Negative,तंत्रज्ञान
1524,बँकिंग संदर्भात बैठकीची नोंद सर्व विभागांना पाठवली.,Neutral,बँकिंग
1525,प्रवास क्षेत्रात नवीन सुविधेने वापर अधिक सुलभ केला.,Positive,प्रवास
1526,क्रीडा विभागात काम वेळेत पूर्ण होऊ शकले नाही.,Negative,क्रीडा
1527,चित्रपट संदर्भात पुढील सूचना लवकरच दिल्या जातील.,Neutral,चित्रपट
1528,रेस्टॉरंट क्षेत्रात प्रशिक्षणामुळे कामाची गुणवत्ता सुधारली.,Positive,उपाहारगृह
1529,ई-कॉमर्स विभागात संसाधनांच्या कमतरतेमुळे काम रखडले.,Negative,ऑनलाइन व्यापार
1530,अन्न वितरण संदर्भात नवीन परिपत्रक जारी करण्यात आले.,Neutral,अन्न वितरण
1531,मोबाईल अॅप क्षेत्रात यशस्वी अंमलबजावणीमुळे सर्वांचे समाधान झाले.,Positive,मोबाईल अॅप्स
1532,सरकारी सेवा विभागात नियोजनातील त्रुटींमुळे विलंब झाला.,Negative,सरकारी सेवा
1533,सोशल मीडिया संदर्भात नोंदणी प्रक्रिया नियमितपणे सुरू आहे.,Neutral,सामाजिक माध्यमे
1534,शेती क्षेत्रात उपक्रमाला नागरिकांचा उत्स्फूर्त प्रतिसाद मिळाला.,Positive,शेती
1535,फॅशन विभागात सततच्या त्रुटींमुळे वापरकर्ते नाराज झाले.,Negative,वेशभूषा
1536,मनोरंजन संदर्भात नवीन नियम लागू करण्यात आले आहेत.,Neutral,मनोरंजन
1537,ग्राहक सेवा क्षेत्रात प्रकल्प अपेक्षेपेक्षा अधिक यशस्वी ठरला.,Positive,ग्राहक सेवा
1538,सार्वजनिक वाहतूक विभागात सेवेचा अनुभव समाधानकारक नव्हता.,Negative,सार्वजनिक वाहतूक
1539,ऑनलाइन खरेदी संदर्भात निर्णय पुढील बैठकीत जाहीर केला जाईल.,Neutral,ऑनलाइन खरेदी
1540,कार्यालय क्षेत्रात नवीन संकल्पनेमुळे कामात सकारात्मक बदल जाणवला.,Positive,कार्यालय
1541,शिक्षण विभागात नियोजनातील त्रुटींमुळे विलंब झाला.,Negative,शिक्षण
1542,आरोग्य संदर्भात नोंदणी प्रक्रिया नियमितपणे सुरू आहे.,Neutral,आरोग्यसेवा
1543,तंत्रज्ञान क्षेत्रात उपक्रमाला नागरिकांचा उत्स्फूर्त प्रतिसाद मिळाला.,Positive,तंत्रज्ञान
1544,बँकिंग विभागात सततच्या त्रुटींमुळे वापरकर्ते नाराज झाले.,Negative,बँकिंग
1545,प्रवास संदर्भात नवीन नियम लागू करण्यात आले आहेत.,Neutral,प्रवास
1546,क्रीडा क्षेत्रात प्रकल्प अपेक्षेपेक्षा अधिक यशस्वी ठरला.,Positive,क्रीडा
1547,चित्रपट विभागात सेवेचा अनुभव समाधानकारक नव्हता.,Negative,चित्रपट
1548,रेस्टॉरंट संदर्भात निर्णय पुढील बैठकीत जाहीर केला जाईल.,Neutral,उपाहारगृह
1549,ई-कॉमर्स क्षेत्रात नवीन संकल्पनेमुळे कामात सकारात्मक बदल जाणवला.,Positive,ऑनलाइन व्यापार
1550,अन्न वितरण विभागात तांत्रिक बिघाडामुळे सेवा ठप्प झाली.,Negative,अन्न वितरण
1551,मोबाईल अॅप संदर्भात अधिकृत माहिती संकेतस्थळावर प्रसिद्ध झाली.,Neutral,मोबाईल अॅप्स
1552,सरकारी सेवा क्षेत्रात उत्कृष्ट नियोजनामुळे वेळेची मोठी बचत झाली.,Positive,सरकारी सेवा
1553,सोशल मीडिया विभागात गुणवत्ता अपेक्षेप्रमाणे नव्हती.,Negative,सामाजिक माध्यमे
1554,शेती संदर्भात अहवाल तपासणीसाठी सादर करण्यात आला.,Neutral,शेती
1555,फॅशन क्षेत्रात सर्वांनी संघभावनेने काम पूर्ण केले.,Positive,वेशभूषा
1556,मनोरंजन विभागात प्रक्रियेमध्ये अनेक अडथळे आले.,Negative,मनोरंजन
1557,ग्राहक सेवा संदर्भात संबंधित कागदपत्रे पडताळणीसाठी स्वीकारली गेली.,Neutral,ग्राहक सेवा
1558,सार्वजनिक वाहतूक क्षेत्रात नवीन बदलामुळे कार्यक्षमता वाढली.,Positive,सार्वजनिक वाहतूक
1559,ऑनलाइन खरेदी विभागात अपूर्ण माहितीमुळे गोंधळ निर्माण झाला.,Negative,ऑनलाइन खरेदी
1560,कार्यालय संदर्भात वेळापत्रकात आवश्यक बदल करण्यात आले.,Neutral,कार्यालय
1561,शिक्षण क्षेत्रात उत्कृष्ट नियोजनामुळे वेळेची मोठी बचत झाली.,Positive,शिक्षण
1562,आरोग्य विभागात गुणवत्ता अपेक्षेप्रमाणे नव्हती.,Negative,आरोग्यसेवा
1563,तंत्रज्ञान संदर्भात अहवाल तपासणीसाठी सादर करण्यात आला.,Neutral,तंत्रज्ञान
1564,बँकिंग क्षेत्रात सर्वांनी संघभावनेने काम पूर्ण केले.,Positive,बँकिंग
1565,प्रवास विभागात प्रक्रियेमध्ये अनेक अडथळे आले.,Negative,प्रवास
1566,क्रीडा संदर्भात संबंधित कागदपत्रे पडताळणीसाठी स्वीकारली गेली.,Neutral,क्रीडा
1567,चित्रपट क्षेत्रात नवीन बदलामुळे कार्यक्षमता वाढली.,Positive,चित्रपट
1568,रेस्टॉरंट विभागात अपूर्ण माहितीमुळे गोंधळ निर्माण झाला.,Negative,उपाहारगृह
1569,ई-कॉमर्स संदर्भात वेळापत्रकात आवश्यक बदल करण्यात आले.,Neutral,ऑनलाइन व्यापार
1570,अन्न वितरण क्षेत्रात सेवेतील सुधारणा सर्वांना स्पष्टपणे जाणवली.,Positive,अन्न वितरण
1571,मोबाईल अॅप विभागात सुविधेच्या अभावामुळे अडचणी वाढल्या.,Negative,मोबाईल अॅप्स
1572,सरकारी सेवा संदर्भात बैठकीची नोंद सर्व विभागांना पाठवली.,Neutral,सरकारी सेवा
1573,सोशल मीडिया क्षेत्रात नवीन सुविधेने वापर अधिक सुलभ केला.,Positive,सामाजिक माध्यमे
1574,शेती विभागात काम वेळेत पूर्ण होऊ शकले नाही.,Negative,शेती
1575,फॅशन संदर्भात पुढील सूचना लवकरच दिल्या जातील.,Neutral,वेशभूषा
1576,मनोरंजन क्षेत्रात प्रशिक्षणामुळे कामाची गुणवत्ता सुधारली.,Positive,मनोरंजन
1577,ग्राहक सेवा विभागात संसाधनांच्या कमतरतेमुळे काम रखडले.,Negative,ग्राहक सेवा
1578,सार्वजनिक वाहतूक संदर्भात नवीन परिपत्रक जारी करण्यात आले.,Neutral,सार्वजनिक वाहतूक
1579,ऑनलाइन खरेदी क्षेत्रात यशस्वी अंमलबजावणीमुळे सर्वांचे समाधान झाले.,Positive,ऑनलाइन खरेदी
1580,कार्यालय विभागात नियोजनातील त्रुटींमुळे विलंब झाला.,Negative,कार्यालय
1581,शिक्षण संदर्भात बैठकीची नोंद सर्व विभागांना पाठवली.,Neutral,शिक्षण
1582,आरोग्य क्षेत्रात नवीन सुविधेने वापर अधिक सुलभ केला.,Positive,आरोग्यसेवा
1583,तंत्रज्ञान विभागात काम वेळेत पूर्ण होऊ शकले नाही.,Negative,तंत्रज्ञान
1584,बँकिंग संदर्भात पुढील सूचना लवकरच दिल्या जातील.,Neutral,बँकिंग
1585,प्रवास क्षेत्रात प्रशिक्षणामुळे कामाची गुणवत्ता सुधारली.,Positive,प्रवास
1586,क्रीडा विभागात संसाधनांच्या कमतरतेमुळे काम रखडले.,Negative,क्रीडा
1587,चित्रपट संदर्भात नवीन परिपत्रक जारी करण्यात आले.,Neutral,चित्रपट
1588,रेस्टॉरंट क्षेत्रात यशस्वी अंमलबजावणीमुळे सर्वांचे समाधान झाले.,Positive,उपाहारगृह
1589,ई-कॉमर्स विभागात नियोजनातील त्रुटींमुळे विलंब झाला.,Negative,ऑनलाइन व्यापार
1590,अन्न वितरण संदर्भात नोंदणी प्रक्रिया नियमितपणे सुरू आहे.,Neutral,अन्न वितरण
1591,मोबाईल अॅप क्षेत्रात उपक्रमाला नागरिकांचा उत्स्फूर्त प्रतिसाद मिळाला.,Positive,मोबाईल अॅप्स
1592,सरकारी सेवा विभागात सततच्या त्रुटींमुळे वापरकर्ते नाराज झाले.,Negative,सरकारी सेवा
1593,सोशल मीडिया संदर्भात नवीन नियम लागू करण्यात आले आहेत.,Neutral,सामाजिक माध्यमे
1594,शेती क्षेत्रात प्रकल्प अपेक्षेपेक्षा अधिक यशस्वी ठरला.,Positive,शेती
1595,फॅशन विभागात सेवेचा अनुभव समाधानकारक नव्हता.,Negative,वेशभूषा
1596,मनोरंजन संदर्भात निर्णय पुढील बैठकीत जाहीर केला जाईल.,Neutral,मनोरंजन
1597,ग्राहक सेवा क्षेत्रात नवीन संकल्पनेमुळे कामात सकारात्मक बदल जाणवला.,Positive,ग्राहक सेवा
1598,सार्वजनिक वाहतूक विभागात तांत्रिक बिघाडामुळे सेवा ठप्प झाली.,Negative,सार्वजनिक वाहतूक
1599,ऑनलाइन खरेदी संदर्भात अधिकृत माहिती संकेतस्थळावर प्रसिद्ध झाली.,Neutral,ऑनलाइन खरेदी
1600,कार्यालय क्षेत्रात उत्कृष्ट नियोजनामुळे वेळेची मोठी बचत झाली.,Positive,कार्यालय
1601,शिक्षण विभागात सततच्या त्रुटींमुळे वापरकर्ते नाराज झाले.,Negative,शिक्षण
1602,आरोग्य संदर्भात नवीन नियम लागू करण्यात आले आहेत.,Neutral,आरोग्यसेवा
1603,तंत्रज्ञान क्षेत्रात प्रकल्प अपेक्षेपेक्षा अधिक यशस्वी ठरला.,Positive,तंत्रज्ञान
1604,बँकिंग विभागात सेवेचा अनुभव समाधानकारक नव्हता.,Negative,बँकिंग
1605,प्रवास संदर्भात निर्णय पुढील बैठकीत जाहीर केला जाईल.,Neutral,प्रवास
1606,क्रीडा क्षेत्रात नवीन संकल्पनेमुळे कामात सकारात्मक बदल जाणवला.,Positive,क्रीडा
1607,चित्रपट विभागात तांत्रिक बिघाडामुळे सेवा ठप्प झाली.,Negative,चित्रपट
1608,रेस्टॉरंट संदर्भात अधिकृत माहिती संकेतस्थळावर प्रसिद्ध झाली.,Neutral,उपाहारगृह
1609,ई-कॉमर्स क्षेत्रात उत्कृष्ट नियोजनामुळे वेळेची मोठी बचत झाली.,Positive,ऑनलाइन व्यापार
1610,अन्न वितरण विभागात गुणवत्ता अपेक्षेप्रमाणे नव्हती.,Negative,अन्न वितरण
1611,मोबाईल अॅप संदर्भात अहवाल तपासणीसाठी सादर करण्यात आला.,Neutral,मोबाईल अॅप्स
1612,सरकारी सेवा क्षेत्रात सर्वांनी संघभावनेने काम पूर्ण केले.,Positive,सरकारी सेवा
1613,सोशल मीडिया विभागात प्रक्रियेमध्ये अनेक अडथळे आले.,Negative,सामाजिक माध्यमे
1614,शेती संदर्भात संबंधित कागदपत्रे पडताळणीसाठी स्वीकारली गेली.,Neutral,शेती
1615,फॅशन क्षेत्रात नवीन बदलामुळे कार्यक्षमता वाढली.,Positive,वेशभूषा
1616,मनोरंजन विभागात अपूर्ण माहितीमुळे गोंधळ निर्माण झाला.,Negative,मनोरंजन
1617,ग्राहक सेवा संदर्भात वेळापत्रकात आवश्यक बदल करण्यात आले.,Neutral,ग्राहक सेवा
1618,सार्वजनिक वाहतूक क्षेत्रात सेवेतील सुधारणा सर्वांना स्पष्टपणे जाणवली.,Positive,सार्वजनिक वाहतूक
1619,ऑनलाइन खरेदी विभागात सुविधेच्या अभावामुळे अडचणी वाढल्या.,Negative,ऑनलाइन खरेदी
1620,कार्यालय संदर्भात बैठकीची नोंद सर्व विभागांना पाठवली.,Neutral,कार्यालय
1621,शिक्षण क्षेत्रात सर्वांनी संघभावनेने काम पूर्ण केले.,Positive,शिक्षण
1622,आरोग्य विभागात प्रक्रियेमध्ये अनेक अडथळे आले.,Negative,आरोग्यसेवा
1623,तंत्रज्ञान संदर्भात संबंधित कागदपत्रे पडताळणीसाठी स्वीकारली गेली.,Neutral,तंत्रज्ञान
1624,बँकिंग क्षेत्रात नवीन बदलामुळे कार्यक्षमता वाढली.,Positive,बँकिंग
1625,प्रवास विभागात अपूर्ण माहितीमुळे गोंधळ निर्माण झाला.,Negative,प्रवास
1626,क्रीडा संदर्भात वेळापत्रकात आवश्यक बदल करण्यात आले.,Neutral,क्रीडा
1627,चित्रपट क्षेत्रात सेवेतील सुधारणा सर्वांना स्पष्टपणे जाणवली.,Positive,चित्रपट
1628,रेस्टॉरंट विभागात सुविधेच्या अभावामुळे अडचणी वाढल्या.,Negative,उपाहारगृह
1629,ई-कॉमर्स संदर्भात बैठकीची नोंद सर्व विभागांना पाठवली.,Neutral,ऑनलाइन व्यापार
1630,अन्न वितरण क्षेत्रात नवीन सुविधेने वापर अधिक सुलभ केला.,Positive,अन्न वितरण
1631,मोबाईल अॅप विभागात काम वेळेत पूर्ण होऊ शकले नाही.,Negative,मोबाईल अॅप्स
1632,सरकारी सेवा संदर्भात पुढील सूचना लवकरच दिल्या जातील.,Neutral,सरकारी सेवा
1633,सोशल मीडिया क्षेत्रात प्रशिक्षणामुळे कामाची गुणवत्ता सुधारली.,Positive,सामाजिक माध्यमे
1634,शेती विभागात संसाधनांच्या कमतरतेमुळे काम रखडले.,Negative,शेती
1635,मनोरंजन क्षेत्रात यशस्वी अंमलबजावणीमुळे सर्वांचे समाधान झाले.,Positive,मनोरंजन
1636,ग्राहक सेवा विभागात नियोजनातील त्रुटींमुळे विलंब झाला.,Negative,ग्राहक सेवा
1637,सार्वजनिक वाहतूक संदर्भात नोंदणी प्रक्रिया नियमितपणे सुरू आहे.,Neutral,सार्वजनिक वाहतूक
1638,ऑनलाइन खरेदी क्षेत्रात उपक्रमाला नागरिकांचा उत्स्फूर्त प्रतिसाद मिळाला.,Positive,ऑनलाइन खरेदी
1639,कार्यालय विभागात सततच्या त्रुटींमुळे वापरकर्ते नाराज झाले.,Negative,कार्यालय
1640,शिक्षण संदर्भात पुढील सूचना लवकरच दिल्या जातील.,Neutral,शिक्षण
1641,आरोग्य क्षेत्रात प्रशिक्षणामुळे कामाची गुणवत्ता सुधारली.,Positive,आरोग्यसेवा
1642,तंत्रज्ञान विभागात संसाधनांच्या कमतरतेमुळे काम रखडले.,Negative,तंत्रज्ञान
1643,प्रवास क्षेत्रात यशस्वी अंमलबजावणीमुळे सर्वांचे समाधान झाले.,Positive,प्रवास
1644,क्रीडा विभागात नियोजनातील त्रुटींमुळे विलंब झाला.,Negative,क्रीडा
1645,चित्रपट संदर्भात नोंदणी प्रक्रिया नियमितपणे सुरू आहे.,Neutral,चित्रपट
1646,रेस्टॉरंट क्षेत्रात उपक्रमाला नागरिकांचा उत्स्फूर्त प्रतिसाद मिळाला.,Positive,उपाहारगृह
1647,ई-कॉमर्स विभागात सततच्या त्रुटींमुळे वापरकर्ते नाराज झाले.,Negative,ऑनलाइन व्यापार
1648,अन्न वितरण संदर्भात नवीन नियम लागू करण्यात आले आहेत.,Neutral,अन्न वितरण
1649,मोबाईल अॅप क्षेत्रात प्रकल्प अपेक्षेपेक्षा अधिक यशस्वी ठरला.,Positive,मोबाईल अॅप्स
1650,सरकारी सेवा विभागात सेवेचा अनुभव समाधानकारक नव्हता.,Negative,सरकारी सेवा
1651,सोशल मीडिया संदर्भात निर्णय पुढील बैठकीत जाहीर केला जाईल.,Neutral,सामाजिक माध्यमे
1652,शेती क्षेत्रात नवीन संकल्पनेमुळे कामात सकारात्मक बदल जाणवला.,Positive,शेती
1653,फॅशन विभागात तांत्रिक बिघाडामुळे सेवा ठप्प झाली.,Negative,वेशभूषा
1654,मनोरंजन संदर्भात अधिकृत माहिती संकेतस्थळावर प्रसिद्ध झाली.,Neutral,मनोरंजन
1655,ग्राहक सेवा क्षेत्रात उत्कृष्ट नियोजनामुळे वेळेची मोठी बचत झाली.,Positive,ग्राहक सेवा
1656,सार्वजनिक वाहतूक विभागात गुणवत्ता अपेक्षेप्रमाणे नव्हती.,Negative,सार्वजनिक वाहतूक
1657,ऑनलाइन खरेदी संदर्भात अहवाल तपासणीसाठी सादर करण्यात आला.,Neutral,ऑनलाइन खरेदी
1658,कार्यालय क्षेत्रात सर्वांनी संघभावनेने काम पूर्ण केले.,Positive,कार्यालय
1659,शिक्षण विभागात सेवेचा अनुभव समाधानकारक नव्हता.,Negative,शिक्षण
1660,आरोग्य संदर्भात निर्णय पुढील बैठकीत जाहीर केला जाईल.,Neutral,आरोग्यसेवा
1661,तंत्रज्ञान क्षेत्रात नवीन संकल्पनेमुळे कामात सकारात्मक बदल जाणवला.,Positive,तंत्रज्ञान
1662,बँकिंग विभागात तांत्रिक बिघाडामुळे सेवा ठप्प झाली.,Negative,बँकिंग
1663,प्रवास संदर्भात अधिकृत माहिती संकेतस्थळावर प्रसिद्ध झाली.,Neutral,प्रवास
1664,क्रीडा क्षेत्रात उत्कृष्ट नियोजनामुळे वेळेची मोठी बचत झाली.,Positive,क्रीडा
1665,चित्रपट विभागात गुणवत्ता अपेक्षेप्रमाणे नव्हती.,Negative,चित्रपट
1666,रेस्टॉरंट संदर्भात अहवाल तपासणीसाठी सादर करण्यात आला.,Neutral,उपाहारगृह
1667,ई-कॉमर्स क्षेत्रात सर्वांनी संघभावनेने काम पूर्ण केले.,Positive,ऑनलाइन व्यापार
1668,अन्न वितरण विभागात प्रक्रियेमध्ये अनेक अडथळे आले.,Negative,अन्न वितरण
1669,मोबाईल अॅप संदर्भात संबंधित कागदपत्रे पडताळणीसाठी स्वीकारली गेली.,Neutral,मोबाईल अॅप्स
1670,सरकारी सेवा क्षेत्रात नवीन बदलामुळे कार्यक्षमता वाढली.,Positive,सरकारी सेवा
1671,सोशल मीडिया विभागात अपूर्ण माहितीमुळे गोंधळ निर्माण झाला.,Negative,सामाजिक माध्यमे
1672,शेती संदर्भात वेळापत्रकात आवश्यक बदल करण्यात आले.,Neutral,शेती
1673,फॅशन क्षेत्रात सेवेतील सुधारणा सर्वांना स्पष्टपणे जाणवली.,Positive,वेशभूषा
1674,मनोरंजन विभागात सुविधेच्या अभावामुळे अडचणी वाढल्या.,Negative,मनोरंजन
1675,ग्राहक सेवा संदर्भात बैठकीची नोंद सर्व विभागांना पाठवली.,Neutral,ग्राहक सेवा
1676,सार्वजनिक वाहतूक क्षेत्रात नवीन सुविधेने वापर अधिक सुलभ केला.,Positive,सार्वजनिक वाहतूक
1677,ऑनलाइन खरेदी विभागात काम वेळेत पूर्ण होऊ शकले नाही.,Negative,ऑनलाइन खरेदी
1678,कार्यालय संदर्भात पुढील सूचना लवकरच दिल्या जातील.,Neutral,कार्यालय
1679,शिक्षण क्षेत्रात नवीन बदलामुळे कार्यक्षमता वाढली.,Positive,शिक्षण
1680,आरोग्य विभागात अपूर्ण माहितीमुळे गोंधळ निर्माण झाला.,Negative,आरोग्यसेवा
1681,तंत्रज्ञान संदर्भात वेळापत्रकात आवश्यक बदल करण्यात आले.,Neutral,तंत्रज्ञान
1682,बँकिंग क्षेत्रात सेवेतील सुधारणा सर्वांना स्पष्टपणे जाणवली.,Positive,बँकिंग
1683,प्रवास विभागात सुविधेच्या अभावामुळे अडचणी वाढल्या.,Negative,प्रवास
1684,क्रीडा संदर्भात बैठकीची नोंद सर्व विभागांना पाठवली.,Neutral,क्रीडा
1685,चित्रपट क्षेत्रात नवीन सुविधेने वापर अधिक सुलभ केला.,Positive,चित्रपट
1686,रेस्टॉरंट विभागात काम वेळेत पूर्ण होऊ शकले नाही.,Negative,उपाहारगृह
1687,ई-कॉमर्स संदर्भात पुढील सूचना लवकरच दिल्या जातील.,Neutral,ऑनलाइन व्यापार
1688,अन्न वितरण क्षेत्रात प्रशिक्षणामुळे कामाची गुणवत्ता सुधारली.,Positive,अन्न वितरण
1689,मोबाईल अॅप विभागात संसाधनांच्या कमतरतेमुळे काम रखडले.,Negative,मोबाईल अॅप्स
1690,सरकारी सेवा संदर्भात नवीन परिपत्रक जारी करण्यात आले.,Neutral,सरकारी सेवा
1691,सोशल मीडिया क्षेत्रात यशस्वी अंमलबजावणीमुळे सर्वांचे समाधान झाले.,Positive,सामाजिक माध्यमे
1692,शेती विभागात नियोजनातील त्रुटींमुळे विलंब झाला.,Negative,शेती
1693,फॅशन संदर्भात नोंदणी प्रक्रिया नियमितपणे सुरू आहे.,Neutral,वेशभूषा
1694,मनोरंजन क्षेत्रात उपक्रमाला नागरिकांचा उत्स्फूर्त प्रतिसाद मिळाला.,Positive,मनोरंजन
1695,ग्राहक सेवा विभागात सततच्या त्रुटींमुळे वापरकर्ते नाराज झाले.,Negative,ग्राहक सेवा
1696,सार्वजनिक वाहतूक संदर्भात नवीन नियम लागू करण्यात आले आहेत.,Neutral,सार्वजनिक वाहतूक
1697,ऑनलाइन खरेदी क्षेत्रात प्रकल्प अपेक्षेपेक्षा अधिक यशस्वी ठरला.,Positive,ऑनलाइन खरेदी
1698,कार्यालय विभागात सेवेचा अनुभव समाधानकारक नव्हता.,Negative,कार्यालय
1699,आरोग्य क्षेत्रात यशस्वी अंमलबजावणीमुळे सर्वांचे समाधान झाले.,Positive,आरोग्यसेवा
1700,तंत्रज्ञान विभागात नियोजनातील त्रुटींमुळे विलंब झाला.,Negative,तंत्रज्ञान
1701,बँकिंग संदर्भात नोंदणी प्रक्रिया नियमितपणे सुरू आहे.,Neutral,बँकिंग
1702,प्रवास क्षेत्रात उपक्रमाला नागरिकांचा उत्स्फूर्त प्रतिसाद मिळाला.,Positive,प्रवास
1703,क्रीडा विभागात सततच्या त्रुटींमुळे वापरकर्ते नाराज झाले.,Negative,क्रीडा
1704,चित्रपट संदर्भात नवीन नियम लागू करण्यात आले आहेत.,Neutral,चित्रपट
1705,रेस्टॉरंट क्षेत्रात प्रकल्प अपेक्षेपेक्षा अधिक यशस्वी ठरला.,Positive,उपाहारगृह
1706,ई-कॉमर्स विभागात सेवेचा अनुभव समाधानकारक नव्हता.,Negative,ऑनलाइन व्यापार
1707,अन्न वितरण संदर्भात निर्णय पुढील बैठकीत जाहीर केला जाईल.,Neutral,अन्न वितरण
1708,मोबाईल अॅप क्षेत्रात नवीन संकल्पनेमुळे कामात सकारात्मक बदल जाणवला.,Positive,मोबाईल अॅप्स
1709,सरकारी सेवा विभागात तांत्रिक बिघाडामुळे सेवा ठप्प झाली.,Negative,सरकारी सेवा
1710,सोशल मीडिया संदर्भात अधिकृत माहिती संकेतस्थळावर प्रसिद्ध झाली.,Neutral,सामाजिक माध्यमे
1711,शेती क्षेत्रात उत्कृष्ट नियोजनामुळे वेळेची मोठी बचत झाली.,Positive,शेती
1712,फॅशन विभागात गुणवत्ता अपेक्षेप्रमाणे नव्हती.,Negative,वेशभूषा
1713,मनोरंजन संदर्भात अहवाल तपासणीसाठी सादर करण्यात आला.,Neutral,मनोरंजन
1714,ग्राहक सेवा क्षेत्रात सर्वांनी संघभावनेने काम पूर्ण केले.,Positive,ग्राहक सेवा
1715,सार्वजनिक वाहतूक विभागात प्रक्रियेमध्ये अनेक अडथळे आले.,Negative,सार्वजनिक वाहतूक
1716,ऑनलाइन खरेदी संदर्भात संबंधित कागदपत्रे पडताळणीसाठी स्वीकारली गेली.,Neutral,ऑनलाइन खरेदी
1717,कार्यालय क्षेत्रात नवीन बदलामुळे कार्यक्षमता वाढली.,Positive,कार्यालय
1718,शिक्षण विभागात तांत्रिक बिघाडामुळे सेवा ठप्प झाली.,Negative,शिक्षण
1719,आरोग्य संदर्भात अधिकृत माहिती संकेतस्थळावर प्रसिद्ध झाली.,Neutral,आरोग्यसेवा
1720,तंत्रज्ञान क्षेत्रात उत्कृष्ट नियोजनामुळे वेळेची मोठी बचत झाली.,Positive,तंत्रज्ञान
1721,बँकिंग विभागात गुणवत्ता अपेक्षेप्रमाणे नव्हती.,Negative,बँकिंग
1722,प्रवास संदर्भात अहवाल तपासणीसाठी सादर करण्यात आला.,Neutral,प्रवास
1723,क्रीडा क्षेत्रात सर्वांनी संघभावनेने काम पूर्ण केले.,Positive,क्रीडा
1724,चित्रपट विभागात प्रक्रियेमध्ये अनेक अडथळे आले.,Negative,चित्रपट
1725,रेस्टॉरंट संदर्भात संबंधित कागदपत्रे पडताळणीसाठी स्वीकारली गेली.,Neutral,उपाहारगृह
1726,ई-कॉमर्स क्षेत्रात नवीन बदलामुळे कार्यक्षमता वाढली.,Positive,ऑनलाइन व्यापार
1727,अन्न वितरण विभागात अपूर्ण माहितीमुळे गोंधळ निर्माण झाला.,Negative,अन्न वितरण
1728,मोबाईल अॅप संदर्भात वेळापत्रकात आवश्यक बदल करण्यात आले.,Neutral,मोबाईल अॅप्स
1729,सरकारी सेवा क्षेत्रात सेवेतील सुधारणा सर्वांना स्पष्टपणे जाणवली.,Positive,सरकारी सेवा
1730,सोशल मीडिया विभागात सुविधेच्या अभावामुळे अडचणी वाढल्या.,Negative,सामाजिक माध्यमे
1731,शेती संदर्भात बैठकीची नोंद सर्व विभागांना पाठवली.,Neutral,शेती
1732,फॅशन क्षेत्रात नवीन सुविधेने वापर अधिक सुलभ केला.,Positive,वेशभूषा
1733,मनोरंजन विभागात काम वेळेत पूर्ण होऊ शकले नाही.,Negative,मनोरंजन
1734,ग्राहक सेवा संदर्भात पुढील सूचना लवकरच दिल्या जातील.,Neutral,ग्राहक सेवा
1735,सार्वजनिक वाहतूक क्षेत्रात प्रशिक्षणामुळे कामाची गुणवत्ता सुधारली.,Positive,सार्वजनिक वाहतूक
1736,ऑनलाइन खरेदी विभागात संसाधनांच्या कमतरतेमुळे काम रखडले.,Negative,ऑनलाइन खरेदी
1737,शिक्षण क्षेत्रात सेवेतील सुधारणा सर्वांना स्पष्टपणे जाणवली.,Positive,शिक्षण
1738,आरोग्य विभागात सुविधेच्या अभावामुळे अडचणी वाढल्या.,Negative,आरोग्यसेवा
1739,तंत्रज्ञान संदर्भात बैठकीची नोंद सर्व विभागांना पाठवली.,Neutral,तंत्रज्ञान
1740,बँकिंग क्षेत्रात नवीन सुविधेने वापर अधिक सुलभ केला.,Positive,बँकिंग
1741,प्रवास विभागात काम वेळेत पूर्ण होऊ शकले नाही.,Negative,प्रवास
1742,क्रीडा संदर्भात पुढील सूचना लवकरच दिल्या जातील.,Neutral,क्रीडा
1743,चित्रपट क्षेत्रात प्रशिक्षणामुळे कामाची गुणवत्ता सुधारली.,Positive,चित्रपट
1744,रेस्टॉरंट विभागात संसाधनांच्या कमतरतेमुळे काम रखडले.,Negative,उपाहारगृह
1745,ई-कॉमर्स संदर्भात नवीन परिपत्रक जारी करण्यात आले.,Neutral,ऑनलाइन व्यापार
1746,अन्न वितरण क्षेत्रात यशस्वी अंमलबजावणीमुळे सर्वांचे समाधान झाले.,Positive,अन्न वितरण
1747,मोबाईल अॅप विभागात नियोजनातील त्रुटींमुळे विलंब झाला.,Negative,मोबाईल अॅप्स
1748,सरकारी सेवा संदर्भात नोंदणी प्रक्रिया नियमितपणे सुरू आहे.,Neutral,सरकारी सेवा
1749,सोशल मीडिया क्षेत्रात उपक्रमाला नागरिकांचा उत्स्फूर्त प्रतिसाद मिळाला.,Positive,सामाजिक माध्यमे
1750,शेती विभागात सततच्या त्रुटींमुळे वापरकर्ते नाराज झाले.,Negative,शेती
1751,शिक्षण संदर्भात आजचा अनुभव इतका छान होता की पुन्हा इथे यावंसं वाटलं.,Positive,शिक्षण
1752,आरोग्य विषयात वारंवार प्रयत्न करूनही काम पूर्ण झालं नाही.,Negative,आरोग्यसेवा
1753,तंत्रज्ञान विभागाबाबत पुढील टप्प्याचे काम पुढील आठवड्यात सुरू होईल.,Neutral,तंत्रज्ञान
1754,बँकिंग संदर्भात सगळ्यांनी मिळून काम केल्यामुळे निकाल उत्कृष्ट आला.,Positive,बँकिंग
1755,प्रवास विषयात लहानशा चुकीमुळे मोठा त्रास सहन करावा लागला.,Negative,प्रवास
1756,क्रीडा विभागाबाबत बैठकीत पुढील नियोजनावर चर्चा झाली.,Neutral,क्रीडा
1757,चित्रपट संदर्भात हा निर्णय योग्य ठरल्याचं आता जाणवत आहे.,Positive,चित्रपट
1758,रेस्टॉरंट विषयात पुन्हा पुन्हा तीच समस्या समोर आली.,Negative,उपाहारगृह
1759,ई-कॉमर्स विभागाबाबत अंतिम निर्णय अद्याप प्रलंबित आहे.,Neutral,ऑनलाइन व्यापार
1760,अन्न वितरण संदर्भात नवीन सुविधा वापरताना कोणतीही अडचण आली नाही.,Positive,अन्न वितरण
1761,मोबाईल अॅप विषयात खूप वेळ वाट पाहूनही काहीच निष्पन्न झालं नाही.,Negative,मोबाईल अॅप्स
1762,सरकारी सेवा विभागाबाबत आज फक्त प्राथमिक प्रक्रिया पूर्ण करण्यात आली.,Neutral,सरकारी सेवा
1763,सोशल मीडिया संदर्भात लहानसा बदलही खूप उपयोगी ठरला.,Positive,सामाजिक माध्यमे
1764,शेती विषयात कोणीही योग्य माहिती दिली नाही.,Negative,शेती
1765,फॅशन विभागाबाबत संबंधित सूचना संकेतस्थळावर उपलब्ध आहेत.,Neutral,वेशभूषा
1766,मनोरंजन संदर्भात वेळेवर मदत मिळाल्यामुळे मोठी अडचण टळली.,Positive,मनोरंजन
1767,ग्राहक सेवा विषयात शेवटच्या क्षणी सर्व नियोजन बिघडलं.,Negative,ग्राहक सेवा
1768,सार्वजनिक वाहतूक विभागाबाबत वेळापत्रकात किरकोळ बदल करण्यात आले.,Neutral,सार्वजनिक वाहतूक
1769,ऑनलाइन खरेदी संदर्भात काम सहज पूर्ण झाल्यामुळे आनंद झाला.,Positive,ऑनलाइन खरेदी
1770,कार्यालय विषयात व्यवस्था अजिबात समाधानकारक वाटली नाही.,Negative,कार्यालय
1771,शिक्षण विभागाबाबत आज फक्त प्राथमिक प्रक्रिया पूर्ण करण्यात आली.,Neutral,शिक्षण
1772,आरोग्य संदर्भात लहानसा बदलही खूप उपयोगी ठरला.,Positive,आरोग्यसेवा
1773,तंत्रज्ञान विषयात कोणीही योग्य माहिती दिली नाही.,Negative,तंत्रज्ञान
1774,बँकिंग विभागाबाबत संबंधित सूचना संकेतस्थळावर उपलब्ध आहेत.,Neutral,बँकिंग
1775,प्रवास संदर्भात वेळेवर मदत मिळाल्यामुळे मोठी अडचण टळली.,Positive,प्रवास
1776,क्रीडा विषयात शेवटच्या क्षणी सर्व नियोजन बिघडलं.,Negative,क्रीडा
1777,चित्रपट विभागाबाबत वेळापत्रकात किरकोळ बदल करण्यात आले.,Neutral,चित्रपट
1778,रेस्टॉरंट संदर्भात काम सहज पूर्ण झाल्यामुळे आनंद झाला.,Positive,उपाहारगृह
1779,ई-कॉमर्स विषयात व्यवस्था अजिबात समाधानकारक वाटली नाही.,Negative,ऑनलाइन व्यापार
1780,अन्न वितरण विभागाबाबत याबाबत अधिकृत माहिती उद्या जाहीर केली जाईल.,Neutral,अन्न वितरण
1781,"मोबाईल अॅप संदर्भात सुरुवातीला शंका होती, पण शेवटी सर्व काही उत्तम झालं.",Positive,मोबाईल अॅप्स
1782,सरकारी सेवा विषयात आजचा अनुभव पूर्णपणे निराशाजनक होता.,Negative,सरकारी सेवा
1783,सोशल मीडिया विभागाबाबत आवश्यक कागदपत्रे तपासणीसाठी स्वीकारण्यात आली.,Neutral,सामाजिक माध्यमे
1784,शेती संदर्भात अपेक्षेपेक्षा खूप चांगली सेवा मिळाली.,Positive,शेती
1785,फॅशन विषयात सेवा अपेक्षेप्रमाणे मिळाली नाही.,Negative,वेशभूषा
1786,मनोरंजन विभागाबाबत नोंदणी प्रक्रिया नेहमीप्रमाणे सुरू आहे.,Neutral,मनोरंजन
1787,ग्राहक सेवा संदर्भात आजचा दिवस समाधान देणारा ठरला.,Positive,ग्राहक सेवा
1788,सार्वजनिक वाहतूक विषयात यामुळे वेळ आणि मेहनत दोन्ही वाया गेले.,Negative,सार्वजनिक वाहतूक
1789,ऑनलाइन खरेदी विभागाबाबत सर्व माहिती अधिकृत पोर्टलवर उपलब्ध करून देण्यात आली आहे.,Neutral,ऑनलाइन खरेदी
1790,कार्यालय संदर्भात आजचा अनुभव इतका छान होता की पुन्हा इथे यावंसं वाटलं.,Positive,कार्यालय
1791,शिक्षण विषयात आजचा अनुभव पूर्णपणे निराशाजनक होता.,Negative,शिक्षण
1792,आरोग्य विभागाबाबत आवश्यक कागदपत्रे तपासणीसाठी स्वीकारण्यात आली.,Neutral,आरोग्यसेवा
1793,तंत्रज्ञान संदर्भात अपेक्षेपेक्षा खूप चांगली सेवा मिळाली.,Positive,तंत्रज्ञान
1794,बँकिंग विषयात सेवा अपेक्षेप्रमाणे मिळाली नाही.,Negative,बँकिंग
1795,प्रवास विभागाबाबत नोंदणी प्रक्रिया नेहमीप्रमाणे सुरू आहे.,Neutral,प्रवास
1796,क्रीडा संदर्भात आजचा दिवस समाधान देणारा ठरला.,Positive,क्रीडा
1797,चित्रपट विषयात यामुळे वेळ आणि मेहनत दोन्ही वाया गेले.,Negative,चित्रपट
1798,रेस्टॉरंट विभागाबाबत सर्व माहिती अधिकृत पोर्टलवर उपलब्ध करून देण्यात आली आहे.,Neutral,उपाहारगृह
1799,ई-कॉमर्स संदर्भात आजचा अनुभव इतका छान होता की पुन्हा इथे यावंसं वाटलं.,Positive,ऑनलाइन व्यापार
1800,अन्न वितरण विषयात वारंवार प्रयत्न करूनही काम पूर्ण झालं नाही.,Negative,अन्न वितरण
1801,मोबाईल अॅप विभागाबाबत पुढील टप्प्याचे काम पुढील आठवड्यात सुरू होईल.,Neutral,मोबाईल अॅप्स
1802,सरकारी सेवा संदर्भात सगळ्यांनी मिळून काम केल्यामुळे निकाल उत्कृष्ट आला.,Positive,सरकारी सेवा
1803,सोशल मीडिया विषयात लहानशा चुकीमुळे मोठा त्रास सहन करावा लागला.,Negative,सामाजिक माध्यमे
1804,शेती विभागाबाबत बैठकीत पुढील नियोजनावर चर्चा झाली.,Neutral,शेती
1805,फॅशन संदर्भात हा निर्णय योग्य ठरल्याचं आता जाणवत आहे.,Positive,वेशभूषा
1806,मनोरंजन विषयात पुन्हा पुन्हा तीच समस्या समोर आली.,Negative,मनोरंजन
1807,ग्राहक सेवा विभागाबाबत अंतिम निर्णय अद्याप प्रलंबित आहे.,Neutral,ग्राहक सेवा
1808,सार्वजनिक वाहतूक संदर्भात नवीन सुविधा वापरताना कोणतीही अडचण आली नाही.,Positive,सार्वजनिक वाहतूक
1809,ऑनलाइन खरेदी विषयात खूप वेळ वाट पाहूनही काहीच निष्पन्न झालं नाही.,Negative,ऑनलाइन खरेदी
1810,कार्यालय विभागाबाबत आज फक्त प्राथमिक प्रक्रिया पूर्ण करण्यात आली.,Neutral,कार्यालय
1811,शिक्षण संदर्भात सगळ्यांनी मिळून काम केल्यामुळे निकाल उत्कृष्ट आला.,Positive,शिक्षण
1812,आरोग्य विषयात लहानशा चुकीमुळे मोठा त्रास सहन करावा लागला.,Negative,आरोग्यसेवा
1813,तंत्रज्ञान विभागाबाबत बैठकीत पुढील नियोजनावर चर्चा झाली.,Neutral,तंत्रज्ञान
1814,बँकिंग संदर्भात हा निर्णय योग्य ठरल्याचं आता जाणवत आहे.,Positive,बँकिंग
1815,प्रवास विषयात पुन्हा पुन्हा तीच समस्या समोर आली.,Negative,प्रवास
1816,क्रीडा विभागाबाबत अंतिम निर्णय अद्याप प्रलंबित आहे.,Neutral,क्रीडा
1817,चित्रपट संदर्भात नवीन सुविधा वापरताना कोणतीही अडचण आली नाही.,Positive,चित्रपट
1818,रेस्टॉरंट विषयात खूप वेळ वाट पाहूनही काहीच निष्पन्न झालं नाही.,Negative,उपाहारगृह
1819,ई-कॉमर्स विभागाबाबत आज फक्त प्राथमिक प्रक्रिया पूर्ण करण्यात आली.,Neutral,ऑनलाइन व्यापार
1820,अन्न वितरण संदर्भात लहानसा बदलही खूप उपयोगी ठरला.,Positive,अन्न वितरण
1821,मोबाईल अॅप विषयात कोणीही योग्य माहिती दिली नाही.,Negative,मोबाईल अॅप्स
1822,सरकारी सेवा विभागाबाबत संबंधित सूचना संकेतस्थळावर उपलब्ध आहेत.,Neutral,सरकारी सेवा
1823,सोशल मीडिया संदर्भात वेळेवर मदत मिळाल्यामुळे मोठी अडचण टळली.,Positive,सामाजिक माध्यमे
1824,शेती विषयात शेवटच्या क्षणी सर्व नियोजन बिघडलं.,Negative,शेती
1825,फॅशन विभागाबाबत वेळापत्रकात किरकोळ बदल करण्यात आले.,Neutral,वेशभूषा
1826,मनोरंजन संदर्भात काम सहज पूर्ण झाल्यामुळे आनंद झाला.,Positive,मनोरंजन
1827,ग्राहक सेवा विषयात व्यवस्था अजिबात समाधानकारक वाटली नाही.,Negative,ग्राहक सेवा
1828,सार्वजनिक वाहतूक विभागाबाबत याबाबत अधिकृत माहिती उद्या जाहीर केली जाईल.,Neutral,सार्वजनिक वाहतूक
1829,"ऑनलाइन खरेदी संदर्भात सुरुवातीला शंका होती, पण शेवटी सर्व काही उत्तम झालं.",Positive,ऑनलाइन खरेदी
1830,कार्यालय विषयात आजचा अनुभव पूर्णपणे निराशाजनक होता.,Negative,कार्यालय
1831,शिक्षण विभागाबाबत संबंधित सूचना संकेतस्थळावर उपलब्ध आहेत.,Neutral,शिक्षण
1832,आरोग्य संदर्भात वेळेवर मदत मिळाल्यामुळे मोठी अडचण टळली.,Positive,आरोग्यसेवा
1833,तंत्रज्ञान विषयात शेवटच्या क्षणी सर्व नियोजन बिघडलं.,Negative,तंत्रज्ञान
1834,बँकिंग विभागाबाबत वेळापत्रकात किरकोळ बदल करण्यात आले.,Neutral,बँकिंग
1835,प्रवास संदर्भात काम सहज पूर्ण झाल्यामुळे आनंद झाला.,Positive,प्रवास
1836,क्रीडा विषयात व्यवस्था अजिबात समाधानकारक वाटली नाही.,Negative,क्रीडा
1837,चित्रपट विभागाबाबत याबाबत अधिकृत माहिती उद्या जाहीर केली जाईल.,Neutral,चित्रपट
1838,"रेस्टॉरंट संदर्भात सुरुवातीला शंका होती, पण शेवटी सर्व काही उत्तम झालं.",Positive,उपाहारगृह
1839,ई-कॉमर्स विषयात आजचा अनुभव पूर्णपणे निराशाजनक होता.,Negative,ऑनलाइन व्यापार
1840,अन्न वितरण विभागाबाबत आवश्यक कागदपत्रे तपासणीसाठी स्वीकारण्यात आली.,Neutral,अन्न वितरण
1841,मोबाईल अॅप संदर्भात अपेक्षेपेक्षा खूप चांगली सेवा मिळाली.,Positive,मोबाईल अॅप्स
1842,सरकारी सेवा विषयात सेवा अपेक्षेप्रमाणे मिळाली नाही.,Negative,सरकारी सेवा
1843,सोशल मीडिया विभागाबाबत नोंदणी प्रक्रिया नेहमीप्रमाणे सुरू आहे.,Neutral,सामाजिक माध्यमे
1844,शेती संदर्भात आजचा दिवस समाधान देणारा ठरला.,Positive,शेती
1845,फॅशन विषयात यामुळे वेळ आणि मेहनत दोन्ही वाया गेले.,Negative,वेशभूषा
1846,मनोरंजन विभागाबाबत सर्व माहिती अधिकृत पोर्टलवर उपलब्ध करून देण्यात आली आहे.,Neutral,मनोरंजन
1847,ग्राहक सेवा संदर्भात आजचा अनुभव इतका छान होता की पुन्हा इथे यावंसं वाटलं.,Positive,ग्राहक सेवा
1848,सार्वजनिक वाहतूक विषयात वारंवार प्रयत्न करूनही काम पूर्ण झालं नाही.,Negative,सार्वजनिक वाहतूक
1849,ऑनलाइन खरेदी विभागाबाबत पुढील टप्प्याचे काम पुढील आठवड्यात सुरू होईल.,Neutral,ऑनलाइन खरेदी
1850,कार्यालय संदर्भात सगळ्यांनी मिळून काम केल्यामुळे निकाल उत्कृष्ट आला.,Positive,कार्यालय
1851,शिक्षण विषयात सेवा अपेक्षेप्रमाणे मिळाली नाही.,Negative,शिक्षण
1852,आरोग्य विभागाबाबत नोंदणी प्रक्रिया नेहमीप्रमाणे सुरू आहे.,Neutral,आरोग्यसेवा
1853,तंत्रज्ञान संदर्भात आजचा दिवस समाधान देणारा ठरला.,Positive,तंत्रज्ञान
1854,बँकिंग विषयात यामुळे वेळ आणि मेहनत दोन्ही वाया गेले.,Negative,बँकिंग
1855,प्रवास विभागाबाबत सर्व माहिती अधिकृत पोर्टलवर उपलब्ध करून देण्यात आली आहे.,Neutral,प्रवास
1856,क्रीडा संदर्भात आजचा अनुभव इतका छान होता की पुन्हा इथे यावंसं वाटलं.,Positive,क्रीडा
1857,चित्रपट विषयात वारंवार प्रयत्न करूनही काम पूर्ण झालं नाही.,Negative,चित्रपट
1858,रेस्टॉरंट विभागाबाबत पुढील टप्प्याचे काम पुढील आठवड्यात सुरू होईल.,Neutral,उपाहारगृह
1859,ई-कॉमर्स संदर्भात सगळ्यांनी मिळून काम केल्यामुळे निकाल उत्कृष्ट आला.,Positive,ऑनलाइन व्यापार
1860,अन्न वितरण विषयात लहानशा चुकीमुळे मोठा त्रास सहन करावा लागला.,Negative,अन्न वितरण
1861,मोबाईल अॅप विभागाबाबत बैठकीत पुढील नियोजनावर चर्चा झाली.,Neutral,मोबाईल अॅप्स
1862,सरकारी सेवा संदर्भात हा निर्णय योग्य ठरल्याचं आता जाणवत आहे.,Positive,सरकारी सेवा
1863,सोशल मीडिया विषयात पुन्हा पुन्हा तीच समस्या समोर आली.,Negative,सामाजिक माध्यमे
1864,शेती विभागाबाबत अंतिम निर्णय अद्याप प्रलंबित आहे.,Neutral,शेती
1865,फॅशन संदर्भात नवीन सुविधा वापरताना कोणतीही अडचण आली नाही.,Positive,वेशभूषा
1866,मनोरंजन विषयात खूप वेळ वाट पाहूनही काहीच निष्पन्न झालं नाही.,Negative,मनोरंजन
1867,ग्राहक सेवा विभागाबाबत आज फक्त प्राथमिक प्रक्रिया पूर्ण करण्यात आली.,Neutral,ग्राहक सेवा
1868,सार्वजनिक वाहतूक संदर्भात लहानसा बदलही खूप उपयोगी ठरला.,Positive,सार्वजनिक वाहतूक
1869,ऑनलाइन खरेदी विषयात कोणीही योग्य माहिती दिली नाही.,Negative,ऑनलाइन खरेदी
1870,कार्यालय विभागाबाबत संबंधित सूचना संकेतस्थळावर उपलब्ध आहेत.,Neutral,कार्यालय
1871,शिक्षण संदर्भात हा निर्णय योग्य ठरल्याचं आता जाणवत आहे.,Positive,शिक्षण
1872,आरोग्य विषयात पुन्हा पुन्हा तीच समस्या समोर आली.,Negative,आरोग्यसेवा
1873,तंत्रज्ञान विभागाबाबत अंतिम निर्णय अद्याप प्रलंबित आहे.,Neutral,तंत्रज्ञान
1874,बँकिंग संदर्भात नवीन सुविधा वापरताना कोणतीही अडचण आली नाही.,Positive,बँकिंग
1875,प्रवास विषयात खूप वेळ वाट पाहूनही काहीच निष्पन्न झालं नाही.,Negative,प्रवास
1876,क्रीडा विभागाबाबत आज फक्त प्राथमिक प्रक्रिया पूर्ण करण्यात आली.,Neutral,क्रीडा
1877,चित्रपट संदर्भात लहानसा बदलही खूप उपयोगी ठरला.,Positive,चित्रपट
1878,रेस्टॉरंट विषयात कोणीही योग्य माहिती दिली नाही.,Negative,उपाहारगृह
1879,ई-कॉमर्स विभागाबाबत संबंधित सूचना संकेतस्थळावर उपलब्ध आहेत.,Neutral,ऑनलाइन व्यापार
1880,अन्न वितरण संदर्भात वेळेवर मदत मिळाल्यामुळे मोठी अडचण टळली.,Positive,अन्न वितरण
1881,मोबाईल अॅप विषयात शेवटच्या क्षणी सर्व नियोजन बिघडलं.,Negative,मोबाईल अॅप्स
1882,सरकारी सेवा विभागाबाबत वेळापत्रकात किरकोळ बदल करण्यात आले.,Neutral,सरकारी सेवा
1883,सोशल मीडिया संदर्भात काम सहज पूर्ण झाल्यामुळे आनंद झाला.,Positive,सामाजिक माध्यमे
1884,शेती विषयात व्यवस्था अजिबात समाधानकारक वाटली नाही.,Negative,शेती
1885,फॅशन विभागाबाबत याबाबत अधिकृत माहिती उद्या जाहीर केली जाईल.,Neutral,वेशभूषा
1886,"मनोरंजन संदर्भात सुरुवातीला शंका होती, पण शेवटी सर्व काही उत्तम झालं.",Positive,मनोरंजन
1887,ग्राहक सेवा विषयात आजचा अनुभव पूर्णपणे निराशाजनक होता.,Negative,ग्राहक सेवा
1888,सार्वजनिक वाहतूक विभागाबाबत आवश्यक कागदपत्रे तपासणीसाठी स्वीकारण्यात आली.,Neutral,सार्वजनिक वाहतूक
1889,ऑनलाइन खरेदी संदर्भात अपेक्षेपेक्षा खूप चांगली सेवा मिळाली.,Positive,ऑनलाइन खरेदी
1890,कार्यालय विषयात सेवा अपेक्षेप्रमाणे मिळाली नाही.,Negative,कार्यालय
1891,शिक्षण विभागाबाबत वेळापत्रकात किरकोळ बदल करण्यात आले.,Neutral,शिक्षण
1892,आरोग्य संदर्भात काम सहज पूर्ण झाल्यामुळे आनंद झाला.,Positive,आरोग्यसेवा
1893,तंत्रज्ञान विषयात व्यवस्था अजिबात समाधानकारक वाटली नाही.,Negative,तंत्रज्ञान
1894,बँकिंग विभागाबाबत याबाबत अधिकृत माहिती उद्या जाहीर केली जाईल.,Neutral,बँकिंग
1895,"प्रवास संदर्भात सुरुवातीला शंका होती, पण शेवटी सर्व काही उत्तम झालं.",Positive,प्रवास
1896,क्रीडा विषयात आजचा अनुभव पूर्णपणे निराशाजनक होता.,Negative,क्रीडा
1897,चित्रपट विभागाबाबत आवश्यक कागदपत्रे तपासणीसाठी स्वीकारण्यात आली.,Neutral,चित्रपट
1898,रेस्टॉरंट संदर्भात अपेक्षेपेक्षा खूप चांगली सेवा मिळाली.,Positive,उपाहारगृह
1899,ई-कॉमर्स विषयात सेवा अपेक्षेप्रमाणे मिळाली नाही.,Negative,ऑनलाइन व्यापार
1900,अन्न वितरण विभागाबाबत नोंदणी प्रक्रिया नेहमीप्रमाणे सुरू आहे.,Neutral,अन्न वितरण
1901,मोबाईल अॅप संदर्भात आजचा दिवस समाधान देणारा ठरला.,Positive,मोबाईल अॅप्स
1902,सरकारी सेवा विषयात यामुळे वेळ आणि मेहनत दोन्ही वाया गेले.,Negative,सरकारी सेवा
1903,सोशल मीडिया विभागाबाबत सर्व माहिती अधिकृत पोर्टलवर उपलब्ध करून देण्यात आली आहे.,Neutral,सामाजिक माध्यमे
1904,शेती संदर्भात आजचा अनुभव इतका छान होता की पुन्हा इथे यावंसं वाटलं.,Positive,शेती
1905,फॅशन विषयात वारंवार प्रयत्न करूनही काम पूर्ण झालं नाही.,Negative,वेशभूषा
1906,मनोरंजन विभागाबाबत पुढील टप्प्याचे काम पुढील आठवड्यात सुरू होईल.,Neutral,मनोरंजन
1907,ग्राहक सेवा संदर्भात सगळ्यांनी मिळून काम केल्यामुळे निकाल उत्कृष्ट आला.,Positive,ग्राहक सेवा
1908,सार्वजनिक वाहतूक विषयात लहानशा चुकीमुळे मोठा त्रास सहन करावा लागला.,Negative,सार्वजनिक वाहतूक
1909,ऑनलाइन खरेदी विभागाबाबत बैठकीत पुढील नियोजनावर चर्चा झाली.,Neutral,ऑनलाइन खरेदी
1910,कार्यालय संदर्भात हा निर्णय योग्य ठरल्याचं आता जाणवत आहे.,Positive,कार्यालय
1911,शिक्षण विषयात यामुळे वेळ आणि मेहनत दोन्ही वाया गेले.,Negative,शिक्षण
1912,आरोग्य विभागाबाबत सर्व माहिती अधिकृत पोर्टलवर उपलब्ध करून देण्यात आली आहे.,Neutral,आरोग्यसेवा
1913,तंत्रज्ञान संदर्भात आजचा अनुभव इतका छान होता की पुन्हा इथे यावंसं वाटलं.,Positive,तंत्रज्ञान
1914,बँकिंग विषयात वारंवार प्रयत्न करूनही काम पूर्ण झालं नाही.,Negative,बँकिंग
1915,प्रवास विभागाबाबत पुढील टप्प्याचे काम पुढील आठवड्यात सुरू होईल.,Neutral,प्रवास
1916,क्रीडा संदर्भात सगळ्यांनी मिळून काम केल्यामुळे निकाल उत्कृष्ट आला.,Positive,क्रीडा
1917,चित्रपट विषयात लहानशा चुकीमुळे मोठा त्रास सहन करावा लागला.,Negative,चित्रपट
1918,रेस्टॉरंट विभागाबाबत बैठकीत पुढील नियोजनावर चर्चा झाली.,Neutral,उपाहारगृह
1919,ई-कॉमर्स संदर्भात हा निर्णय योग्य ठरल्याचं आता जाणवत आहे.,Positive,ऑनलाइन व्यापार
1920,अन्न वितरण विषयात पुन्हा पुन्हा तीच समस्या समोर आली.,Negative,अन्न वितरण
1921,मोबाईल अॅप विभागाबाबत अंतिम निर्णय अद्याप प्रलंबित आहे.,Neutral,मोबाईल अॅप्स
1922,सरकारी सेवा संदर्भात नवीन सुविधा वापरताना कोणतीही अडचण आली नाही.,Positive,सरकारी सेवा
1923,सोशल मीडिया विषयात खूप वेळ वाट पाहूनही काहीच निष्पन्न झालं नाही.,Negative,सामाजिक माध्यमे
1924,शेती विभागाबाबत आज फक्त प्राथमिक प्रक्रिया पूर्ण करण्यात आली.,Neutral,शेती
1925,फॅशन संदर्भात लहानसा बदलही खूप उपयोगी ठरला.,Positive,वेशभूषा
1926,मनोरंजन विषयात कोणीही योग्य माहिती दिली नाही.,Negative,मनोरंजन
1927,ग्राहक सेवा विभागाबाबत संबंधित सूचना संकेतस्थळावर उपलब्ध आहेत.,Neutral,ग्राहक सेवा
1928,सार्वजनिक वाहतूक संदर्भात वेळेवर मदत मिळाल्यामुळे मोठी अडचण टळली.,Positive,सार्वजनिक वाहतूक
1929,ऑनलाइन खरेदी विषयात शेवटच्या क्षणी सर्व नियोजन बिघडलं.,Negative,ऑनलाइन खरेदी
1930,कार्यालय विभागाबाबत वेळापत्रकात किरकोळ बदल करण्यात आले.,Neutral,कार्यालय
1931,शिक्षण संदर्भात नवीन सुविधा वापरताना कोणतीही अडचण आली नाही.,Positive,शिक्षण
1932,आरोग्य विषयात खूप वेळ वाट पाहूनही काहीच निष्पन्न झालं नाही.,Negative,आरोग्यसेवा
1933,तंत्रज्ञान विभागाबाबत आज फक्त प्राथमिक प्रक्रिया पूर्ण करण्यात आली.,Neutral,तंत्रज्ञान
1934,बँकिंग संदर्भात लहानसा बदलही खूप उपयोगी ठरला.,Positive,बँकिंग
1935,प्रवास विषयात कोणीही योग्य माहिती दिली नाही.,Negative,प्रवास
1936,क्रीडा विभागाबाबत संबंधित सूचना संकेतस्थळावर उपलब्ध आहेत.,Neutral,क्रीडा
1937,चित्रपट संदर्भात वेळेवर मदत मिळाल्यामुळे मोठी अडचण टळली.,Positive,चित्रपट
1938,रेस्टॉरंट विषयात शेवटच्या क्षणी सर्व नियोजन बिघडलं.,Negative,उपाहारगृह
1939,ई-कॉमर्स विभागाबाबत वेळापत्रकात किरकोळ बदल करण्यात आले.,Neutral,ऑनलाइन व्यापार
1940,अन्न वितरण संदर्भात काम सहज पूर्ण झाल्यामुळे आनंद झाला.,Positive,अन्न वितरण
1941,मोबाईल अॅप विषयात व्यवस्था अजिबात समाधानकारक वाटली नाही.,Negative,मोबाईल अॅप्स
1942,सरकारी सेवा विभागाबाबत याबाबत अधिकृत माहिती उद्या जाहीर केली जाईल.,Neutral,सरकारी सेवा
1943,"सोशल मीडिया संदर्भात सुरुवातीला शंका होती, पण शेवटी सर्व काही उत्तम झालं.",Positive,सामाजिक माध्यमे
1944,शेती विषयात आजचा अनुभव पूर्णपणे निराशाजनक होता.,Negative,शेती
1945,फॅशन विभागाबाबत आवश्यक कागदपत्रे तपासणीसाठी स्वीकारण्यात आली.,Neutral,वेशभूषा
1946,मनोरंजन संदर्भात अपेक्षेपेक्षा खूप चांगली सेवा मिळाली.,Positive,मनोरंजन
1947,ग्राहक सेवा विषयात सेवा अपेक्षेप्रमाणे मिळाली नाही.,Negative,ग्राहक सेवा
1948,सार्वजनिक वाहतूक विभागाबाबत नोंदणी प्रक्रिया नेहमीप्रमाणे सुरू आहे.,Neutral,सार्वजनिक वाहतूक
1949,ऑनलाइन खरेदी संदर्भात आजचा दिवस समाधान देणारा ठरला.,Positive,ऑनलाइन खरेदी
1950,कार्यालय विषयात यामुळे वेळ आणि मेहनत दोन्ही वाया गेले.,Negative,कार्यालय
1951,शिक्षण विभागाबाबत याबाबत अधिकृत माहिती उद्या जाहीर केली जाईल.,Neutral,शिक्षण
1952,"आरोग्य संदर्भात सुरुवातीला शंका होती, पण शेवटी सर्व काही उत्तम झालं.",Positive,आरोग्यसेवा
1953,तंत्रज्ञान विषयात आजचा अनुभव पूर्णपणे निराशाजनक होता.,Negative,तंत्रज्ञान
1954,बँकिंग विभागाबाबत आवश्यक कागदपत्रे तपासणीसाठी स्वीकारण्यात आली.,Neutral,बँकिंग
1955,प्रवास संदर्भात अपेक्षेपेक्षा खूप चांगली सेवा मिळाली.,Positive,प्रवास
1956,क्रीडा विषयात सेवा अपेक्षेप्रमाणे मिळाली नाही.,Negative,क्रीडा
1957,चित्रपट विभागाबाबत नोंदणी प्रक्रिया नेहमीप्रमाणे सुरू आहे.,Neutral,चित्रपट
1958,रेस्टॉरंट संदर्भात आजचा दिवस समाधान देणारा ठरला.,Positive,उपाहारगृह
1959,ई-कॉमर्स विषयात यामुळे वेळ आणि मेहनत दोन्ही वाया गेले.,Negative,ऑनलाइन व्यापार
1960,अन्न वितरण विभागाबाबत सर्व माहिती अधिकृत पोर्टलवर उपलब्ध करून देण्यात आली आहे.,Neutral,अन्न वितरण
1961,मोबाईल अॅप संदर्भात आजचा अनुभव इतका छान होता की पुन्हा इथे यावंसं वाटलं.,Positive,मोबाईल अॅप्स
1962,सरकारी सेवा विषयात वारंवार प्रयत्न करूनही काम पूर्ण झालं नाही.,Negative,सरकारी सेवा
1963,सोशल मीडिया विभागाबाबत पुढील टप्प्याचे काम पुढील आठवड्यात सुरू होईल.,Neutral,सामाजिक माध्यमे
1964,शेती संदर्भात सगळ्यांनी मिळून काम केल्यामुळे निकाल उत्कृष्ट आला.,Positive,शेती
1965,फॅशन विषयात लहानशा चुकीमुळे मोठा त्रास सहन करावा लागला.,Negative,वेशभूषा
1966,मनोरंजन विभागाबाबत बैठकीत पुढील नियोजनावर चर्चा झाली.,Neutral,मनोरंजन
1967,ग्राहक सेवा संदर्भात हा निर्णय योग्य ठरल्याचं आता जाणवत आहे.,Positive,ग्राहक सेवा
1968,सार्वजनिक वाहतूक विषयात पुन्हा पुन्हा तीच समस्या समोर आली.,Negative,सार्वजनिक वाहतूक
1969,ऑनलाइन खरेदी विभागाबाबत अंतिम निर्णय अद्याप प्रलंबित आहे.,Neutral,ऑनलाइन खरेदी
1970,कार्यालय संदर्भात नवीन सुविधा वापरताना कोणतीही अडचण आली नाही.,Positive,कार्यालय
1971,शिक्षण विषयात वारंवार प्रयत्न करूनही काम पूर्ण झालं नाही.,Negative,शिक्षण
1972,आरोग्य विभागाबाबत पुढील टप्प्याचे काम पुढील आठवड्यात सुरू होईल.,Neutral,आरोग्यसेवा
1973,तंत्रज्ञान संदर्भात सगळ्यांनी मिळून काम केल्यामुळे निकाल उत्कृष्ट आला.,Positive,तंत्रज्ञान
1974,बँकिंग विषयात लहानशा चुकीमुळे मोठा त्रास सहन करावा लागला.,Negative,बँकिंग
1975,प्रवास विभागाबाबत बैठकीत पुढील नियोजनावर चर्चा झाली.,Neutral,प्रवास
1976,क्रीडा संदर्भात हा निर्णय योग्य ठरल्याचं आता जाणवत आहे.,Positive,क्रीडा
1977,चित्रपट विषयात पुन्हा पुन्हा तीच समस्या समोर आली.,Negative,चित्रपट
1978,रेस्टॉरंट विभागाबाबत अंतिम निर्णय अद्याप प्रलंबित आहे.,Neutral,उपाहारगृह
1979,ई-कॉमर्स संदर्भात नवीन सुविधा वापरताना कोणतीही अडचण आली नाही.,Positive,ऑनलाइन व्यापार
1980,अन्न वितरण विषयात खूप वेळ वाट पाहूनही काहीच निष्पन्न झालं नाही.,Negative,अन्न वितरण
1981,मोबाईल अॅप विभागाबाबत आज फक्त प्राथमिक प्रक्रिया पूर्ण करण्यात आली.,Neutral,मोबाईल अॅप्स
1982,सरकारी सेवा संदर्भात लहानसा बदलही खूप उपयोगी ठरला.,Positive,सरकारी सेवा
1983,सोशल मीडिया विषयात कोणीही योग्य माहिती दिली नाही.,Negative,सामाजिक माध्यमे
1984,शेती विभागाबाबत संबंधित सूचना संकेतस्थळावर उपलब्ध आहेत.,Neutral,शेती
1985,फॅशन संदर्भात वेळेवर मदत मिळाल्यामुळे मोठी अडचण टळली.,Positive,वेशभूषा
1986,मनोरंजन विषयात शेवटच्या क्षणी सर्व नियोजन बिघडलं.,Negative,मनोरंजन
1987,ग्राहक सेवा विभागाबाबत वेळापत्रकात किरकोळ बदल करण्यात आले.,Neutral,ग्राहक सेवा
1988,सार्वजनिक वाहतूक संदर्भात काम सहज पूर्ण झाल्यामुळे आनंद झाला.,Positive,सार्वजनिक वाहतूक
1989,ऑनलाइन खरेदी विषयात व्यवस्था अजिबात समाधानकारक वाटली नाही.,Negative,ऑनलाइन खरेदी
1990,कार्यालय विभागाबाबत याबाबत अधिकृत माहिती उद्या जाहीर केली जाईल.,Neutral,कार्यालय
1991,शिक्षण संदर्भात लहानसा बदलही खूप उपयोगी ठरला.,Positive,शिक्षण
1992,आरोग्य विषयात कोणीही योग्य माहिती दिली नाही.,Negative,आरोग्यसेवा
1993,तंत्रज्ञान विभागाबाबत संबंधित सूचना संकेतस्थळावर उपलब्ध आहेत.,Neutral,तंत्रज्ञान
1994,बँकिंग संदर्भात वेळेवर मदत मिळाल्यामुळे मोठी अडचण टळली.,Positive,बँकिंग
1995,प्रवास विषयात शेवटच्या क्षणी सर्व नियोजन बिघडलं.,Negative,प्रवास
1996,क्रीडा विभागाबाबत वेळापत्रकात किरकोळ बदल करण्यात आले.,Neutral,क्रीडा
1997,चित्रपट संदर्भात काम सहज पूर्ण झाल्यामुळे आनंद झाला.,Positive,चित्रपट
1998,रेस्टॉरंट विषयात व्यवस्था अजिबात समाधानकारक वाटली नाही.,Negative,उपाहारगृह
1999,ई-कॉमर्स विभागाबाबत याबाबत अधिकृत माहिती उद्या जाहीर केली जाईल.,Neutral,ऑनलाइन व्यापार
2000,"अन्न वितरण संदर्भात सुरुवातीला शंका होती, पण शेवटी सर्व काही उत्तम झालं.",Positive,अन्न वितरण
2001,मी या वेबसाईटवरून मोबाईल मागवले आणि ते अत्यंत चांगल्या स्थितीत मिळाले.,Positive,ऑनलाइन व्यापार
2002,"मोबाईल ची डिलिव्हरी अपेक्षेपेक्षा दोन दिवस आधीच झाली, खूप छान अनुभव.",Positive,ऑनलाइन व्यापार
2003,"या ऑनलाईन स्टोअरवर मोबाईल वर उत्तम सूट मिळाली, पैसे वसूल झाले.",Positive,ऑनलाइन व्यापार
2004,"मोबाईल चे पॅकेजिंग अतिशय सुरक्षित आणि मजबूत होते, आनंद झाला.",Positive,ऑनलाइन व्यापार
2005,या ॲपवरील खरेदी प्रक्रिया अत्यंत सोपी आणि सुरक्षित वाटली.,Positive,ऑनलाइन व्यापार
2006,मी मागवलेला मोबाईल अगदी चित्रात दाखवल्याप्रमाणेच मूळ स्वरूपात आला.,Positive,ऑनलाइन व्यापार
2007,या प्लॅटफॉर्मवरील ग्राहक सेवा प्रतिनिधीने माझा प्रश्न त्वरित सोडवला.,Positive,ऑनलाइन व्यापार
2008,या दुकानातील मोबाईल ची गुणवत्ता बाजारातील इतर वस्तूंपेक्षा उत्तम आहे.,Positive,ऑनलाइन व्यापार
2009,उत्पादनाचा दर्जा उत्कृष्ट असून त्याचा वापर करणे सोपे आहे.,Positive,ऑनलाइन व्यापार
2010,परतावा आणि रिफंडची प्रक्रिया खूपच जलद आणि पारदर्शक आहे.,Positive,ऑनलाइन व्यापार
2011,या हॉटेलमधील पनीर मसाला ची चव अतिशय उत्कृष्ट आणि चविष्ट होती.,Positive,उपाहारगृह
2012,इथली सर्व्हिस खूपच जलद आहे आणि वेटरचे वर्तन नम्र होते.,Positive,उपाहारगृह
2013,हॉटेलमधील स्वच्छता आणि बसण्याची व्यवस्था अत्यंत मन प्रसन्न करणारी आहे.,Positive,उपाहारगृह
2014,कमी दरात इतके उत्कृष्ट आणि ताजे जेवण मिळणे खरोखरच कौतुकास्पद आहे.,Positive,उपाहारगृह
2015,या रेस्टॉरंटमधील पनीर मसाला ची मांडणी आणि सुगंध दोन्ही अप्रतिम होते.,Positive,उपाहारगृह
2016,कुटुंबासोबत भोजनाचा आस्वाद घेण्यासाठी हे शहरातील सर्वात उत्तम ठिकाण आहे.,Positive,उपाहारगृह
2017,जेवणाची ताजेतवाने गुणवत्ता पाहून मन पूर्णपणे तृप्त झाले.,Positive,उपाहारगृह
2018,मेन्यूमधील नवीन पनीर मसाला चा प्रयोग अत्यंत यशस्वी ठरला.,Positive,उपाहारगृह
2019,ऑर्डर दिल्यानंतर अवघ्या दहा मिनिटांत गरम जेवण टेबलवर आले.,Positive,उपाहारगृह
2020,या भोजनालयातील गोड पदार्थांची चव मनाला भुरळ पाडणारी आहे.,Positive,उपाहारगृह
2021,डॉक्टरांनी अत्यंत काळजीपूर्वक तपासणी करून योग्य सल्ला दिला.,Positive,आरोग्यसेवा
2022,रुग्णालयातील नर्सेस आणि कर्मचाऱ्यांचे सेवाभावी वर्तन मनाला धीर देते.,Positive,आरोग्यसेवा
2023,वेळेवर आणि योग्य उपचार मिळाल्यामुळे रुग्णाची प्रकृती वेगाने सुधारली.,Positive,आरोग्यसेवा
2024,या लॅबमधील रक्त तपासणीचे अहवाल अतिशय अचूक आणि जलद मिळाले.,Positive,आरोग्यसेवा
2025,औषधांचा सकारात्मक प्रभाव पडून वेदना तात्काळ कमी झाल्या.,Positive,आरोग्यसेवा
2026,रुग्णालयातील स्वच्छता आणि निर्जंतुकीकरण अत्यंत दर्जेदार आहे.,Positive,आरोग्यसेवा
2027,डॉक्टरांचे मार्गदर्शन आणि आपुलकीचे बोलणे रुग्णाला अर्धे बरे करते.,Positive,आरोग्यसेवा
2028,इथली रुग्णवाहिका सेवा वेळेवर पोहोचल्यामुळे मोठा अनर्थ टळला.,Positive,आरोग्यसेवा
2029,अत्याधुनिक वैद्यकीय तंत्रज्ञानामुळे आजाराचे अचूक निदान शक्य झाले.,Positive,आरोग्यसेवा
2030,आरोग्य शिबिरात मोफत आणि उत्कृष्ट वैद्यकीय तपासणी करण्यात आली.,Positive,आरोग्यसेवा
2031,या महाविद्यालयातील प्राध्यापक क्लिष्ट विषय अतिशय सोप्या भाषेत समजावतात.,Positive,शिक्षण
2032,शाळेतील समृद्ध ग्रंथालयामुळे विद्यार्थ्यांना अभ्यासात मोठा फायदा होतो.,Positive,शिक्षण
2033,या ऑनलाईन कोर्समधील व्हिडिओ लेक्चर्स अत्यंत अभ्यासपूर्ण आणि रंजक आहेत.,Positive,शिक्षण
2034,शिक्षकांच्या योग्य मार्गदर्शनामुळे मला परीक्षेत उत्कृष्ट गुण मिळाले.,Positive,शिक्षण
2035,शाळेत राबवले जाणारे उपक्रम विद्यार्थ्यांच्या सर्वांगीण विकासासाठी उत्तम आहेत.,Positive,शिक्षण
2036,या ॲपवरील अभ्यासाचे साहित्य अतिशय सोपे आणि स्पष्ट आहे.,Positive,शिक्षण
2037,वर्गखोल्यांमध्ये स्मार्ट बोर्डचा वापर केल्यामुळे शिकणे आनंददायी बनते.,Positive,शिक्षण
2038,शिक्षकांचे प्रत्येक विद्यार्थ्याकडे असणारे वैयक्तिक लक्ष कौतुकास्पद आहे.,Positive,शिक्षण
2039,या प्रशिक्षण संस्थेने मला नवीन कौशल्ये शिकण्यास मोलाची मदत केली.,Positive,शिक्षण
2040,शाळेतील क्रीडापटू आणि कलाकारांना उत्तम प्रोत्साहन दिले जाते.,Positive,शिक्षण
2041,या चित्रपटाची पटकथा आणि दिग्दर्शन अत्यंत प्रभावी आणि पकड घेणारे आहे.,Positive,चित्रपट
2042,मुख्य अभिनेत्याचा अभिनय उत्कृष्ट असून संवादफेक वाखाणण्याजोगी आहे.,Positive,चित्रपट
2043,चित्रपटाचे संगीत आणि पार्श्वसंगीत प्रसंगाला साजेसे आणि मधुर आहे.,Positive,चित्रपट
2044,हा चित्रपट प्रेक्षकांना शेवटपर्यंत खुर्चीला खिळवून ठेवण्यात यशस्वी होतो.,Positive,चित्रपट
2045,चित्रपटातील छायांकन आणि दृश्य सौंदर्य अतिशय विहंगम आहे.,Positive,चित्रपट
2046,चित्रपटाचा संदेश अतिशय अर्थपूर्ण आणि सामाजिक प्रबोधन करणारा आहे.,Positive,चित्रपट
2047,ॲक्शन दृश्ये अत्यंत वास्तववादी आणि चित्तथरारक पद्धतीने चित्रित केली आहेत.,Positive,चित्रपट
2048,हा कौटुंबिक चित्रपट सर्वांनी एकत्र बसून पाहण्यासारखा आहे.,Positive,चित्रपट
2049,चित्रपटातील विनोद अतिशय नैसर्गिक असून निखळ आनंद देतात.,Positive,चित्रपट
2050,दिग्दर्शकाने कथेची मांडणी अतिशय कल्पकतेने केली आहे.,Positive,चित्रपट
2051,या बँकेचे मोबाईल ॲप्लिकेशन अतिशय सुरक्षित आणि वापरण्यास सोपे आहे.,Positive,बँकिंग
2052,बँक कर्मचाऱ्यांनी माझे खाते उघडण्याचे काम अत्यंत वेगाने पूर्ण केले.,Positive,बँकिंग
2053,कर्ज मंजुरीची प्रक्रिया अत्यंत पारदर्शक आणि कमी कागदपत्रांत झाली.,Positive,बँकिंग
2054,बँकेच्या एटीएममधून त्वरित आणि विनाअडथळा पैसे काढता आले.,Positive,बँकिंग
2055,ग्राहक सेवा केंद्रातील प्रतिनिधीने माझ्या समस्येचे तात्काळ निवारण केले.,Positive,बँकिंग
2056,मुदत ठेवीवर ही बँक बाजारात सर्वात उत्तम व्याजदर देत आहे.,Positive,बँकिंग
2057,इंटरनेट बँकिंगद्वारे पैसे ट्रान्सफर करणे खूपच जलद आणि सोयीचे आहे.,Positive,बँकिंग
2058,बँकेच्या शाखेतील स्वच्छता आणि रांगेचे नियोजन शिस्तबद्ध होते.,Positive,बँकिंग
2059,क्रेडिट कार्डवरील रिवॉर्ड पॉईंट्स आणि सवलती खरोखरच फायदेशीर आहेत.,Positive,बँकिंग
2060,कमी सेवा शुल्कात उत्तम बँकिंग सुविधा मिळणे ही कौतुकास्पद बाब आहे.,Positive,बँकिंग
2061,आमची ही पर्यटन सहल अतिशय आनंददायी आणि अविस्मरणीय ठरली.,Positive,प्रवास
2062,ट्रॅव्हल एजन्सीने केलेली राहण्याची आणि प्रवासाची व्यवस्था उत्कृष्ट होती.,Positive,प्रवास
2063,प्रवास मार्गदर्शकाने सर्व ऐतिहासिक स्थळांची सविस्तर माहिती दिली.,Positive,प्रवास
2064,पर्यटन स्थळावरील नैसर्गिक सौंदर्य आणि शांतता मन प्रसन्न करणारी होती.,Positive,प्रवास
2065,प्रवासादरम्यानची गाडी अतिशय आरामदायक आणि स्वच्छ होती.,Positive,प्रवास
2066,कमी बजेटमध्ये इतकी सुंदर सहल आयोजित केल्याबद्दल धन्यवाद.,Positive,प्रवास
2067,"पर्यटन प्लॅननुसार सर्व ठिकाणे वेळेत पाहता आली, खूप समाधान वाटले.",Positive,प्रवास
2068,स्थानिक लोकांचे आदरातिथ्य आणि वर्तन अतिशय प्रेमळ होते.,Positive,प्रवास
2069,डोंगरदऱ्यांमधील निसर्गरम्य रस्ता आणि प्रवास थक्क करणारा होता.,Positive,प्रवास
2070,कुटुंबासोबत घालवलेले हे सुट्टीचे दिवस मनाला नवा उत्साह देऊन गेले.,Positive,प्रवास
2071,या नवीन सॉफ्टवेअरमुळे आमचे दैनंदिन काम खूपच सोपे आणि जलद झाले.,Positive,तंत्रज्ञान
2072,"या लॅपटॉपचा प्रोसेसर अतिशय वेगाने काम करतो, अजिबात हँग होत नाही.",Positive,तंत्रज्ञान
2073,या तंत्रज्ञानामुळे माहितीची देवाणघेवाण अत्यंत सुरक्षित झाली आहे.,Positive,तंत्रज्ञान
2074,सिस्टीमचे नवीन अपडेट अतिशय उपयुक्त वैशिष्ट्ये घेऊन आले आहे.,Positive,तंत्रज्ञान
2075,या उपकरणाची बॅटरी लाईफ खूपच उत्तम असून ती दिवसभर टिकते.,Positive,तंत्रज्ञान
2076,ॲप्लिकेशनचा युझर इंटरफेस अत्यंत आधुनिक आणि वापरण्यास सोपा आहे.,Positive,तंत्रज्ञान
2077,क्लाउड स्टोरेजमुळे सर्व महत्त्वाचा डेटा सुरक्षित ठेवता येतो.,Positive,तंत्रज्ञान
2078,या डिव्हाइसचा कॅमेरा अतिशय स्पष्ट आणि उच्च दर्जाचे फोटो काढतो.,Positive,तंत्रज्ञान
2079,कृत्रिम बुद्धिमत्तेचा वापर करून तयार केलेले हे टूल खूपच प्रभावी आहे.,Positive,तंत्रज्ञान
2080,तंत्रज्ञानाच्या योग्य वापरामुळे वेळेची आणि श्रमाची मोठी बचत होते.,Positive,तंत्रज्ञान
2081,भारतीय संघाने कालच्या सामन्यात अतिशय चमकदार कामगिरी केली.,Positive,क्रीडा
2082,खेळाडूने दाखवलेले क्रीडा कौशल्य आणि संयम खरोखरच वाखाणण्याजोगा होता.,Positive,क्रीडा
2083,मैदानावरील प्रेक्षकांचा उत्साह आणि खेळाडूंचा आत्मविश्वास उच्च दर्जाचा होता.,Positive,क्रीडा
2084,कर्णधाराने घेतलेला मोक्याच्या क्षणीचा निर्णय विजयासाठी निर्णायक ठरला.,Positive,क्रीडा
2085,धावपटूने नवीन राष्ट्रीय विक्रम प्रस्थापित करून देशाचे नाव उज्ज्वल केले.,Positive,क्रीडा
2086,सामन्याचा शेवटचा षटक अतिशय रोमांचक आणि थरारक झाला.,Positive,क्रीडा
2087,स्पर्धकांनी दाखवलेली क्रीडा भावना आणि खिलाडूपणा कौतुकास्पद होता.,Positive,क्रीडा
2088,प्रशिक्षक आणि खेळाडूंच्या कठोर परिश्रमाचे फळ या विजयातून मिळाले.,Positive,क्रीडा
2089,युवा खेळाडूने पदार्पणाच्याच सामन्यात उत्कृष्ट शतक झळकावले.,Positive,क्रीडा
2090,मैदानाची देखभाल आणि खेळपट्टीची गुणवत्ता अतिशय उत्तम होती.,Positive,क्रीडा
2091,सरकारी कार्यालयातील अधिकाऱ्यांनी माझी तक्रार गांभीर्याने ऐकून घेतली.,Positive,सरकारी सेवा
2092,ऑनलाईन पोर्टलमुळे उत्पन्नाचा दाखला अवघ्या दोन दिवसांत मिळाला.,Positive,सरकारी सेवा
2093,पासपोर्ट कार्यालयातील पडताळणी प्रक्रिया अत्यंत वेगाने पार पडली.,Positive,सरकारी सेवा
2094,शासकीय योजनेचा लाभ थेट गरजू नागरिकांपर्यंत पोहोचत आहे.,Positive,सरकारी सेवा
2095,आधार कार्ड दुरुस्तीचे काम केंद्रावर विनाअडथळा आणि सुरळीत झाले.,Positive,सरकारी सेवा
2096,सरकारी रुग्णालयातील सुविधा आणि डॉक्टरांची सेवा उत्तम होती.,Positive,सरकारी सेवा
2097,ऑनलाईन अर्ज प्रणालीमुळे वेळेची आणि पैशांची मोठी बचत झाली.,Positive,सरकारी सेवा
2098,शासकीय कार्यालयातील कर्मचाऱ्यांचे सहकार्य आणि सौजन्य कौतुकास्पद होते.,Positive,सरकारी सेवा
2099,रस्ते विकासाचे काम अत्यंत दर्जेदार आणि वेळेत पूर्ण झाले आहे.,Positive,सरकारी सेवा
2100,योजनेची माहिती देणारे केंद्र नागरिकांसाठी अतिशय उपयुक्त ठरत आहे.,Positive,सरकारी सेवा
2101,या मॉलमध्ये सर्व ब्रँड्सची कपडे एकाच छताखाली उपलब्ध आहेत.,Positive,खरेदी
2102,कपड्यांची गुणवत्ता आणि कापडाचा दर्जा अतिशय मऊ आणि उत्तम आहे.,Positive,खरेदी
2103,मॉलमधील सेलमुळे मला आवडते कपडे अर्ध्या किंमतीत मिळाले.,Positive,खरेदी
2104,दुकानदाराने दाखवलेले कपड्यांचे प्रकार आणि डिझाईन्स खूप सुंदर होते.,Positive,खरेदी
2105,शॉपिंग कॉम्प्लेक्समध्ये ट्रायल रूम्स आणि स्वच्छता अतिशय उत्तम होती.,Positive,खरेदी
2106,इथल्या शूजच्या कलेक्शनमध्ये आधुनिक डिझाईन्स पाहायला मिळतात.,Positive,खरेदी
2107,खरेदीवर मिळालेली कॅशबॅक ऑफर खरोखरच आनंददायी होती.,Positive,खरेदी
2108,लहान मुलांच्या खेळण्यांचे आणि कपड्यांचे उत्तम पर्याय इथे उपलब्ध आहेत.,Positive,खरेदी
2109,ग्राहकांसाठी दिलेली सवलत आणि भेटवस्तूंची योजना खूप छान आहे.,Positive,खरेदी
2110,दुकानातील कर्मचाऱ्यांनी वस्तू निवडण्यात मोलाची मदत केली.,Positive,खरेदी
2111,हे ॲप मोबाईलमध्ये अतिशय जलद चालते आणि अजिबात लॅग होत नाही.,Positive,मोबाईल अॅप्स
2112,ॲपचे नवीन व्हर्जन अतिशय आकर्षक आणि उपयुक्त फीचर्ससह आले आहे.,Positive,मोबाईल अॅप्स
2113,या पेमेंट ॲपवरून सर्व बिले एका क्लिकवर सहज भरता येतात.,Positive,मोबाईल अॅप्स
2114,या ॲपमधील डार्क मोड पर्याय डोळ्यांना खूप आराम देणारा आहे.,Positive,मोबाईल अॅप्स
2115,ॲप इन्स्टॉल करणे आणि वापरणे अतिशय सोपे आणि सुटसुटीत आहे.,Positive,मोबाईल अॅप्स
2116,या ॲपमुळे दैनंदिन कामांचे नियोजन करणे खूप सोपे झाले आहे.,Positive,मोबाईल अॅप्स
2117,ॲपची सिक्युरिटी सिस्टीम अतिशय मजबूत असून डेटा सुरक्षित राहतो.,Positive,मोबाईल अॅप्स
2118,अॅपवर मिळणारे नोटिफिकेशन्स वेळेवर आणि माहितीपूर्ण असतात.,Positive,मोबाईल अॅप्स
2119,कमी स्टोरेज जागेत चालणारे हे ॲप अतिशय उपयुक्त आहे.,Positive,मोबाईल अॅप्स
2120,ग्राहकांच्या अभिप्रायानुसार ॲपमध्ये केलेले बदल कौतुकास्पद आहेत.,Positive,मोबाईल अॅप्स
2121,"हॉटेलमधील खोली अतिशय स्वच्छ, हवेशीर आणि आरामदायक होती.",Positive,हॉटेल्स
2122,हॉटेलच्या बाल्कनीतून दिसणारा निसर्गरम्य देखावा अतिशय विलोभनीय होता.,Positive,हॉटेल्स
2123,हॉटेल स्टाफचे आदरातिथ्य आणि स्वागत करण्याची पद्धत मनाला भावली.,Positive,हॉटेल्स
2124,इथला स्विमिंग पूल आणि जिमच्या सुविधा अतिशय उत्तम दर्जाच्या आहेत.,Positive,हॉटेल्स
2125,सकाळच्या नाश्त्यात मिळणारे विविध पदार्थ ताजे आणि चविष्ट होते.,Positive,हॉटेल्स
2126,शांत आणि निसर्गरम्य वातावरणामुळे हॉटेलमधील मुक्काम सुखद ठरला.,Positive,हॉटेल्स
2127,रूम सर्व्हिस अतिशय तत्पर असून एका फोनवर सेवा उपलब्ध झाली.,Positive,हॉटेल्स
2128,हॉटेलचे लोकेशन मुख्य शहरापासून जवळ आणि सोयीचे आहे.,Positive,हॉटेल्स
2129,बाथरुममधील स्वच्छता आणि गरम पाण्याची सोय उत्तम होती.,Positive,हॉटेल्स
2130,हॉटेलमधील वाय-फाय स्पीड अतिशय जलद असून काम करणे सोपे झाले.,Positive,हॉटेल्स
2131,मेट्रो रेल्वेमुळे शहरात वेगाने आणि विनाअडथळा प्रवास करता येतो.,Positive,वाहतूक
2132,नवीन एसी बसचा प्रवास अतिशय आरामदायक आणि थंडगार होता.,Positive,वाहतूक
2133,बसचे वेळापत्रक अतिशय अचूक असून बस वेळेवर स्थानकावर आली.,Positive,वाहतूक
2134,तिकीट बुकिंग ऑनलाईन झाल्यामुळे लांब रांगेत उभे राहावे लागले नाही.,Positive,वाहतूक
2135,चालकाने गाडी अतिशय सुरक्षितपणे आणि नियमांचे पालन करून चालवली.,Positive,वाहतूक
2136,रिक्षाचालकाने मीटरप्रमाणेच भाडे घेतले आणि सहकार्य केले.,Positive,वाहतूक
2137,रेल्वे स्थानकावरील स्वच्छता आणि उद्घोषणेची सोय उत्तम होती.,Positive,वाहतूक
2138,प्रवाशांच्या सुरक्षेसाठी बसमध्ये बसवलेले कॅमेरे कौतुकास्पद आहेत.,Positive,वाहतूक
2139,इलेक्ट्रिक बसमुळे प्रदूषण कमी होण्यास मोठी मदत होत आहे.,Positive,वाहतूक
2140,प्रवाशांसाठी असणारी आसने मऊ आणि आरामदायी आहेत.,Positive,वाहतूक
2141,ग्राहक सेवा प्रतिनिधीने माझी समस्या अतिशय शांतपणे ऐकून घेतली.,Positive,ग्राहक सेवा
2142,फोन केल्यावर अवघ्या दोन मिनिटांत कस्टमर केअरशी संपर्क झाला.,Positive,ग्राहक सेवा
2143,माझ्या तांत्रिक समस्येचे तात्काळ आणि योग्य निवारण करण्यात आले.,Positive,ग्राहक सेवा
2144,कस्टमर सपोर्ट टीमचे वर्तन अतिशय व्यावसायिक आणि सहकार्याचे होते.,Positive,ग्राहक सेवा
2145,चॅट बॉटद्वारे दिलेल्या उत्तरांमुळे माझी शंका त्वरित दूर झाली.,Positive,ग्राहक सेवा
2146,तक्रार नोंदवल्यानंतर चोवीस तासांच्या आत मला पूर्ण मदत मिळाली.,Positive,ग्राहक सेवा
2147,प्रतिनिधीने दिलेली माहिती अतिशय स्पष्ट आणि मार्गदर्शन करणारी होती.,Positive,ग्राहक सेवा
2148,कंपनीची ग्राहक सेवा ही उद्योगातील सर्वात सर्वोत्तम सेवा आहे.,Positive,ग्राहक सेवा
2149,ग्राहकांच्या समाधानाला प्राधान्य देणारी ही कंपनी खरोखरच महान आहे.,Positive,ग्राहक सेवा
2150,ई-मेलद्वारे पाठवलेल्या प्रश्नाचे त्वरित आणि सविस्तर उत्तर मिळाले.,Positive,ग्राहक सेवा
2151,काल रात्री झालेला संगीताचा कार्यक्रम अतिशय सुरेल आणि रंगतदार झाला.,Positive,मनोरंजन
2152,नाटकातील कलाकारांच्या जिवंत अभिनयाने प्रेक्षकांना मंत्रमुग्ध केले.,Positive,मनोरंजन
2153,स्टँडअप कॉमेडी शोमधील विनोदांनी प्रेक्षकांना हसून हसून लोटपोट केले.,Positive,मनोरंजन
2154,सांस्कृतिक कार्यक्रमाची मांडणी आणि प्रकाशयोजना अतिशय भव्य होती.,Positive,मनोरंजन
2155,जादूच्या प्रयोगाने लहानांपासून मोठ्यांपर्यंत सर्वांचे मनोरंजन केले.,Positive,मनोरंजन
2156,नृत्याविष्कार अतिशय ऊर्जावान आणि तालासुरबद्ध होता.,Positive,मनोरंजन
2157,सर्कसमधील जोकरच्या करामतींनी मुलांना खूप आनंद दिला.,Positive,मनोरंजन
2158,रेडिओ शोमधील सूत्रसंचालन अतिशय रंजक आणि प्रभावी होते.,Positive,मनोरंजन
2159,ओटीटी प्लॅटफॉर्मवरील ही वेब सिरीज अतिशय थरारक आणि रंजक आहे.,Positive,मनोरंजन
2160,संगीताच्या महोत्सवात दिग्गज गायकांच्या गायकीचा आस्वाद घेता आला.,Positive,मनोरंजन
2161,यावर्षी योग्य पाऊस झाल्यामुळे पिकांची वाढ अतिशय जोमदार झाली आहे.,Positive,शेती
2162,ड्रिप इरिगेशन तंत्रज्ञानामुळे पाण्याची आणि खतांची मोठी बचत झाली.,Positive,शेती
2163,जैविक खतांचा वापर केल्यामुळे जमिनीची सुपीकता वाढण्यास मदत झाली.,Positive,शेती
2164,शेतकऱ्याला त्याच्या शेतमालाला बाजारात उत्तम भाव मिळाला.,Positive,शेती
2165,आधुनिक ट्रॅक्टर आणि उपकरणांमुळे शेतीची कामे वेगाने पूर्ण झाली.,Positive,शेती
2166,सेंद्रिय शेतीतून पिकवलेला भाजीपाला आरोग्यदायी आणि चविष्ट आहे.,Positive,शेती
2167,कृषी तज्ज्ञांच्या सल्ल्यामुळे पिकावरील कीड वेळेत नियंत्रणात आली.,Positive,शेती
2168,शासकीय योजनेतून मिळालेल्या सोलर पंपाचा शेतकऱ्याला मोठा फायदा झाला.,Positive,शेती
2169,फळबागेचे उत्पन्न अपेक्षेपेक्षा जास्त निघाल्याने शेतकरी आनंदी आहे.,Positive,शेती
2170,बियाण्यांची उगवण क्षमता उत्तम असल्यामुळे शेतात हिरवळ पसरली आहे.,Positive,शेती
2171,या सोशल मीडिया प्लॅटफॉर्ममुळे जुन्या मित्रांशी पुन्हा संपर्क झाला.,Positive,सामाजिक माध्यमे
2172,माहितीपूर्ण आणि प्रेरणादायी व्हिडिओ सोशल मीडियावर खूप आवडले.,Positive,सामाजिक माध्यमे
2173,या ग्रुपच्या माध्यमातून ज्ञानवर्धक माहितीची देवाणघेवाण होते.,Positive,सामाजिक माध्यमे
2174,माझ्या पोस्टला नेटिझन्सकडून अतिशय सकारात्मक प्रतिसाद मिळाला.,Positive,सामाजिक माध्यमे
2175,डिजिटल प्लॅटफॉर्ममुळे लहान कलाकारांना आपले कौशल्य दाखवण्याची संधी मिळाली.,Positive,सामाजिक माध्यमे
2176,सोशल मीडियावरील शैक्षणिक पेजेस विद्यार्थ्यांसाठी उपयुक्त ठरत आहेत.,Positive,सामाजिक माध्यमे
2177,या ॲपवरील लाईव्ह सेशनमध्ये तज्ज्ञांचे मोलाचे मार्गदर्शन मिळाले.,Positive,सामाजिक माध्यमे
2178,नवीन ट्रेंडिंग गाण्यांमुळे रील बनवणे आनंददायी वाटत आहे.,Positive,सामाजिक माध्यमे
2179,नेटवर्किंग वाढवण्यासाठी हे प्रोफेशनल प्लॅटफॉर्म अतिशय उत्तम आहे.,Positive,सामाजिक माध्यमे
2180,सकारात्मक विचार आणि बातम्या पसरवणारे हे पेज नक्की फॉलो करावे.,Positive,सामाजिक माध्यमे
2181,आज सकाळचे वातावरण अतिशय आल्हाददायक आणि गारवा देणारे आहे.,Positive,हवामान
2182,मुसळधार पावसामुळे निसर्गाचे रूप अतिशय सुंदर आणि हिरवेगार दिसत आहे.,Positive,हवामान
2183,संध्याकाळचा गार वारा आणि ढगाळ हवामान मनाला शांतता प्रदान करते.,Positive,हवामान
2184,हवामान खात्याचा पावसाचा अंदाज अगदी तंतोतंत खरा ठरला.,Positive,हवामान
2185,उन्हाळ्याच्या त्रासानंतर पडलेल्या पहिल्या पावसाच्या सरींनी सुखद दिलासा दिला.,Positive,हवामान
2186,थंडीच्या दिवसांतील कोवळे ऊन अंगाला अतिशय छान आणि उबदार वाटते.,Positive,हवामान
2187,हवामानातील हा सकारात्मक बदल पर्यटनासाठी अतिशय अनुकूल आहे.,Positive,हवामान
2188,पावसाळ्यानंतरचे स्वच्छ आकाश आणि ताजी हवा आरोग्यासाठी उत्तम आहे.,Positive,हवामान
2189,धुक्याने वेढलेली सकाळ आणि पर्वतांचे दृश्य अतिशय नयनरम्य दिसते.,Positive,हवामान
2190,रिमझिम पावसात गरम चहा पिण्याचा आनंद काही वेगळाच असतो.,Positive,हवामान
2191,कंपनीचे कार्यालयीन वातावरण अतिशय सकारात्मक आणि सहकार्याचे आहे.,Positive,रोजगार
2192,वरिष्ठ अधिकाऱ्यांनी माझ्या कामाची दखल घेऊन मला पदोन्नती दिली.,Positive,रोजगार
2193,वेळेवर मिळणारे वेतन आणि इतर भत्ते कर्मचाऱ्यांना प्रोत्साहन देतात.,Positive,रोजगार
2194,मुलाखतीची प्रक्रिया अतिशय पारदर्शक आणि व्यावसायिक पद्धतीने पार पडली.,Positive,रोजगार
2195,कंपनीमध्ये वर्क-लाईफ बॅलन्स जपणे अतिशय सोपे जाते.,Positive,रोजगार
2196,नवीन कर्मचाऱ्यांसाठी आयोजित केलेले प्रशिक्षण सत्र अतिशय उपयुक्त होते.,Positive,रोजगार
2197,कर्मचाऱ्यांच्या आरोग्याची आणि सुरक्षेची कंपनीत उत्तम काळजी घेतली जाते.,Positive,रोजगार
2198,उत्कृष्ट कामगिरीबद्दल मला या महिन्यात बेस्ट एम्प्लॉयी पुरस्कार मिळाला.,Positive,रोजगार
2199,कामाच्या ठिकाणी असणारी सहकार्याची भावना कार्यक्षमता वाढवते.,Positive,रोजगार
2200,या आयटी कंपनीतील वर्क फ्रॉम होमची सुविधा खूपच सोयीची आहे.,Positive,रोजगार
2201,"मी मागवलेली वस्तू पूर्णपणे तुटलेल्या स्थितीत मिळाली, अत्यंत वाईट अनुभव.",Negative,ऑनलाइन व्यापार
2202,ऑर्डरची डिलिव्हरी मिळायला तब्बल दोन आठवडे उशीर झाला.,Negative,ऑनलाइन व्यापार
2203,वेबसाईटवर दाखवलेला रंग आणि प्रत्यक्षात आलेला कपडा यात खूप फरक आहे.,Negative,ऑनलाइन व्यापार
2204,वस्तू परत करूनही महिनाभर माझे पैसे बँक खात्यात जमा झाले नाहीत.,Negative,ऑनलाइन व्यापार
2205,उत्पादनाचा दर्जा अत्यंत निकृष्ट असून माझी आर्थिक फसवणूक झाली.,Negative,ऑनलाइन व्यापार
2206,ग्राहक सेवा केंद्रातील प्रतिनिधीने अत्यंत उद्धटपणे उत्तर दिले.,Negative,ऑनलाइन व्यापार
2207,पॅकेजिंग इतके खराब होते की आतील वस्तू उघडी पडली होती.,Negative,ऑनलाइन व्यापार
2208,ॲपवर खरेदी करताना वारंवार पेमेंट फेल्युअरचा सामना करावा लागला.,Negative,ऑनलाइन व्यापार
2209,नवीन वस्तूऐवजी जुनी आणि वापरलेली वस्तू पाठवून दिली.,Negative,ऑनलाइन व्यापार
2210,वस्तू गहाळ झाली तरी कंपनीने त्याची कोणतीही भरपाई दिली नाही.,Negative,ऑनलाइन व्यापार
2211,जेवणाची चव अतिशय खराब होती आणि अन्न अजिबात ताजे नव्हते.,Negative,उपाहारगृह
2212,"ऑर्डर दिल्यानंतर तासाभर वाट पाहावी लागली, सर्व्हिस अतिशय मंद आहे.",Negative,उपाहारगृह
2213,हॉटेलमधील टेबल आणि भांडी अत्यंत घाणेरडी आणि चिकट होती.,Negative,उपाहारगृह
2214,अन्नाचा दर्जा आणि प्रमाण पाहता दर अतिशय महाग आणि अवाजवी वाटले.,Negative,उपाहारगृह
2215,सूपमध्ये माशी आढळल्यामुळे आमचा पूर्ण मूड खराब झाला.,Negative,उपाहारगृह
2216,वेटरचे वर्तन ग्राहकांशी अतिशय अशिष्ट आणि उद्धट होते.,Negative,उपाहारगृह
2217,"जेवण थंड आणि अळणी होते, अजिबात चव नव्हती.",Negative,उपाहारगृह
2218,मेन्यूमधील अर्ध्याहून अधिक पदार्थ उपलब्धच नव्हते.,Negative,उपाहारगृह
2219,रेस्टॉरंटमध्ये खूप गोंधळ आणि असह्य दुर्गंधी पसरली होती.,Negative,उपाहारगृह
2220,ऑनलाईन बुकिंग करूनही आम्हाला अर्धा तास बाहेर उभे राहावे लागले.,Negative,उपाहारगृह
2221,डॉक्टरांनी रुग्णाला न तपासता अत्यंत निष्काळजीपणे औषधे लिहून दिली.,Negative,आरोग्यसेवा
2222,रुग्णालयाचे बिल अवाजवी आले असून त्यात अनेक अनावश्यक खर्च जोडले.,Negative,आरोग्यसेवा
2223,तपासणीसाठी रुग्णाला दोन तास वेदनेत रांगेत उभे राहावे लागले.,Negative,आरोग्यसेवा
2224,रुग्णालयातील बाथरुम आणि वॉर्डमध्ये प्रचंड घाण पसरली होती.,Negative,आरोग्यसेवा
2225,औषध घेतल्यावर उलट्या आणि ॲलर्जीचा त्रास सुरू झाला.,Negative,आरोग्यसेवा
2226,नर्सेसचे वर्तन रुग्णाशी अतिशय अरेरावीचे आणि निष्ठुर होते.,Negative,आरोग्यसेवा
2227,लॅब तपासणीचा अहवाल चुकीचा आल्यामुळे चुकीचे उपचार सुरू झाले.,Negative,आरोग्यसेवा
2228,अत्यावश्यक सेवेत रुग्णवाहिका वेळेवर न पोहोचल्यामुळे अडचण निर्माण झाली.,Negative,आरोग्यसेवा
2229,डॉक्टर वेळेवर न आल्यामुळे रुग्णाचा ताटकळत जीव गेला.,Negative,आरोग्यसेवा
2230,वैद्यकीय उपकरणांची स्वच्छता न ठेवल्यामुळे संसर्ग पसरला.,Negative,आरोग्यसेवा
2231,प्राध्यापक वर्गात वेळेवर येत नाहीत आणि शिकवणे समजायला कठीण आहे.,Negative,शिक्षण
2232,शाळेतील स्वच्छतागृहे अतिशय घाणेरडी असून तिथे दुर्गंधी येते.,Negative,शिक्षण
2233,अभ्यासक्रम वेळेत पूर्ण न झाल्यामुळे विद्यार्थ्यांवर परीक्षेचा ताण आला.,Negative,शिक्षण
2234,ऑनलाईन वर्गात सतत तांत्रिक अडचणी येत असल्यामुळे शिक्षण विस्कळीत झाले.,Negative,शिक्षण
2235,शाळेचे शुल्क प्रचंड वाढवले असून त्या तुलनेत सुविधा काहीच नाहीत.,Negative,शिक्षण
2236,ग्रंथालयात पुरेशी आणि नवीन आव्हानात्मक पुस्तके उपलब्ध नाहीत.,Negative,शिक्षण
2237,शिक्षकांचे काही ठराविक विद्यार्थ्यांकडेच पक्षपाती लक्ष असते.,Negative,शिक्षण
2238,प्रयोगशाळेतील उपकरणे जुनी आणि नादुरुस्त स्थितीत आहेत.,Negative,शिक्षण
2239,पालक-शिक्षक बैठकीत प्रशासनाने पालकांच्या समस्या ऐकून घेतल्या नाहीत.,Negative,शिक्षण
2240,शैक्षणिक ॲप वारंवार क्रॅश होते आणि लॉगिन होत नाही.,Negative,शिक्षण
2241,"चित्रपटाची कथा अतिशय बोअरिंग, निराशाजनक आणि अर्थहीन होती.",Negative,चित्रपट
2242,मुख्य अभिनेत्याचा अभिनय अतिशय कृत्रिम आणि निराशाजनक वाटला.,Negative,चित्रपट
2243,चित्रपटाचा उत्तरार्ध इतका ताणला आहे की सिनेमागृहात झोप येते.,Negative,चित्रपट
2244,चित्रपटाचे संगीत अतिशय कर्णकर्कश आणि असह्य वाटत होते.,Negative,चित्रपट
2245,"दिग्दर्शनाने कथेचा पुरता बोजवारा उडवला आहे, पैसे वाया गेले.",Negative,चित्रपट
2246,चित्रपटातील व्हीएफएक्स आणि स्पेशल इफेक्ट्स अतिशय सुमार दर्जाचे होते.,Negative,चित्रपट
2247,चित्रपटातील संवाद अतिशय अर्थहीन आणि बालिश वाटत होते.,Negative,चित्रपट
2248,चित्रपटात अनावश्यक हिंसाचार आणि अश्लीलता दाखवली आहे.,Negative,चित्रपट
2249,सिनेमागृहातील आसने तुटलेली आणि वातानुकूलन यंत्रणा बंद होती.,Negative,चित्रपट
2250,प्रसिद्ध अभिनेते असूनही चित्रपटाचा दर्जा अत्यंत खालचा होता.,Negative,चित्रपट
2251,बँकेचे मोबाईल ॲप वारंवार सर्व्हर डाऊन असल्यामुळे उघडतच नाही.,Negative,बँकिंग
2252,बँक कर्मचारी कामात अतिशय संथ असून ग्राहकांना ताटकळत ठेवतात.,Negative,बँकिंग
2253,खात्यातून कोणतेही कारण नसताना गुप्त शुल्क कापले गेले.,Negative,बँकिंग
2254,एटीएममध्ये रोख रक्कम उपलब्ध नसल्यामुळे नागरिकांची गैरसोय झाली.,Negative,बँकिंग
2255,क्रेडिट कार्डच्या बिलात चुकीची रक्कम लावून ग्राहकाची लूट केली.,Negative,बँकिंग
2256,ग्राहकाच्या समस्येचे निरसन करण्यास कस्टमर केअर असमर्थ ठरले.,Negative,बँकिंग
2257,कर्ज अर्जाची प्रक्रिया महिना उलटूनही रखडलेलीच आहे.,Negative,बँकिंग
2258,बँकेच्या शाखेत नागरिकांसाठी बसण्याची कोणतीही सोय नव्हती.,Negative,बँकिंग
2259,पासबुक प्रिंटिंग मशीन नेहमीच बंद अवस्थेत असते.,Negative,बँकिंग
2260,खाते बंद करण्यासाठी कर्मचाऱ्यांनी पाच वेळा फेऱ्या मारायला लावल्या.,Negative,बँकिंग
2261,"ट्रॅव्हल्सची बस अतिशय जुनी, घाणेरडी आणि खडखडणारी होती.",Negative,प्रवास
2262,प्रवासादरम्यान गाडी चार वेळा बंद पडल्यामुळे पूर्ण प्लॅन बिघडला.,Negative,प्रवास
2263,ट्रॅव्हल एजन्सीने दिलेल्या वचनाप्रमाणे सुविधा पुरवल्या नाहीत.,Negative,प्रवास
2264,बस चालकाने मद्यपान करून धोकादायकपणे गाडी चालवली.,Negative,प्रवास
2265,नियोजित पर्यटन स्थळे न दाखवता एजन्सीने प्रवाशांची फसवणूक केली.,Negative,प्रवास
2266,हॉटेलमध्ये दिलेली खोली घाणेरडी होती आणि तेथे पाणी नव्हते.,Negative,प्रवास
2267,प्रवासात सामान चोरीला गेले तरी प्रशासनाने कोणतीही मदत केली नाही.,Negative,प्रवास
2268,विमानाचे उड्डाण तीन तास लांबले आणि कोणतीही पूर्वसूचना दिली नाही.,Negative,प्रवास
2269,पर्यटन स्थळावर अवाजवी पैसे उकळणारे दलाल त्रास देत होते.,Negative,प्रवास
2270,प्रवासाचा अनुभव अत्यंत थकवणारा आणि मनस्ताप देणारा ठरला.,Negative,प्रवास
2271,नवीन अपडेट आल्यानंतर फोन अतिशय गरम होतो आणि हँग पडतो.,Negative,तंत्रज्ञान
2272,या सॉफ्टवेअरमध्ये अनेक बग्स असून ते वारंवार बंद पडते.,Negative,तंत्रज्ञान
2273,डिव्हाइसची बॅटरी अवघ्या दोन तासांत पूर्णपणे डिस्चार्ज होते.,Negative,तंत्रज्ञान
2274,तंत्रज्ञानाच्या बिघाडामुळे माझा सर्व महत्त्वाचा डेटा डिलीट झाला.,Negative,तंत्रज्ञान
2275,लॅपटॉपचा डिस्प्ले अचानक बंद पडला आणि स्क्रीनवर रेषा आल्या.,Negative,तंत्रज्ञान
2276,कस्टमर सपोर्टकडून या तांत्रिक बिघाडावर कोणतीही उकल मिळाली नाही.,Negative,तंत्रज्ञान
2277,या ॲपचा सर्व्हर नेहमी स्लो असतो आणि कनेक्ट होत नाही.,Negative,तंत्रज्ञान
2278,डिव्हाइसची बनावट आणि प्लास्टिक बॉडी अत्यंत हलक्या दर्जाची आहे.,Negative,तंत्रज्ञान
2279,इंटरनेट कनेक्शन वारंवार खंडित होऊन कामात अडथळा येतो.,Negative,तंत्रज्ञान
2280,नवीन गॅझेटची किंमत खूप जास्त आहे परंतु परफॉर्मन्स शून्य आहे.,Negative,तंत्रज्ञान
2281,खेळाडूंनी अतिशय खराब आणि निष्काळजीपणे खेळ सादर केला.,Negative,क्रीडा
2282,पंचांच्या चुकीच्या निर्णयामुळे चांगल्या संघाचा पराभव झाला.,Negative,क्रीडा
2283,खेळाडूंमधील अंतर्गत वाद आणि गैरसमजांमुळे सामना गमावला.,Negative,क्रीडा
2284,मैदानाची अवस्था अत्यंत वाईट होती आणि चिखल साचला होता.,Negative,क्रीडा
2285,कर्णधाराच्या चुकीच्या रणनीतीमुळे सामना हातातून निसटला.,Negative,क्रीडा
2286,प्रेक्षकांसाठी स्टेडियमवर पिण्याच्या पाण्याची सोय नव्हती.,Negative,क्रीडा
2287,तिकीट काळाबाजार करून दुप्पट दराने विकले जात होते.,Negative,क्रीडा
2288,प्रमुख खेळाडू ऐन मोक्याच्या वेळी दुखापतग्रस्त झाल्याने निराशा झाली.,Negative,क्रीडा
2289,संघाची गोलंदाजी अतिशय सुमार आणि दिशाहीन राहिली.,Negative,क्रीडा
2290,खेळाडूंच्या आक्रमक आणि गैरवर्तन करण्याच्या वृत्तीवर टीका झाली.,Negative,क्रीडा
2291,सरकारी कार्यालयात काम करून घेण्यासाठी लाच मागीतली जात आहे.,Negative,सरकारी सेवा
2292,कागदपत्रांची पूर्तता करूनही दाखला मिळायला तीन महिने लागले.,Negative,सरकारी सेवा
2293,शासकीय पोर्टल नेहमी क्रॅश होते आणि फॉर्म सबमिट होत नाही.,Negative,सरकारी सेवा
2294,सरकारी रुग्णालयात औषधांचा तुटवडा असून रुग्णांचे हाल होत आहेत.,Negative,सरकारी सेवा
2295,रस्त्यावर ठिकठिकाणी खड्डे पडले असून प्रशासनाचे दुर्लक्ष आहे.,Negative,सरकारी सेवा
2296,कार्यालयातील अधिकारी वेळेवर उपस्थित नसतात आणि काम टाळतात.,Negative,सरकारी सेवा
2297,सार्वजनिक स्वच्छतागृहांची दुरवस्था झाली असून दुर्गंधी येते.,Negative,सरकारी सेवा
2298,पिण्याच्या पाण्याचा पुरवठा गढूळ आणि अनियमित होत आहे.,Negative,सरकारी सेवा
2299,तक्रार निवारण केंद्राकडून कोणत्याही तक्रारीची दखल घेतली जात नाही.,Negative,सरकारी सेवा
2300,शासकीय योजनेचा लाभ मिळण्यात प्रचंड भ्रष्टाचार आणि दप्तरदिरंगाई आहे.,Negative,सरकारी सेवा
2301,मॉलमधील कपड्यांचे दर वास्तविक किंमतीपेक्षा खूप अवाजवी आहेत.,Negative,खरेदी
2302,दुकानदाराने खराब झालेला आणि फाटलेला माल विक्रीस ठेवला होता.,Negative,खरेदी
2303,ट्रायल रूमबाहेर प्रचंड रांग होती आणि पंखे बंद होते.,Negative,खरेदी
2304,कपड्यांचा रंग पहिल्याच धुण्यात पूर्णपणे उडून गेला.,Negative,खरेदी
2305,सेलचे फलक लावून ग्राहकांची दिशाभूल केली जात आहे.,Negative,खरेदी
2306,दुकान कर्मचाऱ्यांचे वर्तन ग्राहकांशी अत्यंत अपमानास्पद होते.,Negative,खरेदी
2307,खरेदी केलेल्या वस्तूवर डिस्काउंट बिलिंगच्या वेळी दिला नाही.,Negative,खरेदी
2308,शॉपिंग सेंटरमध्ये पार्किंगसाठी प्रचंड जागा असूनही गैरसोय होती.,Negative,खरेदी
2309,मॉलमध्ये वस्तूंचे पर्याय अतिशय मर्यादित आणि जुन्या स्टॉकचे होते.,Negative,खरेदी
2310,बिलिंग काउंटरवर अत्यंत संथ गतीने काम सुरू होते.,Negative,खरेदी
2311,हे ॲप मोबाईलची बॅटरी अतिशय वेगाने संपवते.,Negative,मोबाईल अॅप्स
2312,ॲप उघडताच प्रचंड जाहिराती येतात आणि काम करता येत नाही.,Negative,मोबाईल अॅप्स
2313,लॉगिन करताना ओटीपी वेळेवर येत नाही आणि एरर दाखवतो.,Negative,मोबाईल अॅप्स
2314,ॲपमध्ये वारंवार बग येतात आणि ते आपोआप बंद होते.,Negative,मोबाईल अॅप्स
2315,ॲपचा आकार खूप मोठा असून ते मोबाईल स्टोरेज जास्त व्यापते.,Negative,मोबाईल अॅप्स
2316,पेमेंट करताना पैसे कापले गेले परंतु ॲपवर ट्रान्सफर दाखवले नाही.,Negative,मोबाईल अॅप्स
2317,ॲप अपडेट केल्यानंतर जुना डेटा पूर्णपणे गायब झाला.,Negative,मोबाईल अॅप्स
2318,इंटरफेस अत्यंत क्लिष्ट असून सामान्य माणसाला समजणे कठीण आहे.,Negative,मोबाईल अॅप्स
2319,ॲप सतत लोकेशन आणि वैयक्तिक माहितीची परवानगी मागते.,Negative,मोबाईल अॅप्स
2320,या ॲपची स्पीड अतिशय मंद असून पेज लोड व्हायला वेळ लागतो.,Negative,मोबाईल अॅप्स
2321,हॉटेलच्या खोलीत झुरळे आणि ढेकूण असल्यामुळे झोप झाली नाही.,Negative,हॉटेल्स
2322,बाथरुममध्ये गरम पाणी उपलब्ध नव्हते आणि नळ गळत होता.,Negative,हॉटेल्स
2323,हॉटेलच्या आजूबाजूला प्रचंड आवाज असल्यामुळे शांतता मिळाली नाही.,Negative,हॉटेल्स
2324,"रूम सर्व्हिस अतिशय वाईट होती, तीन वेळा सांगूनही कोणी आले नाही.",Negative,हॉटेल्स
2325,खोलीतील बेडशीट आणि उशीचे आच्छादन अत्यंत मळके होते.,Negative,हॉटेल्स
2326,हॉटेल मॅनेजरचे वर्तन ग्राहकाशी अत्यंत उद्धट आणि उद्धट होते.,Negative,हॉटेल्स
2327,नाश्त्यामध्ये दिलेले अन्न शिळे आणि अत्यंत चवहीन होते.,Negative,हॉटेल्स
2328,वाय-फाय नेटवर्क खोलीत अजिबात पकडत नव्हते.,Negative,हॉटेल्स
2329,खोलीचे भाडे खूप जास्त होते परंतु सुविधा शून्य होत्या.,Negative,हॉटेल्स
2330,हॉटेलमधील लिफ्ट सतत बंद पडत असल्यामुळे पायऱ्या चढाव्या लागल्या.,Negative,हॉटेल्स
2331,एसटी बस वेळेवर आली नाही आणि दोन तास स्थानकात ताटकळावे लागले.,Negative,वाहतूक
2332,बसमध्ये प्रचंड गर्दी होती आणि बसण्याची सोय नव्हती.,Negative,वाहतूक
2333,रिक्षाचालकाने जास्त भाडे मागून प्रवाशाशी वाद घातला.,Negative,वाहतूक
2334,ट्रॅफिक जॅममुळे दोन तासांच्या प्रवासाला पाच तास लागले.,Negative,वाहतूक
2335,रेल्वेचे डबे अत्यंत घाणेरडे असून बाथरुममध्ये पाणी नव्हते.,Negative,वाहतूक
2336,चालकाने दारू पिऊन बेदरकारपणे गाड्या चालवल्यामुळे भीती वाटली.,Negative,वाहतूक
2337,बसच्या खिडक्या तुटलेल्या होत्या आणि आत पावसाचे पाणी येत होते.,Negative,वाहतूक
2338,तिकीट बुकिंग ऑनलाईन करूनही सीट दुसऱ्यालाच विकले होते.,Negative,वाहतूक
2339,स्थानकावर प्रवाशांसाठी असणारी विश्रामगृहे बंद होती.,Negative,वाहतूक
2340,परिवहन महामंडळाची बस रस्त्यात अचानक बंद पडली.,Negative,वाहतूक
2341,कस्टमर केअरला कॉल केल्यावर अर्धा तास होल्डवर ठेवले गेले.,Negative,ग्राहक सेवा
2342,प्रतिनिधीने माझी समस्या ऐकून न घेताच कॉल कट केला.,Negative,ग्राहक सेवा
2343,ई-मेल पाठवून आठवडा झाला तरी कंपनीकडून प्रतिसाद आला नाही.,Negative,ग्राहक सेवा
2344,कस्टमर सपोर्ट टीमला त्यांच्याच उत्पादनाची माहिती नव्हती.,Negative,ग्राहक सेवा
2345,समस्या सोडवण्याऐवजी प्रतिनिधी एकमेकांकडे बोट दाखवत होते.,Negative,ग्राहक सेवा
2346,तक्रार नोंदवण्याचा नंबर सतत व्यस्त किंवा बंद येत होता.,Negative,ग्राहक सेवा
2347,माझ्या समस्येचे निरसन न करताच तक्रार बंद दाखवण्यात आली.,Negative,ग्राहक सेवा
2348,चॅट बॉट एकाच प्रकारची चुकीची उत्तरे देऊन वेळ वाया घालवतो.,Negative,ग्राहक सेवा
2349,कंपनीची ग्राहक सेवा अत्यंत निष्काळजी आणि निरुपयोगी आहे.,Negative,ग्राहक सेवा
2350,कस्टमर केअरने अत्यंत उद्धट भाषेत संवाद साधला.,Negative,ग्राहक सेवा
2351,नाटकाची तिकिटे अत्यंत महाग होती पण प्रयोग निरस झाला.,Negative,मनोरंजन
2352,संगीताच्या कार्यक्रमात माईक आणि साऊंड सिस्टीम खराब होती.,Negative,मनोरंजन
2353,कॉमेडी शोमधील विनोद अतिशय सवंग आणि दर्जाहीन होते.,Negative,मनोरंजन
2354,कार्यक्रम दोन तास उशिरा सुरू झाल्यामुळे प्रेक्षक त्रस्त झाले.,Negative,मनोरंजन
2355,"नाटकातील कलाकारांना संवाद आठवत नव्हते, निराशा झाली.",Negative,मनोरंजन
2356,वेब सिरीजची कथा अत्यंत रटाळ आणि हिंसक होती.,Negative,मनोरंजन
2357,सर्कसमध्ये सुरक्षेची कोणतीही योग्य काळजी घेतली नव्हती.,Negative,मनोरंजन
2358,प्रकाशाची व्यवस्था खराब असल्यामुळे स्टेज स्पष्ट दिसत नव्हता.,Negative,मनोरंजन
2359,कार्यक्रमाच्या ठिकाणी बसण्यासाठी पुरेशा खुर्च्या नव्हत्या.,Negative,मनोरंजन
2360,मनोरंजनाच्या नावाखाली प्रेक्षकांची निव्वळ पैशांची उधळपट्टी झाली.,Negative,मनोरंजन
2361,अवकाळी पावसामुळे शेतकऱ्याचे उभे पीक पूर्णपणे उद्ध्वस्त झाले.,Negative,शेती
2362,बनावट खते आणि बियाण्यांमुळे पिकांची वाढ झाली नाही.,Negative,शेती
2363,बाजारात शेतमालाला अत्यंत कमी भाव मिळाल्याने नुकसान झाले.,Negative,शेती
2364,कीटकनाशकांचा फवारा मारूनही पिकावरील कीड नियंत्रणात आली नाही.,Negative,शेती
2365,वीज पुरवठा खंडित झाल्यामुळे शेताला पाणी देता आले नाही.,Negative,शेती
2366,शासकीय योजनेची नुकसान भरपाई शेतकऱ्याला अजून मिळालेली नाही.,Negative,शेती
2367,कोरड्या दुष्काळामुळे शेतातील पिके करपून गेली आहेत.,Negative,शेती
2368,ट्रॅक्टरचे भाडे वाढल्यामुळे शेतीचा खर्च परवडेनासा झाला आहे.,Negative,शेती
2369,कृषी उत्पन्न बाजार समितीत व्यापाऱ्यांनी शेतकऱ्याची अडवणूक केली.,Negative,शेती
2370,कनालचे पाणी न मिळाल्यामुळे पिके वाळून गेली.,Negative,शेती
2371,सोशल मीडियावर खोटी माहिती आणि अफवा वेगाने पसरत आहेत.,Negative,सामाजिक माध्यमे
2372,अनेक युझर्स कमेंट बॉक्समध्ये अतिशय ट्रोलिंग आणि टोकाचे बोलतात.,Negative,सामाजिक माध्यमे
2373,सोशल मीडिया ॲपमुळे लहान मुलांचे अभ्यासातील लक्ष विचलित होत आहे.,Negative,सामाजिक माध्यमे
2374,अनेक लोकांचे खाते हॅक होऊन वैयक्तिक डेटा चोरीला जात आहे.,Negative,सामाजिक माध्यमे
2375,ॲपवर असभ्य आणि आक्षेपार्ह मजकूर सहज उपलब्ध होतो.,Negative,सामाजिक माध्यमे
2376,सोशल मीडियाच्या अतिवापरामुळे मानसिक ताण आणि नैराश्य वाढते आहे.,Negative,सामाजिक माध्यमे
2377,अनावश्यक जाहिरातींमुळे फिड पाहताना प्रचंड वैताग येतो.,Negative,सामाजिक माध्यमे
2378,फेक प्रोफाईल बनवून लोकांना ऑनलाईन गंडा घातला जात आहे.,Negative,सामाजिक माध्यमे
2379,ॲपच्या नव्या अल्गोरिदममुळे चांगल्या पोस्ट लोकांपर्यंत पोहोचत नाहीत.,Negative,सामाजिक माध्यमे
2380,सोशल मीडियावरील व्यस्ततेमुळे कौटुंबिक संवाद कमी झाला आहे.,Negative,सामाजिक माध्यमे
2381,प्रचंड उकाडा आणि उन्हाच्या झळांमुळे नागरिक हैराण झाले आहेत.,Negative,हवामान
2382,अचानक आलेल्या वादळी पावसामुळे झाडे मुळासकट उपटून पडली.,Negative,हवामान
2383,धुक्यामुळे समोरचे काहीच दिसत नसल्यामुळे वाहनांचे अपघात झाले.,Negative,हवामान
2384,अतिवृष्टीमुळे सखल भागात पाणी साचून पूरस्थिती निर्माण झाली.,Negative,हवामान
2385,हवामानातील विषम बदलांमुळे आजारपण आणि साथीचे रोग वाढले आहेत.,Negative,हवामान
2386,कडक उन्हामुळे विहिरी आणि कूपनलिकांचे पाणी आटले आहे.,Negative,हवामान
2387,दमट हवामानामुळे प्रचंड घाम आणि अस्वस्थता जाणवत आहे.,Negative,हवामान
2388,अवेळी पडणाऱ्या पावसामुळे हाताशी आलेले पीक वाया गेले.,Negative,हवामान
2389,थंडीची लाट आल्यामुळे जनजीवन पूर्णपणे विस्कळीत झाले आहे.,Negative,हवामान
2390,हवामान खात्याचा पावसाचा अंदाज पूर्णपणे चुकीचा ठरला.,Negative,हवामान
2391,कंपनीतील कामाचे वातावरण अतिशय विषारी आणि ताणतणावाचे आहे.,Negative,रोजगार
2392,वेळोवेळी ओव्हरटाईम करूनही कर्मचाऱ्यांना त्याचा मोबदला मिळत नाही.,Negative,रोजगार
2393,कंपनी कर्मचाऱ्यांचे वेतन दरमहा उशिरा जमा करते.,Negative,रोजगार
2394,वरिष्ठ अधिकारी सतत अपमानास्पद भाषेत बोलून मानसिक त्रास देतात.,Negative,रोजगार
2395,"कंपनीमध्ये कोणतीही जॉब सिक्युरिटी नाही, कधीही काढून टाकतात.",Negative,रोजगार
2396,मुलाखत देऊन महिना झाला तरी एचआर कोणताही फीडबॅक देत नाही.,Negative,रोजगार
2397,कंपनीतील राजकारणामुळे चांगल्या काम करणाऱ्या कर्मचाऱ्यांवर अन्याय होतो.,Negative,रोजगार
2398,कामाचा ताण इतका जास्त आहे की वैयक्तिक आयुष्यासाठी वेळ उरत नाही.,Negative,रोजगार
2399,वेतनवाढ आणि पदोन्नती बाबत कंपनी दिलेली वचने पाळत नाही.,Negative,रोजगार
2400,कार्यालयात कर्मचाऱ्यांसाठी मूलभूत सोयीसुविधांचा अभाव आहे.,Negative,रोजगार
2401,या संकेतस्थळावर विविध प्रकारच्या वस्तूंची यादी दिलेली आहे.,Neutral,ऑनलाइन व्यापार
2402,ग्राहकांसाठी ऑनलाईन पेमेंटचे पर्याय उपलब्ध करून दिले आहेत.,Neutral,ऑनलाइन व्यापार
2403,वस्तूची ऑर्डर नोंदवल्यानंतर ई-मेलवर कन्फर्मेशन संदेश येतो.,Neutral,ऑनलाइन व्यापार
2404,परतावा धोरणाशी संबंधित सर्व अटी वेबसाईटवर प्रसिद्ध केल्या आहेत.,Neutral,ऑनलाइन व्यापार
2405,ई-कॉमर्स प्लॅटफॉर्मवर नोंदणी करण्यासाठी मोबाईल नंबर आवश्यक आहे.,Neutral,ऑनलाइन व्यापार
2406,उत्पादनाचा तपशील आणि आकारमानाची माहिती खाली दिली आहे.,Neutral,ऑनलाइन व्यापार
2407,डिलिव्हरीचा पत्ता बदलण्यासाठी प्रोफाईल सेक्शनमध्ये जावे लागते.,Neutral,ऑनलाइन व्यापार
2408,ऑनलाईन शॉपिंगसाठी ॲप डाऊनलोड करण्याचा पर्याय उपलब्ध आहे.,Neutral,ऑनलाइन व्यापार
2409,कॅश ऑन डिलिव्हरीचा पर्याय काही विशिष्ट पिनकोडवर उपलब्ध आहे.,Neutral,ऑनलाइन व्यापार
2410,वस्तूचा ट्रॅकिंग आयडी मेसेजद्वारे ग्राहकाला पाठवला जातो.,Neutral,ऑनलाइन व्यापार
2411,हे रेस्टॉरंट सकाळी ११ ते रात्री ११ या वेळेत उघडे असते.,Neutral,उपाहारगृह
2412,मेन्यू कार्डमध्ये शाकाहारी आणि मांसाहारी पदार्थांची यादी आहे.,Neutral,उपाहारगृह
2413,हॉटेलमध्ये टेबल बुकिंग करण्यासाठी फोन नंबर दिलेला आहे.,Neutral,उपाहारगृह
2414,भोजनालयात रोख आणि डिजिटल दोन्ही प्रकारे पैसे स्वीकारले जातात.,Neutral,उपाहारगृह
2415,हॉटेलच्या आवारात दुचाकी आणि चारचाकी वाहनांसाठी पार्किंग आहे.,Neutral,उपाहारगृह
2416,खाद्यपदार्थांचे दर मेन्यू कार्डवर नमूद केलेले आहेत.,Neutral,उपाहारगृह
2417,सध्या या हॉटेलमध्ये होम डिलिव्हरीची सुविधा उपलब्ध आहे.,Neutral,उपाहारगृह
2418,हॉटेलमध्ये कौटुंबिक आणि स्वतंत्र बसण्याची व्यवस्था आहे.,Neutral,उपाहारगृह
2419,हॉटेल मुख्य रस्त्यालगत असणाऱ्या इमारतीमध्ये स्थित आहे.,Neutral,उपाहारगृह
2420,नाश्त्याची वेळ सकाळी आठ ते अकरा अशी निश्चित केलेली आहे.,Neutral,उपाहारगृह
2421,रुग्णालयाची ओपीडी सेवा सकाळी नऊ वाजता सुरू होते.,Neutral,आरोग्यसेवा
2422,वैद्यकीय तपासणीचे अहवाल दुसऱ्या दिवशी सायंकाळी मिळतील.,Neutral,आरोग्यसेवा
2423,रुग्णालयाच्या आवारात चोवीस तास औषधांचे दुकान उपलब्ध आहे.,Neutral,आरोग्यसेवा
2424,डॉक्टरांना भेटण्यासाठी आधीच अपॉइंटमेंट घ्यावी लागते.,Neutral,आरोग्यसेवा
2425,रुग्णालयात अतिदक्षता विभाग आणि आपत्कालीन सेवा उपलब्ध आहे.,Neutral,आरोग्यसेवा
2426,रक्त तपासणीसाठी सकाळी उपाशीपोटी यावे लागते.,Neutral,आरोग्यसेवा
2427,वैद्यकीय विमेशी संबंधित कागदपत्रे बिलिंग काउंटरवर जमा करावीत.,Neutral,आरोग्यसेवा
2428,रुग्णालयात भेट देण्याची वेळ दुपारी ४ ते ६ अशी आहे.,Neutral,आरोग्यसेवा
2429,लसीकरणाचे वेळापत्रक नोटीस बोर्डवर लावले आहे.,Neutral,आरोग्यसेवा
2430,रुग्णाची माहिती दाखल फॉर्मवर भरणे अनिवार्य आहे.,Neutral,आरोग्यसेवा
2431,शाळेचे नवीन शैक्षणिक सत्र पुढील महिन्यापासून सुरू होणार आहे.,Neutral,शिक्षण
2432,परीक्षांचे अंतिम वेळापत्रक शाळेच्या वेबसाईटवर प्रसिद्ध केले आहे.,Neutral,शिक्षण
2433,ग्रंथालयातून पुस्तके नेण्याची मर्यादा दोन आठवड्यांची आहे.,Neutral,शिक्षण
2434,पालक-शिक्षक बैठक दर महिन्याच्या शेवटच्या शनिवारी आयोजित केली जाते.,Neutral,शिक्षण
2435,शाळेची बस सेवा शहरातील प्रमुख मार्गांवर उपलब्ध आहे.,Neutral,शिक्षण
2436,प्रवेश अर्जाचा फॉर्म ऑनलाईन पोर्टलवरून डाऊनलोड करता येतो.,Neutral,शिक्षण
2437,महाविद्यालयाची वेळ सकाळी आठ ते दुपारी दोन अशी आहे.,Neutral,शिक्षण
2438,विद्यार्थ्यांसाठी गणवेश आणि ओळखपत्र अनिवार्य केले आहे.,Neutral,शिक्षण
2439,वार्षिक क्रीडा स्पर्धा पुढील आठवड्यात आयोजित केल्या आहेत.,Neutral,शिक्षण
2440,गुणपत्रिका वितरणाची तारीख नोटीस बोर्डवर जाहीर केली जाईल.,Neutral,शिक्षण
2441,हा चित्रपट महाराष्ट्रातील प्रमुख सिनेमागृहांमध्ये प्रदर्शित झाला आहे.,Neutral,चित्रपट
2442,चित्रपटाचा कालावधी दोन तास आणि तीस मिनिटे इतका आहे.,Neutral,चित्रपट
2443,चित्रपटाला सेन्सॉर बोर्डाकडून यु/ए प्रमाणपत्र मिळाले आहे.,Neutral,चित्रपट
2444,चित्रपटाची तिकिटे ऑनलाईन ॲपवरून बुक करता येतात.,Neutral,चित्रपट
2445,चित्रपटाचे संगीत प्रसिद्ध संगीतकाराने तयार केले आहे.,Neutral,चित्रपट
2446,हा चित्रपट वास्तववादी ऐतिहासिक घटनेवर आधारित आहे.,Neutral,चित्रपट
2447,चित्रपटाचा शो दुपारी १२ आणि सायंकाळी ६ वाजता आहे.,Neutral,चित्रपट
2448,चित्रपटाचे चित्रीकरण बहुतांश कोकणात झाले आहे.,Neutral,चित्रपट
2449,चित्रपटाचा अधिकृत ट्रेलर युट्यूबवर उपलब्ध आहे.,Neutral,चित्रपट
2450,सिनेमागृहात खाद्यपदार्थ बाहेरून आणण्यास मनाई आहे.,Neutral,चित्रपट
2451,बँकेची कामाची वेळ सकाळी १० ते दुपारी ४ वाजेपर्यंत असते.,Neutral,बँकिंग
2452,खाते उघडण्यासाठी आधार कार्ड आणि पॅन कार्ड आवश्यक आहे.,Neutral,बँकिंग
2453,बँकेचे एटीएम केंद्र चोवीस तास सेवा प्रदान करते.,Neutral,बँकिंग
2454,दर महिन्याच्या दुसऱ्या आणि चौथ्या शनिवारी बँकेला सुट्टी असते.,Neutral,बँकिंग
2455,बँक खात्याचा पासबुक प्रिंट करण्याचा प्रिंटर बाहेर ठेवला आहे.,Neutral,बँकिंग
2456,कर्ज अर्जासाठी लागणाऱ्या कागदपत्रांची यादी बोर्डवर आहे.,Neutral,बँकिंग
2457,बँकेचे नवीन व्याजदर पुढील महिन्यापासून लागू होतील.,Neutral,बँकिंग
2458,मोबाईल नंबर खात्याशी लिंक करण्यासाठी अर्ज भरावा लागतो.,Neutral,बँकिंग
2459,इंटरनेट बँकिंगचा पासवर्ड नियमितपणे बदलण्याचा सल्ला दिला जातो.,Neutral,बँकिंग
2460,बँकेचे मुख्यालय मुंबई शहरामध्ये स्थित आहे.,Neutral,बँकिंग
2461,बस स्थानकावरून दर अर्ध्या तासाने बस सुटते.,Neutral,प्रवास
2462,पर्यटन स्थळाचे तिकीट खिडकीवर उपलब्ध आहे.,Neutral,प्रवास
2463,प्रवासाचे वेळापत्रक अधिकृत संकेतस्थळावर दिले आहे.,Neutral,प्रवास
2464,विमानतळावर प्रवाशांचे सामान स्कॅन केले जाते.,Neutral,प्रवास
2465,रेलगाडीची सद्यस्थिती मोबाईल ॲपवर पाहता येते.,Neutral,प्रवास
2466,पर्यटन सहलीचा कालावधी चार दिवस आणि तीन रात्री आहे.,Neutral,प्रवास
2467,प्रवासात ओळखपत्र सोबत ठेवणे बंधनकारक आहे.,Neutral,प्रवास
2468,स्थानिक मार्गदर्शक ऐतिहासिक वास्तूची माहिती देतात.,Neutral,प्रवास
2469,हवामानाच्या अंदाजानुसार प्रवासाचे बेत आखले जातात.,Neutral,प्रवास
2470,टॅक्सी भाड्याची माहिती माहिती केंद्रावर उपलब्ध आहे.,Neutral,प्रवास
2471,या सॉफ्टवेअरची नवीन आवृत्ती बाजारात उपलब्ध झाली आहे.,Neutral,तंत्रज्ञान
2472,डिव्हाइस चालू करण्यासाठी पॉवर बटण दाबून ठेवावे लागते.,Neutral,तंत्रज्ञान
2473,सिस्टीमचे मेंटेनन्स दर रविवारी मध्यरात्री केले जाते.,Neutral,तंत्रज्ञान
2474,संगणकामध्ये डेटा सेव्ह करण्यासाठी स्टोरेज मेमरी लागते.,Neutral,तंत्रज्ञान
2475,या ॲपचा वापर करण्यासाठी इंटरनेट कनेक्शन आवश्यक आहे.,Neutral,तंत्रज्ञान
2476,सॉफ्टवेअर अपडेट डाऊनलोड करण्याची सूचना स्क्रीनवर येते.,Neutral,तंत्रज्ञान
2477,तांत्रिक माहिती आणि युझर मॅन्युअल बॉक्समध्ये दिले आहे.,Neutral,तंत्रज्ञान
2478,डिव्हाइसचा वॉरंटी कालावधी एक वर्षाचा आहे.,Neutral,तंत्रज्ञान
2479,डेटा ट्रान्सफर करण्यासाठी युएसबी केबलचा वापर केला जातो.,Neutral,तंत्रज्ञान
2480,ऑपरेटिंग सिस्टीमची माहिती सेटिंग्ज मेनूमध्ये उपलब्ध आहे.,Neutral,तंत्रज्ञान
2481,सामना दुपारी दोन वाजता आंतरराष्ट्रीय मैदानावर सुरू होईल.,Neutral,क्रीडा
2482,खेळाडूंची अंतिम निवड समितीद्वारे जाहीर केली जाते.,Neutral,क्रीडा
2483,सामन्याचे थेट प्रक्षेपण क्रीडा वाहिनीवर उपलब्ध आहे.,Neutral,क्रीडा
2484,दोन्ही संघांमधील नाणेफेक सकाळी नऊ वाजता होईल.,Neutral,क्रीडा
2485,स्पर्धेत एकूण आठ संघ सहभागी झाले आहेत.,Neutral,क्रीडा
2486,सामन्याचा कालावधी वीस षटकांचा निश्चित केला आहे.,Neutral,क्रीडा
2487,क्रीडा स्पर्धेचे मैदान शहराच्या बाहेरील भागात आहे.,Neutral,क्रीडा
2488,खेळाडूंचे गुणफलक स्क्रीनवर प्रदर्शित केले जात आहे.,Neutral,क्रीडा
2489,विजेत्या संघाला ट्रॉफी आणि पारितोषिक दिले जाते.,Neutral,क्रीडा
2490,स्पर्धेचे नियम आणि अटी पत्रकात नमूद केल्या आहेत.,Neutral,क्रीडा
2491,सरकारी कार्यालय सकाळी पावणेदहा ते सायंकाळी साडेपाच वाजेपर्यंत उघडे असते.,Neutral,सरकारी सेवा
2492,शासकीय योजनेचा अर्ज ऑनलाईन सेतू केंद्रावर भरता येतो.,Neutral,सरकारी सेवा
2493,दाखला मिळण्यासाठी आवश्यक कागदपत्रांची यादी भिंतीवर लावली आहे.,Neutral,सरकारी सेवा
2494,नागरिकांची तक्रार नोंदवण्यासाठी ऑनलाईन पोर्टल उपलब्ध आहे.,Neutral,सरकारी सेवा
2495,सरकारी सुट्ट्यांचे वेळापत्रक कॅलेंडरवर नमूद केले आहे.,Neutral,सरकारी सेवा
2496,उत्पन्नाच्या दाखल्याची मुदत तीन वर्षांसाठी वैध असते.,Neutral,सरकारी सेवा
2497,कार्यालयात चौकशीसाठी स्वतंत्र कक्ष स्थापन केला आहे.,Neutral,सरकारी सेवा
2498,शासकीय अध्यादेश अधिकृत वेबसाईटवर प्रसिद्ध केला जातो.,Neutral,सरकारी सेवा
2499,रहिवासी दाखल्यासाठी रेशन कार्डची प्रत जोडणे गरजेचे आहे.,Neutral,सरकारी सेवा
2500,पेंशन योजनेची माहिती तहसील कार्यालयात मिळते.,Neutral,सरकारी सेवा
2501,मॉल सकाळी दहा वाजता उघडतो आणि रात्री दहा वाजता बंद होतो.,Neutral,खरेदी
2502,कपड्यांचे निरनिराळे प्रकार पहिल्या मजल्यावर उपलब्ध आहेत.,Neutral,खरेदी
2503,बिल भरण्यासाठी कॅश आणि कार्ड दोन्ही पर्याय उपलब्ध आहेत.,Neutral,खरेदी
2504,खरेदी केलेल्या वस्तूंची पावती बिलिंग काउंटरवर मिळते.,Neutral,खरेदी
2505,वस्तू बदलून मिळण्याची मुदत सात दिवसांची आहे.,Neutral,खरेदी
2506,ट्रायल रूम पुरुष आणि महिलांसाठी स्वतंत्र आहे.,Neutral,खरेदी
2507,मॉलमध्ये एस्कलेटर आणि लिफ्टची सोय आहे.,Neutral,खरेदी
2508,सवलत योजनेची माहिती प्रवेशद्वारावर लावलेली आहे.,Neutral,खरेदी
2509,वस्तूंची मांडणी विभागनिहाय करण्यात आली आहे.,Neutral,खरेदी
2510,मॉलच्या तळघरात पार्किंगची व्यवस्था आहे.,Neutral,खरेदी
2511,हे ॲप प्ले स्टोअर आणि ॲप स्टोअरवरून डाऊनलोड करता येते.,Neutral,मोबाईल अॅप्स
2512,ॲप उघडण्यासाठी मोबाईल नंबरवर ओटीपी पाठवला जातो.,Neutral,मोबाईल अॅप्स
2513,ॲपमध्ये भाषा बदलण्याचा पर्याय सेटिंग्जमध्ये उपलब्ध आहे.,Neutral,मोबाईल अॅप्स
2514,ॲपची साईझ ४५ एमबी इतकी आहे.,Neutral,मोबाईल अॅप्स
2515,नोटिफिकेशन्स चालू किंवा बंद करण्याची सोय ॲपमध्ये आहे.,Neutral,मोबाईल अॅप्स
2516,ॲप वापरण्यापूर्वी नियम आणि अटी मान्य कराव्या लागतात.,Neutral,मोबाईल अॅप्स
2517,ॲपचे नवीन व्हर्जन दर महिन्याला प्रसिद्ध केले जाते.,Neutral,मोबाईल अॅप्स
2518,प्रोफाईल फोटो बदलण्यासाठी गॅलरीचा ॲक्सेस द्यावा लागतो.,Neutral,मोबाईल अॅप्स
2519,ॲपचा वापरकर्त्यांचा डेटा सुरक्षित ठेवला जातो.,Neutral,मोबाईल अॅप्स
2520,फीडबॅक देण्यासाठी ॲपमध्ये स्वतंत्र पर्याय दिलेला आहे.,Neutral,मोबाईल अॅप्स
2521,हॉटेलमध्ये चेक-इन करण्याची वेळ दुपारी बारा वाजेची आहे.,Neutral,हॉटेल्स
2522,खोलीचे आरक्षित बुकिंग ऑनलाईन संकेतस्थळावरून करता येते.,Neutral,हॉटेल्स
2523,हॉटेलच्या इमारतीत पाच मजले आणि ५० खोल्या आहेत.,Neutral,हॉटेल्स
2524,प्रत्येक खोलीत वातानुकूलन यंत्रणा आणि टीव्ही उपलब्ध आहे.,Neutral,हॉटेल्स
2525,हॉटेलच्या रिसेप्सनवर चोवीस तास कर्मचारी उपस्थित असतात.,Neutral,हॉटेल्स
2526,नाश्त्याची वेळ सकाळी सात ते दहा वाजेपर्यंत असते.,Neutral,हॉटेल्स
2527,खोली सोडताना चावी रिसेप्सनवर जमा करावी लागते.,Neutral,हॉटेल्स
2528,हॉटेलमध्ये परिषद आणि कार्यक्रमांसाठी हॉल उपलब्ध आहे.,Neutral,हॉटेल्स
2529,हॉटेलचे स्थान रेल्वे स्थानकापासून दोन किलोमीटर अंतरावर आहे.,Neutral,हॉटेल्स
2530,पर्यटकांसाठी टॅक्सी बुक करण्याची सोय रिसेप्सनवर आहे.,Neutral,हॉटेल्स
2531,बसचे तिकीट वाहकाकडून किंवा ऑनलाईन घेता येते.,Neutral,वाहतूक
2532,रेल्वेचे आरक्षण चार महिने आधी सुरू होते.,Neutral,वाहतूक
2533,मेट्रो ट्रेन दर पाच मिनिटांनी स्थानकावर येते.,Neutral,वाहतूक
2534,स्थानकावर गाड्यांच्या आगमनाची घोषणा केली जाते.,Neutral,वाहतूक
2535,प्रवाशांचे सामान ठेवण्यासाठी स्वतंत्र क्लॉक रूम आहे.,Neutral,वाहतूक
2536,बसचा मार्ग आणि थांबे बसच्या समोरील पाटीवर लिहिलेले असतात.,Neutral,वाहतूक
2537,वाहतुकीचे नियम पाळणे सर्व वाहनचालकांसाठी बंधनकारक आहे.,Neutral,वाहतूक
2538,टॅक्सीचे भाडे किलोमीटरच्या हिशोबाने आकारले जाते.,Neutral,वाहतूक
2539,प्रवाशांच्या सोयीसाठी स्थानकावर उपाहारगृह आहे.,Neutral,वाहतूक
2540,विमानाचे उड्डाण नियोजित वेळेनुसार निश्चित केले आहे.,Neutral,वाहतूक
2541,कस्टमर केअरचा टोल-फ्री क्रमांक चोवीस तास उपलब्ध असतो.,Neutral,ग्राहक सेवा
2542,तक्रार नोंदवल्यानंतर ईमेलवर तिकीट नंबर पाठवला जातो.,Neutral,ग्राहक सेवा
2543,"ग्राहक सेवा केंद्रात संवाद मराठी, हिंदी आणि इंग्रजीत होतो.",Neutral,ग्राहक सेवा
2544,समस्येच्या निवारणासाठी २४ ते ४८ तासांचा वेळ लागतो.,Neutral,ग्राहक सेवा
2545,कॉलचे रेकॉर्डिंग गुणवत्तेच्या कारणासाठी केले जाते.,Neutral,ग्राहक सेवा
2546,ऑनलाइन चॅट सपोर्ट वेबसाईटच्या उजव्या बाजूला उपलब्ध आहे.,Neutral,ग्राहक सेवा
2547,ग्राहकांचा अभिप्राय नोंदवण्यासाठी एसएमएस पाठवला जातो.,Neutral,ग्राहक सेवा
2548,तक्रारीची सद्यस्थिती ऑनलाईन पोर्टलवर तपासता येते.,Neutral,ग्राहक सेवा
2549,कस्टमर सपोर्टशी ईमेलद्वारे संपर्क साधता येतो.,Neutral,ग्राहक सेवा
2550,सेवा प्रतिनिधीशी बोलण्यासाठी १ नंबर दाबावा लागतो.,Neutral,ग्राहक सेवा
2551,नाटकाचा प्रयोग रविवारी सायंकाळी साडेचार वाजता आहे.,Neutral,मनोरंजन
2552,संगीताच्या कार्यक्रमाचे थेट प्रक्षेपण वाहिनीवर आहे.,Neutral,मनोरंजन
2553,सांस्कृतिक कार्यक्रमाचे आयोजन नाट्यगृहात केले आहे.,Neutral,मनोरंजन
2554,शोची तिकिटे नाट्यगृहाच्या खिडकीवर मिळतील.,Neutral,मनोरंजन
2555,कार्यक्रमाचा कालावधी तीन तासांचा निश्चित केला आहे.,Neutral,मनोरंजन
2556,कार्यक्रमाच्या मध्यंतरात अल्पोपहार उपलब्ध आहे.,Neutral,मनोरंजन
2557,कलाकारांची नावे निमंत्रण पत्रिकेवर छापली आहेत.,Neutral,मनोरंजन
2558,वेब सिरीजचे सर्व भाग ऑनलाईन प्लॅटफॉर्मवर उपलब्ध आहेत.,Neutral,मनोरंजन
2559,जादूचा प्रयोग प्रेक्षागृहात आयोजित केला आहे.,Neutral,मनोरंजन
2560,सर्कसचा पहिला शो दुपारी एक वाजता सुरू होतो.,Neutral,मनोरंजन
2561,शेतकऱ्यांनी पिकांची पेरणी पावसाच्या आगमनानंतर केली आहे.,Neutral,शेती
2562,कृषी उत्पन्न बाजार समितीत दररोज शेतमालाचा लिलाव होतो.,Neutral,शेती
2563,पिकांच्या पाण्याची गरज जमिनीच्या प्रकारावर अवलंबून असते.,Neutral,शेती
2564,सेंद्रिय खतांचा वापर शेतीमध्ये केला जातो.,Neutral,शेती
2565,ड्रिप सिस्टीमद्वारे पिकांना पाणी दिले जाते.,Neutral,शेती
2566,कृषी केंद्रामध्ये विविध प्रकारची बियाणे मिळतात.,Neutral,शेती
2567,पिकांची कापणी यंञाच्या साहाय्याने केली जाते.,Neutral,शेती
2568,हवामानाचा अंदाज पाहून शेतीची कामे आखली जातात.,Neutral,शेती
2569,जमिनीची माती परीक्षण प्रयोगशाळेत केले जाते.,Neutral,शेती
2570,शेतकऱ्यांसाठी कृषी सल्लागार केंद्र उपलब्ध आहे.,Neutral,शेती
2571,सोशल मीडिया ॲपवर खाते उघडण्यासाठी ई-मेल आयडी लागतो.,Neutral,सामाजिक माध्यमे
2572,युझर्स आपल्या पोस्टवर फोटो आणि व्हिडिओ अपलोड करू शकतात.,Neutral,सामाजिक माध्यमे
2573,कमेंट बॉक्समध्ये संदेश लिहिण्याची सुविधा उपलब्ध आहे.,Neutral,सामाजिक माध्यमे
2574,फॉलोअर्सची संख्या प्रोफाईलवर प्रदर्शित केली जाते.,Neutral,सामाजिक माध्यमे
2575,पोस्ट शेअर करण्यासाठी शेअर बटणाचा वापर केला जातो.,Neutral,सामाजिक माध्यमे
2576,सोशल मीडियावर गोपनीयता सेटिंग्स बदलता येतात.,Neutral,सामाजिक माध्यमे
2577,ॲपवर ट्रेंडिंग विषयांची यादी दर्शवली जाते.,Neutral,सामाजिक माध्यमे
2578,खाते सुरक्षित ठेवण्यासाठी टू-फॅक्टर ऑथेंटिकेशन उपलब्ध आहे.,Neutral,सामाजिक माध्यमे
2579,ग्रुपमध्ये नवीन सदस्यांना जोडण्याची सोय आहे.,Neutral,सामाजिक माध्यमे
2580,पोस्टची लाईक्स संख्या पाहता येते.,Neutral,सामाजिक माध्यमे
2581,आजचे कमाल तापमान ३२ अंश सेल्सिअस राहण्याची शक्यता आहे.,Neutral,हवामान
2582,हवामान खात्याने किनारी भागात पावसाचा इशारा दिला आहे.,Neutral,हवामान
2583,वातावरणातील आर्द्रतेचे प्रमाण ६५ टक्के नोंदवले गेले.,Neutral,हवामान
2584,सूर्योदय सकाळी ६ वाजून १५ मिनिटांनी होईल.,Neutral,हवामान
2585,वारा ताशी १५ किलोमीटर वेगाने वाहत आहे.,Neutral,हवामान
2586,उद्या आकाश अंशतः ढगाळ राहण्याचा अंदाज आहे.,Neutral,हवामान
2587,हवामानातील बदल उपग्रहाद्वारे टिपले जातात.,Neutral,हवामान
2588,मान्सूनचा पाऊस महाराष्ट्रात दाखल झाला आहे.,Neutral,हवामान
2589,रात्रीचे तापमान २० अंश सेल्सिअसपर्यंत खाली येण्याची शक्यता आहे.,Neutral,हवामान
2590,हवामानाचा दैनिक अहवाल संकेतस्थळावर प्रसिद्ध केला जातो.,Neutral,हवामान
2591,कंपनीने विविध पदांसाठी भरती प्रक्रिया जाहीर केली आहे.,Neutral,रोजगार
2592,उमेदवारांनी आपला बायोडाटा ई-मेलवर पाठवणे आवश्यक आहे.,Neutral,रोजगार
2593,मुलाखत ऑनलाईन व्हिडिओ कॉलद्वारे घेतली जाईल.,Neutral,रोजगार
2594,कार्यालयाची वेळ सकाळी नऊ ते सायंकाळी सहा अशी आहे.,Neutral,रोजगार
2595,नवीन कर्मचाऱ्यांचा प्रोबेशन कालावधी सहा महिन्यांचा आहे.,Neutral,रोजगार
2596,वेतन दर महिन्याच्या पहिल्या तारखेला खात्यात जमा होते.,Neutral,रोजगार
2597,कंपनीची मुख्य शाखा पुणे शहरात स्थित आहे.,Neutral,रोजगार
2598,कर्मचाऱ्यांची हजेरी बायोमेट्रिक सिस्टीमद्वारे नोंदवली जाते.,Neutral,रोजगार
2599,कामाचे स्वरूप हायब्रिड आणि ऑन-साइट असे दोन्ही आहे.,Neutral,रोजगार
2600,नोकरीच्या अटी आणि शर्ती ऑफर लेटरमध्ये नमूद केल्या आहेत.,Neutral,रोजगार
2601,"ही टोपी अजिबात चांगली नाही आहे, माझी फसवणूक झाली असे वाटते.",Negative,ऑनलाइन व्यापार
2602,"हा अभ्यासक्रम लाजवाब आहे, त्यामुळे मी खुश आहे.",Positive,शिक्षण
2603,"हे कपाट सर्वोत्कृष्ट आहे, मला खूप आवडले.",Positive,ऑनलाइन व्यापार
2604,"ही पिशवी तक्रार करण्याजोगा आहे, मला अजिबात आवडली नाही.",Negative,ऑनलाइन व्यापार
2605,हा शर्ट ऑनलाईन मिळणारा असल्याचे समजते.,Neutral,ऑनलाइन व्यापार
2606,"हा संगणक भरवशाचा आहे, माझा अनुभव चांगला होता.",Positive,तंत्रज्ञान
2607,"ही छत्री खराब प्रतीचा आहे, त्यामुळे मी निराश झालो.",Negative,ऑनलाइन व्यापार
2608,"हा चार्जर तुटलेला आहे, कोणीही घेऊ नका.",Negative,तंत्रज्ञान
2609,हे जॅकेट सरासरी असल्याचे समजते.,Neutral,ऑनलाइन व्यापार
2610,"हा मोबाईल पैसे वाया घालवणारा आहे, माझा अनुभव खूप वाईट होता.",Negative,तंत्रज्ञान
2611,हा अभ्यासक्रम वापरायला सोपा असल्याचे पाहायला मिळते.,Neutral,शिक्षण
2612,"ही खुर्ची अपेक्षेपेक्षा खराब आहे, माझा अनुभव खूप वाईट होता.",Negative,ऑनलाइन व्यापार
2613,हे स्मार्टवॉच पांढऱ्या रंगाचे असा आहे.,Neutral,तंत्रज्ञान
2614,"हे हॉटेल मनमोहक आहे, मी पूर्णपणे समाधानी आहे.",Positive,प्रवास
2615,हे जेवण पांढऱ्या रंगाचे आहे.,Neutral,अन्न
2616,"ही वेबसिरीज लाजवाब आहे, माझ्या अपेक्षेपेक्षा चांगली निघाली.",Positive,मनोरंजन
2617,"हा मोबाईल खराब प्रतीचा आहे, माझा अनुभव खूप वाईट होता.",Negative,तंत्रज्ञान
2618,हे पुस्तक विदेशी असून आजच बाजारात आला आहे.,Neutral,शिक्षण
2619,"हा चष्मा अचूक आहे, पुन्हा एकदा घ्यावासा वाटतो.",Positive,ऑनलाइन व्यापार
2620,ही पिशवी विदेशी असल्याची माहिती मिळाली आहे.,Neutral,ऑनलाइन व्यापार
2621,"हे स्मार्टवॉच उत्कृष्ट आहे, माझ्या अपेक्षेपेक्षा चांगले निघाले.",Positive,तंत्रज्ञान
2622,"हे घड्याळ खूप सदोष आहे, माझा अनुभव खूप वाईट होता.",Negative,ऑनलाइन व्यापार
2623,ही छत्री विदेशी असे म्हणता येईल.,Neutral,ऑनलाइन व्यापार
2624,हा पंखा काहीसा वेगळा असून आजच बाजारात आला आहे.,Neutral,ऑनलाइन व्यापार
2625,ही टोपी काळ्या रंगाची दिसतो.,Neutral,ऑनलाइन व्यापार
2626,"ही सायकल बकवास आहे, मी अजिबात समाधानी नाही.",Negative,वाहतूक
2627,"हे कुलूप लाजवाब आहे, मी पूर्णपणे समाधानी आहे.",Positive,ऑनलाइन व्यापार
2628,हे पत्र काळ्या रंगाचे असल्याची माहिती मिळाली आहे.,Neutral,संवाद
2629,ही सायकल लहान असे म्हणता येईल.,Neutral,वाहतूक
2630,हा अभ्यासक्रम साधारण असून आजच बाजारात आला आहे.,Neutral,शिक्षण
2631,ही बॅग निळ्या रंगाची असल्याचे समजते.,Neutral,ऑनलाइन व्यापार
2632,"ही खुर्ची असुविधाजनक आहे, कृपया यापासून दूर राहा.",Negative,ऑनलाइन व्यापार
2633,"हे कुलूप बोगस आहे, माझा अनुभव खूप वाईट होता.",Negative,ऑनलाइन व्यापार
2634,"ही खुर्ची खूप वेगाने चालणारा आहे, वापरताना आनंद मिळतो.",Positive,ऑनलाइन व्यापार
2635,हा फ्रिज विदेशी असल्याचे पाहायला मिळते.,Neutral,ऑनलाइन व्यापार
2636,"हे स्मार्टवॉच अप्रतिम आहे, पैशाचे चीज झाले.",Positive,तंत्रज्ञान
2637,"हे घड्याळ उत्कृष्ट आहे, त्यामुळे मी खुश आहे.",Positive,ऑनलाइन व्यापार
2638,ही कादंबरी सरासरी माझ्याकडे आहे.,Neutral,मनोरंजन
2639,हे पुस्तक नवीन दिसतो.,Neutral,शिक्षण
2640,हे हॉटेल ठीक असा आहे.,Neutral,प्रवास
2641,ही कथा काहीसा वेगळा आहे.,Neutral,मनोरंजन
2642,"हा फ्रिज कमकुवत आहे, मला अजिबात आवडला नाही.",Negative,ऑनलाइन व्यापार
2643,"हा फ्रिज कुचकामी आहे, मी अजिबात समाधानी नाही.",Negative,ऑनलाइन व्यापार
2644,"ही कथा मजबूत आहे, सर्वांनाच आवडेल.",Positive,मनोरंजन
2645,हा संगणक स्वस्त असून आजच बाजारात आला आहे.,Neutral,तंत्रज्ञान
2646,हे कुलूप ऑनलाईन मिळणारा असल्याची माहिती मिळाली आहे.,Neutral,ऑनलाइन व्यापार
2647,"ही शाळा कमकुवत आहे, सतत बिघडत असतो.",Negative,शिक्षण
2648,"हा संगणक मनमोहक आहे, मला खूप आवडला.",Positive,तंत्रज्ञान
2649,"ही बस मस्त आहे, सर्वांनाच आवडेल.",Positive,वाहतूक
2650,"हे जॅकेट खराब प्रतीचा आहे, मला अजिबात आवडले नाही.",Negative,ऑनलाइन व्यापार
2651,हा सोफा हलका असून सर्वांना परिचयाचा आहे.,Neutral,ऑनलाइन व्यापार
2652,"ही टोपी खूप उपयुक्त आहे, वापरताना आनंद मिळतो.",Positive,ऑनलाइन व्यापार
2653,"ही सायकल मजबूत आहे, सर्वांनाच आवडेल.",Positive,वाहतूक
2654,ही ट्रेन काहीसा वेगळा असे म्हणता येईल.,Neutral,वाहतूक
2655,हे कपाट काळ्या रंगाचे असून सर्वांना परिचयाचा आहे.,Neutral,ऑनलाइन व्यापार
2656,"हे पाकीट खूप कंटाळवाणा आहे, पैसे पूर्ण वाया गेले.",Negative,ऑनलाइन व्यापार
2657,"हा संगणक पैसे वाया घालवणारा आहे, कोणीही घेऊ नका.",Negative,तंत्रज्ञान
2658,"हे अॅप सर्वोत्कृष्ट आहे, पैशाचे चीज झाले.",Positive,तंत्रज्ञान
2659,ही योजना ऑनलाईन मिळणारा असून सर्वांना परिचयाचा आहे.,Neutral,सरकारी सेवा
2660,हे दप्तर साधारण असल्याचे पाहायला मिळते.,Neutral,शिक्षण
2661,"हे कपाट पैसे वाया घालवणारा आहे, सतत बिघडत असतो.",Negative,ऑनलाइन व्यापार
2662,हे गाणे जुना असल्याची माहिती मिळाली आहे.,Neutral,मनोरंजन
2663,हा प्रकल्प लाल रंगाचा असल्याची माहिती मिळाली आहे.,Neutral,शिक्षण
2664,"हा खेळ किफायतशीर आहे, सर्वांनाच आवडेल.",Positive,क्रीडा
2665,"हे दप्तर खराब प्रतीचा आहे, मी अजिबात समाधानी नाही.",Negative,शिक्षण
2666,"ही ट्रेन मजबूत आहे, माझ्या अपेक्षेपेक्षा चांगली निघाली.",Positive,वाहतूक
2667,हा टीव्ही निळ्या रंगाचा आहे.,Neutral,तंत्रज्ञान
2668,"हा टी-शर्ट खूप महाग आहे, माझा अनुभव खूप वाईट होता.",Negative,ऑनलाइन व्यापार
2669,"हा प्रकल्प अत्यंत संथ आहे, पैसे पूर्ण वाया गेले.",Negative,शिक्षण
2670,"हा मोबाईल तुटलेला आहे, कृपया यापासून दूर राहा.",Negative,तंत्रज्ञान
2671,"ही ट्रेन खूप सुंदर आहे, पुन्हा एकदा घ्यावासा वाटतो.",Positive,वाहतूक
2672,ही खुर्ची काळ्या रंगाची माझ्याकडे आहे.,Neutral,ऑनलाइन व्यापार
2673,"हा लॅपटॉप खूप छान आहे, वापरताना आनंद मिळतो.",Positive,तंत्रज्ञान
2674,हा टीव्ही हलका असा आहे.,Neutral,तंत्रज्ञान
2675,"ही ट्रेन मनमोहक आहे, माझा अनुभव चांगली होता.",Positive,वाहतूक
2676,"हे घर त्रासदायक आहे, मला अजिबात आवडले नाही.",Negative,स्थावर मालमत्ता
2677,"हा टी-शर्ट अतिशय निरुपयोगी आहे, माझा अनुभव खूप वाईट होता.",Negative,ऑनलाइन व्यापार
2678,"ही कविता अजिबात चांगली नाही आहे, मला अजिबात आवडली नाही.",Negative,मनोरंजन
2679,हे गाणे बऱ्यापैकी असल्याची माहिती मिळाली आहे.,Neutral,मनोरंजन
2680,हा फ्रिज लाल रंगाचा असून सर्वांना परिचयाचा आहे.,Neutral,ऑनलाइन व्यापार
2681,हा सोफा काळ्या रंगाचा आहे.,Neutral,ऑनलाइन व्यापार
2682,"हा सोफा अतिशय उपयोगी आहे, माझा अनुभव चांगला होता.",Positive,ऑनलाइन व्यापार
2683,हे पुस्तक काळ्या रंगाचे दिसतो.,Neutral,शिक्षण
2684,हा फ्रिज स्वस्त असल्याचे समजते.,Neutral,ऑनलाइन व्यापार
2685,"हे चित्र सर्वोत्कृष्ट आहे, नक्की खरेदी करा.",Positive,मनोरंजन
2686,"हा टी-शर्ट मजबूत आहे, नक्की खरेदी करा.",Positive,ऑनलाइन व्यापार
2687,"हे जॅकेट अजिबात चांगले नाही आहे, कोणीही घेऊ नका.",Negative,ऑनलाइन व्यापार
2688,"ही टोपी उत्कृष्ट आहे, मी पूर्णपणे समाधानी आहे.",Positive,ऑनलाइन व्यापार
2689,"हा टीव्ही सर्वोत्कृष्ट आहे, माझा अनुभव चांगला होता.",Positive,तंत्रज्ञान
2690,"हे घर टाकाऊ आहे, त्यामुळे मी निराश झालो.",Negative,स्थावर मालमत्ता
2691,"ही ट्रेन दर्जेदार आहे, पुन्हा एकदा घ्यावासा वाटतो.",Positive,वाहतूक
2692,"ही वेबसिरीज असुविधाजनक आहे, त्यामुळे मी निराश झालो.",Negative,मनोरंजन
2693,"हा पंखा खराब आहे, कृपया यापासून दूर राहा.",Negative,ऑनलाइन व्यापार
2694,"हा डबा अत्यंत सुंदर आहे, मला खूप आवडला.",Positive,ऑनलाइन व्यापार
2695,"हा शर्ट अतिशय निकृष्ट आहे, मी अजिबात समाधानी नाही.",Negative,ऑनलाइन व्यापार
2696,हा फ्रिज उपलब्ध आहे.,Neutral,ऑनलाइन व्यापार
2697,"हे कपाट खूप उपयुक्त आहे, त्यामुळे मी खुश आहे.",Positive,ऑनलाइन व्यापार
2698,हा पेन बऱ्यापैकी असून आजच बाजारात आला आहे.,Neutral,शिक्षण
2699,"ही कविता खूप वाईट आहे, त्यामुळे मी निराश झालो.",Negative,मनोरंजन
2700,"ही कविता खूप उपयुक्त आहे, पुन्हा एकदा घ्यावासा वाटतो.",Positive,मनोरंजन
2701,"हा चष्मा अतिशय निकृष्ट आहे, मला अजिबात आवडला नाही.",Negative,ऑनलाइन व्यापार
2702,"ही कंपनी किफायतशीर आहे, पुन्हा एकदा घ्यावासा वाटतो.",Positive,व्यवसाय
2703,"ही कंपनी अतिशय आरामदायक आहे, त्यामुळे मी खुश आहे.",Positive,व्यवसाय
2704,"हे कुलूप त्रासदायक आहे, माझा अनुभव खूप वाईट होता.",Negative,ऑनलाइन व्यापार
2705,"हा प्रकल्प तक्रार करण्याजोगा आहे, मला अजिबात आवडला नाही.",Negative,शिक्षण
2706,"हा मोबाईल एकदम थर्ड क्लास आहे, मला अजिबात आवडला नाही.",Negative,तंत्रज्ञान
2707,हा खेळ स्वस्त असून आजच बाजारात आला आहे.,Neutral,क्रीडा
2708,"हा कॅमेरा वाखाणण्याजोगा आहे, वापरताना आनंद मिळतो.",Positive,तंत्रज्ञान
2709,हा अभ्यासक्रम ऑनलाईन मिळणारा असा आहे.,Neutral,शिक्षण
2710,"ही कथा अजिबात चांगली नाही आहे, सतत बिघडत असतो.",Negative,मनोरंजन
2711,ही खुर्ची ठीक आहे.,Neutral,ऑनलाइन व्यापार
2712,"ही सायकल बोगस आहे, मला अजिबात आवडली नाही.",Negative,वाहतूक
2713,ही खुर्ची ठीकठाक असा आहे.,Neutral,ऑनलाइन व्यापार
2714,"हे जॅकेट अपेक्षेपेक्षा खराब आहे, पैसे पूर्ण वाया गेले.",Negative,ऑनलाइन व्यापार
2715,"ही बाटली अपेक्षेपेक्षा खराब आहे, मला अजिबात आवडली नाही.",Negative,ऑनलाइन व्यापार
2716,हे स्मार्टवॉच विदेशी असल्याचे पाहायला मिळते.,Neutral,तंत्रज्ञान
2717,"हे कुलूप निराशाजनक आहे, माझी फसवणूक झाली असे वाटते.",Negative,ऑनलाइन व्यापार
2718,"हे जेवण कुचकामी आहे, वापरणे खूप कठीण जाते.",Negative,अन्न
2719,"हे कपाट अजिबात चांगले नाही आहे, माझी फसवणूक झाली असे वाटते.",Negative,ऑनलाइन व्यापार
2720,"हे कपाट खराब प्रतीचा आहे, माझा अनुभव खूप वाईट होता.",Negative,ऑनलाइन व्यापार
2721,हा शर्ट स्वस्त असल्याची माहिती मिळाली आहे.,Neutral,ऑनलाइन व्यापार
2722,"हे पुस्तक खूप कंटाळवाणा आहे, सतत बिघडत असतो.",Negative,शिक्षण
2723,ही शाळा निळ्या रंगाची आहे.,Neutral,शिक्षण
2724,"हा डबा अतिशय दर्जेदार आहे, मला खूप आवडला.",Positive,ऑनलाइन व्यापार
2725,"हा संगणक कुचकामी आहे, माझी फसवणूक झाली असे वाटते.",Negative,तंत्रज्ञान
2726,"हा संगणक त्रासदायक आहे, पैसे पूर्ण वाया गेले.",Negative,तंत्रज्ञान
2727,ही कथा काहीसा वेगळा असून सर्वांना परिचयाचा आहे.,Neutral,मनोरंजन
2728,ही कादंबरी ऑनलाईन मिळणारा असल्याची माहिती मिळाली आहे.,Neutral,मनोरंजन
2729,"हा डबा भरवशाचा आहे, पुन्हा एकदा घ्यावासा वाटतो.",Positive,ऑनलाइन व्यापार
2730,"हा कॅमेरा अपेक्षेपेक्षा खराब आहे, वापरणे खूप कठीण जाते.",Negative,तंत्रज्ञान
2731,"हा खेळ एकदम थर्ड क्लास आहे, त्यामुळे मी निराश झालो.",Negative,क्रीडा
2732,हे दप्तर स्वस्त माझ्याकडे आहे.,Neutral,शिक्षण
2733,हा लॅपटॉप जुना आहे.,Neutral,तंत्रज्ञान
2734,"हे जॅकेट आकर्षक आहे, नक्की खरेदी करा.",Positive,ऑनलाइन व्यापार
2735,"ही ट्रेन अपेक्षेपेक्षा खराब आहे, मला अजिबात आवडली नाही.",Negative,वाहतूक
2736,हे घर स्थानिक आहे.,Neutral,स्थावर मालमत्ता
2737,"ही बॅग बोगस आहे, माझा अनुभव खूप वाईट होता.",Negative,ऑनलाइन व्यापार
2738,हा मोबाईल जुना दिसतो.,Neutral,तंत्रज्ञान
2739,"हे घड्याळ खूप सुंदर आहे, माझ्या अपेक्षेपेक्षा चांगले निघाले.",Positive,ऑनलाइन व्यापार
2740,हा फ्रिज विदेशी माझ्याकडे आहे.,Neutral,ऑनलाइन व्यापार
2741,हे पत्र हलका असे म्हणता येईल.,Neutral,संवाद
2742,"ही बस अतिशय आरामदायक आहे, पैशाचे चीज झाले.",Positive,वाहतूक
2743,"हा अभ्यासक्रम खूप सुंदर आहे, सर्वांनाच आवडेल.",Positive,शिक्षण
2744,"ही कार खूप कंटाळवाणा आहे, सतत बिघडत असतो.",Negative,वाहतूक
2745,हे अॅप मोठा असून आजच बाजारात आला आहे.,Neutral,तंत्रज्ञान
2746,"हा डबा बकवास आहे, कोणीही घेऊ नका.",Negative,ऑनलाइन व्यापार
2747,"हा टी-शर्ट निकृष्ट दर्जाचा आहे, वापरणे खूप कठीण जाते.",Negative,ऑनलाइन व्यापार
2748,"हे पुस्तक एकदम उत्तम आहे, नक्की खरेदी करा.",Positive,शिक्षण
2749,हा फ्रिज निळ्या रंगाचा असल्याचे समजते.,Neutral,ऑनलाइन व्यापार
2750,"हा डबा एकदम भारी आहे, मला खूप आवडला.",Positive,ऑनलाइन व्यापार
2751,हा अभ्यासक्रम महाग असल्याचे पाहायला मिळते.,Neutral,शिक्षण
2752,हा संगणक वापरायला सोपा आहे.,Neutral,तंत्रज्ञान
2753,"ही ट्रेन अप्रतिम आहे, पुन्हा एकदा घ्यावासा वाटतो.",Positive,वाहतूक
2754,ही योजना जुना दिसतो.,Neutral,सरकारी सेवा
2755,"हे घर अजिबात चांगले नाही आहे, मला अजिबात आवडले नाही.",Negative,स्थावर मालमत्ता
2756,"ही ट्रेन खूप वाईट आहे, सतत बिघडत असतो.",Negative,वाहतूक
2757,"हा संगणक अतिशय निकृष्ट आहे, सतत बिघडत असतो.",Negative,तंत्रज्ञान
2758,"ही वेबसिरीज निकृष्ट दर्जाचा आहे, मला अजिबात आवडली नाही.",Negative,मनोरंजन
2759,हे अॅप महाग असून सर्वांना परिचयाचा आहे.,Neutral,तंत्रज्ञान
2760,"ही छत्री अत्यंत सुंदर आहे, त्यामुळे मी खुश आहे.",Positive,ऑनलाइन व्यापार
2761,हा कॅमेरा महाग असा आहे.,Neutral,तंत्रज्ञान
2762,ही ट्रेन हलका दिसतो.,Neutral,वाहतूक
2763,"हा खेळ एकदम थर्ड क्लास आहे, कोणीही घेऊ नका.",Negative,क्रीडा
2764,"हा फ्रिज पैसे वाया घालवणारा आहे, कृपया यापासून दूर राहा.",Negative,ऑनलाइन व्यापार
2765,ही टोपी ठीक असून सर्वांना परिचयाचा आहे.,Neutral,ऑनलाइन व्यापार
2766,"हे अॅप खूपच चांगले आहे, वापरताना आनंद मिळतो.",Positive,तंत्रज्ञान
2767,"हे स्मार्टवॉच अपेक्षेपेक्षा खराब आहे, कोणीही घेऊ नका.",Negative,तंत्रज्ञान
2768,"ही कविता खूप छान आहे, वापरताना आनंद मिळतो.",Positive,मनोरंजन
2769,"ही बाटली अजिबात चांगली नाही आहे, माझी फसवणूक झाली असे वाटते.",Negative,ऑनलाइन व्यापार
2770,"हा प्रकल्प एकदम भारी आहे, माझा अनुभव चांगला होता.",Positive,शिक्षण
2771,"हा लॅपटॉप आकर्षक आहे, त्यामुळे मी खुश आहे.",Positive,तंत्रज्ञान
2772,"ही बॅग अतिशय दर्जेदार आहे, वापरताना आनंद मिळतो.",Positive,ऑनलाइन व्यापार
2773,"हा कॅमेरा टाकाऊ आहे, कृपया यापासून दूर राहा.",Negative,तंत्रज्ञान
2774,"हा फ्रिज एकदम भारी आहे, वापरताना आनंद मिळतो.",Positive,ऑनलाइन व्यापार
2775,"हे जेवण अत्यंत संथ आहे, पैसे पूर्ण वाया गेले.",Negative,अन्न
2776,"हे चित्र अप्रतिम आहे, वापरताना आनंद मिळतो.",Positive,मनोरंजन
2777,"ही बॅग अजिबात चांगली नाही आहे, मी अजिबात समाधानी नाही.",Negative,ऑनलाइन व्यापार
2778,"ही कंपनी एकदम उत्तम आहे, नक्की खरेदी करा.",Positive,व्यवसाय
2779,"हे पत्र कमकुवत आहे, मी अजिबात समाधानी नाही.",Negative,संवाद
2780,हा संगणक बऱ्यापैकी असे म्हणता येईल.,Neutral,तंत्रज्ञान
2781,"हा फ्रिज अपेक्षेपेक्षा खराब आहे, पैसे पूर्ण वाया गेले.",Negative,ऑनलाइन व्यापार
2782,"ही सायकल अजिबात चांगली नाही आहे, पैसे पूर्ण वाया गेले.",Negative,वाहतूक
2783,"ही कथा त्रासदायक आहे, माझा अनुभव खूप वाईट होता.",Negative,मनोरंजन
2784,हा कॅमेरा उपलब्ध असल्याचे पाहायला मिळते.,Neutral,तंत्रज्ञान
2785,हे गाणे पांढऱ्या रंगाचे असल्याची माहिती मिळाली आहे.,Neutral,मनोरंजन
2786,"हे कुलूप तक्रार करण्याजोगा आहे, त्यामुळे मी निराश झालो.",Negative,ऑनलाइन व्यापार
2787,"हे कुलूप वाखाणण्याजोगा आहे, पुन्हा एकदा घ्यावासा वाटतो.",Positive,ऑनलाइन व्यापार
2788,"ही सायकल मनमोहक आहे, माझा अनुभव चांगली होता.",Positive,वाहतूक
2789,"हा चार्जर खूप महाग आहे, मी अजिबात समाधानी नाही.",Negative,तंत्रज्ञान
2790,"ही बॅग खूप छान आहे, माझ्या अपेक्षेपेक्षा चांगली निघाली.",Positive,ऑनलाइन व्यापार
2791,ही बाटली बऱ्यापैकी असल्याचे पाहायला मिळते.,Neutral,ऑनलाइन व्यापार
2792,ही सेवा काहीसा वेगळा आहे.,Neutral,ग्राहक सेवा
2793,"ही कथा निराशाजनक आहे, पैसे पूर्ण वाया गेले.",Negative,मनोरंजन
2794,"ही ट्रेन खूप वेगाने चालणारा आहे, पैशाचे चीज झाले.",Positive,वाहतूक
2795,"ही योजना अचूक आहे, मला खूप आवडली.",Positive,सरकारी सेवा
2796,"हे स्मार्टवॉच बकवास आहे, कृपया यापासून दूर राहा.",Negative,तंत्रज्ञान
2797,"ही ट्रेन एकदम भारी आहे, माझ्या अपेक्षेपेक्षा चांगली निघाली.",Positive,वाहतूक
2798,"हा खेळ खूप छान आहे, त्यामुळे मी खुश आहे.",Positive,क्रीडा
2799,"हा संगणक पैसे वाया घालवणारा आहे, कृपया यापासून दूर राहा.",Negative,तंत्रज्ञान
2800,"हा डबा अतिशय आरामदायक आहे, माझा अनुभव चांगला होता.",Positive,ऑनलाइन व्यापार
2801,"हे हॉटेल अतिशय दर्जेदार आहे, नक्की खरेदी करा.",Positive,प्रवास
2802,"ही सेवा खूपच चांगली आहे, मला खूप आवडली.",Positive,ग्राहक सेवा
2803,"ही शाळा त्रासदायक आहे, सतत बिघडत असतो.",Negative,शिक्षण
2804,हे पुस्तक नेहमीसारखा असून सर्वांना परिचयाचा आहे.,Neutral,शिक्षण
2805,"ही कादंबरी कुचकामी आहे, पैसे पूर्ण वाया गेले.",Negative,मनोरंजन
2806,"हा सोफा भरवशाचा आहे, पैशाचे चीज झाले.",Positive,ऑनलाइन व्यापार
2807,"हे गाणे निराशाजनक आहे, वापरणे खूप कठीण जाते.",Negative,मनोरंजन
2808,"हे घड्याळ किफायतशीर आहे, नक्की खरेदी करा.",Positive,ऑनलाइन व्यापार
2809,"ही कादंबरी अतिशय आरामदायक आहे, पुन्हा एकदा घ्यावासा वाटतो.",Positive,मनोरंजन
2810,"ही बस अचूक आहे, माझ्या अपेक्षेपेक्षा चांगली निघाली.",Positive,वाहतूक
2811,"हा डबा पैसे वाया घालवणारा आहे, सतत बिघडत असतो.",Negative,ऑनलाइन व्यापार
2812,हे पाकीट साधारण दिसतो.,Neutral,ऑनलाइन व्यापार
2813,हा टीव्ही विदेशी असून आजच बाजारात आला आहे.,Neutral,तंत्रज्ञान
2814,हे नाटक निळ्या रंगाचे आहे.,Neutral,मनोरंजन
2815,हे हॉटेल वापरायला सोपा माझ्याकडे आहे.,Neutral,प्रवास
2816,"ही सायकल अत्यंत सुंदर आहे, पैशाचे चीज झाले.",Positive,वाहतूक
2817,"हा डबा अतिशय आरामदायक आहे, पैशाचे चीज झाले.",Positive,ऑनलाइन व्यापार
2818,"हा डबा खूप वेगाने चालणारा आहे, वापरताना आनंद मिळतो.",Positive,ऑनलाइन व्यापार
2819,"हा चार्जर अत्यंत सुंदर आहे, पैशाचे चीज झाले.",Positive,तंत्रज्ञान
2820,"ही पिशवी अतिशय उपयोगी आहे, माझ्या अपेक्षेपेक्षा चांगली निघाली.",Positive,ऑनलाइन व्यापार
2821,हे घड्याळ नेहमीसारखा असल्याची माहिती मिळाली आहे.,Neutral,ऑनलाइन व्यापार
2822,"हा डबा मनमोहक आहे, मला खूप आवडला.",Positive,ऑनलाइन व्यापार
2823,"ही पिशवी असुविधाजनक आहे, वापरणे खूप कठीण जाते.",Negative,ऑनलाइन व्यापार
2824,हा शर्ट साधारण असल्याचे पाहायला मिळते.,Neutral,ऑनलाइन व्यापार
2825,"ही कार तुटलेला आहे, पैसे पूर्ण वाया गेले.",Negative,वाहतूक
2826,"ही कार अतिशय उपयोगी आहे, माझ्या अपेक्षेपेक्षा चांगली निघाली.",Positive,वाहतूक
2827,"हे पाकीट अतिशय आरामदायक आहे, नक्की खरेदी करा.",Positive,ऑनलाइन व्यापार
2828,हा सोफा पांढऱ्या रंगाचा असल्याचे पाहायला मिळते.,Neutral,ऑनलाइन व्यापार
2829,"ही सेवा अचूक आहे, माझा अनुभव चांगली होता.",Positive,ग्राहक सेवा
2830,"हे घर तक्रार करण्याजोगा आहे, माझी फसवणूक झाली असे वाटते.",Negative,स्थावर मालमत्ता
2831,ही बॅग वापरायला सोपा असे म्हणता येईल.,Neutral,ऑनलाइन व्यापार
2832,"हा लॅपटॉप खूपच चांगला आहे, मी पूर्णपणे समाधानी आहे.",Positive,तंत्रज्ञान
2833,ही ट्रेन लाल रंगाची असे म्हणता येईल.,Neutral,वाहतूक
2834,"हा टीव्ही निकृष्ट दर्जाचा आहे, माझी फसवणूक झाली असे वाटते.",Negative,तंत्रज्ञान
2835,"ही छत्री खूपच चांगली आहे, माझा अनुभव चांगली होता.",Positive,ऑनलाइन व्यापार
2836,ही कथा ऑनलाईन मिळणारा असल्याचे पाहायला मिळते.,Neutral,मनोरंजन
2837,हे हॉटेल स्वस्त आहे.,Neutral,प्रवास
2838,हा चष्मा स्थानिक असा आहे.,Neutral,ऑनलाइन व्यापार
2839,"हे घर अपेक्षेपेक्षा खराब आहे, सतत बिघडत असतो.",Negative,स्थावर मालमत्ता
2840,"ही कादंबरी अत्यंत सुंदर आहे, माझा अनुभव चांगली होता.",Positive,मनोरंजन
2841,"ही कथा बकवास आहे, मला अजिबात आवडली नाही.",Negative,मनोरंजन
2842,"ही कविता एकदम उत्तम आहे, मला खूप आवडली.",Positive,मनोरंजन
2843,"हा फ्रिज खूप महाग आहे, कोणीही घेऊ नका.",Negative,ऑनलाइन व्यापार
2844,"हा चष्मा तुटलेला आहे, कृपया यापासून दूर राहा.",Negative,ऑनलाइन व्यापार
2845,हा कॅमेरा जुना आहे.,Neutral,तंत्रज्ञान
2846,हे दप्तर सरासरी असून आजच बाजारात आला आहे.,Neutral,शिक्षण
2847,"हा फ्रिज बकवास आहे, माझी फसवणूक झाली असे वाटते.",Negative,ऑनलाइन व्यापार
2848,"ही वेबसिरीज अचूक आहे, सर्वांनाच आवडेल.",Positive,मनोरंजन
2849,"हा पंखा मनमोहक आहे, वापरताना आनंद मिळतो.",Positive,ऑनलाइन व्यापार
2850,हा संगणक जुना असे म्हणता येईल.,Neutral,तंत्रज्ञान
2851,हे गाणे महाग असा आहे.,Neutral,मनोरंजन
2852,"हा डबा अत्यंत सुंदर आहे, पैशाचे चीज झाले.",Positive,ऑनलाइन व्यापार
2853,"हे कपाट त्रासदायक आहे, सतत बिघडत असतो.",Negative,ऑनलाइन व्यापार
2854,"ही बस त्रासदायक आहे, वापरणे खूप कठीण जाते.",Negative,वाहतूक
2855,"हा फ्रिज खूप वाईट आहे, कृपया यापासून दूर राहा.",Negative,ऑनलाइन व्यापार
2856,ही छत्री मोठा असल्याचे समजते.,Neutral,ऑनलाइन व्यापार
2857,"ही सेवा त्रासदायक आहे, माझी फसवणूक झाली असे वाटते.",Negative,ग्राहक सेवा
2858,"हे कपाट मस्त आहे, वापरताना आनंद मिळतो.",Positive,ऑनलाइन व्यापार
2859,हा प्रकल्प ठीक असून सर्वांना परिचयाचा आहे.,Neutral,शिक्षण
2860,ही कविता ऑनलाईन मिळणारा असून आजच बाजारात आला आहे.,Neutral,मनोरंजन
2861,"हे नाटक कुचकामी आहे, मला अजिबात आवडले नाही.",Negative,मनोरंजन
2862,"हा सोफा अतिशय आरामदायक आहे, त्यामुळे मी खुश आहे.",Positive,ऑनलाइन व्यापार
2863,"ही सेवा अतिशय आरामदायक आहे, वापरताना आनंद मिळतो.",Positive,ग्राहक सेवा
2864,"ही छत्री खूप कंटाळवाणा आहे, पैसे पूर्ण वाया गेले.",Negative,ऑनलाइन व्यापार
2865,"हे गाणे अतिशय उपयोगी आहे, माझ्या अपेक्षेपेक्षा चांगले निघाले.",Positive,मनोरंजन
2866,"हे जेवण दर्जेदार आहे, मला खूप आवडले.",Positive,अन्न
2867,ही बस ठीक असे म्हणता येईल.,Neutral,वाहतूक
2868,"ही ट्रेन खराब आहे, वापरणे खूप कठीण जाते.",Negative,वाहतूक
2869,हा प्रकल्प नेहमीसारखा असे म्हणता येईल.,Neutral,शिक्षण
2870,"हा चार्जर खूप वेगाने चालणारा आहे, वापरताना आनंद मिळतो.",Positive,तंत्रज्ञान
2871,"हा अभ्यासक्रम निराशाजनक आहे, वापरणे खूप कठीण जाते.",Negative,शिक्षण
2872,हा पंखा लहान असल्याचे पाहायला मिळते.,Neutral,ऑनलाइन व्यापार
2873,ही सायकल लाल रंगाची माझ्याकडे आहे.,Neutral,वाहतूक
2874,"हा टीव्ही निकृष्ट दर्जाचा आहे, मी अजिबात समाधानी नाही.",Negative,तंत्रज्ञान
2875,"हा चष्मा एकदम उत्तम आहे, माझा अनुभव चांगला होता.",Positive,ऑनलाइन व्यापार
2876,"ही बाटली खराब प्रतीचा आहे, सतत बिघडत असतो.",Negative,ऑनलाइन व्यापार
2877,"ही बॅग बकवास आहे, मी अजिबात समाधानी नाही.",Negative,ऑनलाइन व्यापार
2878,"हा संगणक निकृष्ट दर्जाचा आहे, वापरणे खूप कठीण जाते.",Negative,तंत्रज्ञान
2879,हे स्मार्टवॉच स्वस्त माझ्याकडे आहे.,Neutral,तंत्रज्ञान
2880,ही पिशवी लाल रंगाची असे म्हणता येईल.,Neutral,ऑनलाइन व्यापार
2881,"हा पंखा खूप छान आहे, पैशाचे चीज झाले.",Positive,ऑनलाइन व्यापार
2882,"हा टी-शर्ट एकदम भारी आहे, त्यामुळे मी खुश आहे.",Positive,ऑनलाइन व्यापार
2883,"हा चार्जर मजबूत आहे, माझ्या अपेक्षेपेक्षा चांगला निघाला.",Positive,तंत्रज्ञान
2884,"हा चष्मा खूप वाईट आहे, वापरणे खूप कठीण जाते.",Negative,ऑनलाइन व्यापार
2885,"हे पुस्तक किफायतशीर आहे, सर्वांनाच आवडेल.",Positive,शिक्षण
2886,"ही टोपी खूप सदोष आहे, कृपया यापासून दूर राहा.",Negative,ऑनलाइन व्यापार
2887,"हे पत्र एकदम भारी आहे, मला खूप आवडले.",Positive,संवाद
2888,"हा संगणक टाकाऊ आहे, कोणीही घेऊ नका.",Negative,तंत्रज्ञान
2889,"हे दप्तर कमकुवत आहे, कोणीही घेऊ नका.",Negative,शिक्षण
2890,"ही खुर्ची अतिशय दर्जेदार आहे, माझ्या अपेक्षेपेक्षा चांगली निघाली.",Positive,ऑनलाइन व्यापार
2891,हा सोफा साधारण असून सर्वांना परिचयाचा आहे.,Neutral,ऑनलाइन व्यापार
2892,"हा मोबाईल निराशाजनक आहे, सतत बिघडत असतो.",Negative,तंत्रज्ञान
2893,"हा फ्रिज किफायतशीर आहे, पैशाचे चीज झाले.",Positive,ऑनलाइन व्यापार
2894,"हे गाणे आकर्षक आहे, मी पूर्णपणे समाधानी आहे.",Positive,मनोरंजन
2895,"ही सायकल खराब प्रतीचा आहे, वापरणे खूप कठीण जाते.",Negative,वाहतूक
2896,"ही पिशवी दर्जेदार आहे, मी पूर्णपणे समाधानी आहे.",Positive,ऑनलाइन व्यापार
2897,"हे दप्तर मजबूत आहे, मला खूप आवडले.",Positive,शिक्षण
2898,"हे गाणे अप्रतिम आहे, सर्वांनाच आवडेल.",Positive,मनोरंजन
2899,"हे दप्तर तुटलेला आहे, कोणीही घेऊ नका.",Negative,शिक्षण
2900,हे घर ठीक असून सर्वांना परिचयाचा आहे.,Neutral,स्थावर मालमत्ता
2901,"हा संगणक खराब आहे, मी अजिबात समाधानी नाही.",Negative,तंत्रज्ञान
2902,"हे नाटक अपेक्षेपेक्षा खराब आहे, माझा अनुभव खूप वाईट होता.",Negative,मनोरंजन
2903,"ही बस खूप सदोष आहे, मी अजिबात समाधानी नाही.",Negative,वाहतूक
2904,"हा खेळ एकदम उत्तम आहे, सर्वांनाच आवडेल.",Positive,क्रीडा
2905,"हा चित्रपट खराब प्रतीचा आहे, माझा अनुभव खूप वाईट होता.",Negative,मनोरंजन
2906,"हे स्मार्टवॉच उत्कृष्ट आहे, वापरताना आनंद मिळतो.",Positive,तंत्रज्ञान
2907,"हे घर कमकुवत आहे, मी अजिबात समाधानी नाही.",Negative,स्थावर मालमत्ता
2908,"ही पिशवी मजबूत आहे, मी पूर्णपणे समाधानी आहे.",Positive,ऑनलाइन व्यापार
2909,"ही कविता किफायतशीर आहे, वापरताना आनंद मिळतो.",Positive,मनोरंजन
2910,"हा टीव्ही आकर्षक आहे, मी पूर्णपणे समाधानी आहे.",Positive,तंत्रज्ञान
2911,ही कार लहान असल्याची माहिती मिळाली आहे.,Neutral,वाहतूक
2912,"हा चष्मा अत्यंत संथ आहे, वापरणे खूप कठीण जाते.",Negative,ऑनलाइन व्यापार
2913,ही बस काहीसा वेगळा असल्याचे पाहायला मिळते.,Neutral,वाहतूक
2914,"हा शर्ट कुचकामी आहे, कृपया यापासून दूर राहा.",Negative,ऑनलाइन व्यापार
2915,"हे पत्र अत्यंत संथ आहे, कोणीही घेऊ नका.",Negative,संवाद
2916,"हे पुस्तक खूप वेगाने चालणारा आहे, त्यामुळे मी खुश आहे.",Positive,शिक्षण
2917,"हे घर अत्यंत सुंदर आहे, पुन्हा एकदा घ्यावासा वाटतो.",Positive,स्थावर मालमत्ता
2918,"हे नाटक अप्रतिम आहे, त्यामुळे मी खुश आहे.",Positive,मनोरंजन
2919,"हे पाकीट अतिशय निकृष्ट आहे, कोणीही घेऊ नका.",Negative,ऑनलाइन व्यापार
2920,"हे पाकीट आकर्षक आहे, सर्वांनाच आवडेल.",Positive,ऑनलाइन व्यापार
2921,"ही कथा मस्त आहे, सर्वांनाच आवडेल.",Positive,मनोरंजन
2922,ही बाटली महाग असून आजच बाजारात आला आहे.,Neutral,ऑनलाइन व्यापार
2923,हा लॅपटॉप ठीक असल्याचे समजते.,Neutral,तंत्रज्ञान
2924,"हा मोबाईल लाजवाब आहे, माझ्या अपेक्षेपेक्षा चांगला निघाला.",Positive,तंत्रज्ञान
2925,ही छत्री साधारण असा आहे.,Neutral,ऑनलाइन व्यापार
2926,"ही सेवा उत्कृष्ट आहे, वापरताना आनंद मिळतो.",Positive,ग्राहक सेवा
2927,ही ट्रेन विदेशी असल्याची माहिती मिळाली आहे.,Neutral,वाहतूक
2928,"हा मोबाईल एकदम भारी आहे, त्यामुळे मी खुश आहे.",Positive,तंत्रज्ञान
2929,"हा कॅमेरा अतिशय उपयोगी आहे, माझा अनुभव चांगला होता.",Positive,तंत्रज्ञान
2930,हा खेळ ठीकठाक दिसतो.,Neutral,क्रीडा
2931,ही खुर्ची काळ्या रंगाची असल्याचे पाहायला मिळते.,Neutral,ऑनलाइन व्यापार
2932,हा पंखा बऱ्यापैकी असल्याचे समजते.,Neutral,ऑनलाइन व्यापार
2933,"हा डबा अचूक आहे, मला खूप आवडला.",Positive,ऑनलाइन व्यापार
2934,"हा खेळ अतिशय निरुपयोगी आहे, माझा अनुभव खूप वाईट होता.",Negative,क्रीडा
2935,ही कथा स्थानिक असून सर्वांना परिचयाचा आहे.,Neutral,मनोरंजन
2936,हे हॉटेल महाग असे म्हणता येईल.,Neutral,प्रवास
2937,"ही कंपनी उत्कृष्ट आहे, सर्वांनाच आवडेल.",Positive,व्यवसाय
2938,"हे पत्र अत्यंत संथ आहे, माझी फसवणूक झाली असे वाटते.",Negative,संवाद
2939,"हा कॅमेरा सर्वोत्कृष्ट आहे, माझ्या अपेक्षेपेक्षा चांगला निघाला.",Positive,तंत्रज्ञान
2940,"हे कपाट किफायतशीर आहे, पैशाचे चीज झाले.",Positive,ऑनलाइन व्यापार
2941,"हा शर्ट खूप वाईट आहे, मी अजिबात समाधानी नाही.",Negative,ऑनलाइन व्यापार
2942,"हा संगणक भरवशाचा आहे, मी पूर्णपणे समाधानी आहे.",Positive,तंत्रज्ञान
2943,ही शाळा मोठा माझ्याकडे आहे.,Neutral,शिक्षण
2944,"हे हॉटेल बकवास आहे, सतत बिघडत असतो.",Negative,प्रवास
2945,"ही बॅग एकदम थर्ड क्लास आहे, कोणीही घेऊ नका.",Negative,ऑनलाइन व्यापार
2946,हे दप्तर वापरायला सोपा असून आजच बाजारात आला आहे.,Neutral,शिक्षण
2947,हा संगणक वापरायला सोपा असल्याचे समजते.,Neutral,तंत्रज्ञान
2948,"हा डबा कुचकामी आहे, पैसे पूर्ण वाया गेले.",Negative,ऑनलाइन व्यापार
2949,"ही खुर्ची आकर्षक आहे, त्यामुळे मी खुश आहे.",Positive,ऑनलाइन व्यापार
2950,हे जेवण साधारण असून आजच बाजारात आला आहे.,Neutral,अन्न
2951,"हा पेन मजबूत आहे, वापरताना आनंद मिळतो.",Positive,शिक्षण
2952,"हा पंखा खराब प्रतीचा आहे, माझी फसवणूक झाली असे वाटते.",Negative,ऑनलाइन व्यापार
2953,हे स्मार्टवॉच लाल रंगाचे माझ्याकडे आहे.,Neutral,तंत्रज्ञान
2954,हा सोफा हलका असल्याची माहिती मिळाली आहे.,Neutral,ऑनलाइन व्यापार
2955,"हे जेवण खूप सदोष आहे, मला अजिबात आवडले नाही.",Negative,अन्न
2956,हा टी-शर्ट स्थानिक असून आजच बाजारात आला आहे.,Neutral,ऑनलाइन व्यापार
2957,"ही कादंबरी लाजवाब आहे, माझ्या अपेक्षेपेक्षा चांगली निघाली.",Positive,मनोरंजन
2958,"ही सेवा खूप छान आहे, माझा अनुभव चांगली होता.",Positive,ग्राहक सेवा
2959,"ही सेवा खूप वेगाने चालणारा आहे, नक्की खरेदी करा.",Positive,ग्राहक सेवा
2960,"ही ट्रेन अतिशय निकृष्ट आहे, पैसे पूर्ण वाया गेले.",Negative,वाहतूक
2961,"हे अॅप आकर्षक आहे, माझ्या अपेक्षेपेक्षा चांगले निघाले.",Positive,तंत्रज्ञान
2962,"हे स्मार्टवॉच दर्जेदार आहे, पुन्हा एकदा घ्यावासा वाटतो.",Positive,तंत्रज्ञान
2963,"हे कपाट बकवास आहे, मला अजिबात आवडले नाही.",Negative,ऑनलाइन व्यापार
2964,ही सायकल हलका माझ्याकडे आहे.,Neutral,वाहतूक
2965,"हे हॉटेल उत्कृष्ट आहे, पैशाचे चीज झाले.",Positive,प्रवास
2966,"हे अॅप खूप वाईट आहे, सतत बिघडत असतो.",Negative,तंत्रज्ञान
2967,हे घड्याळ ठीकठाक दिसतो.,Neutral,ऑनलाइन व्यापार
2968,"हा कॅमेरा अतिशय दर्जेदार आहे, मी पूर्णपणे समाधानी आहे.",Positive,तंत्रज्ञान
2969,हे नाटक उपलब्ध असल्याचे समजते.,Neutral,मनोरंजन
2970,"हे कपाट भरवशाचा आहे, सर्वांनाच आवडेल.",Positive,ऑनलाइन व्यापार
2971,हे कपाट ठीकठाक असल्याची माहिती मिळाली आहे.,Neutral,ऑनलाइन व्यापार
2972,"हे स्मार्टवॉच खूप वाईट आहे, त्यामुळे मी निराश झालो.",Negative,तंत्रज्ञान
2973,हे कपाट वापरायला सोपा असून सर्वांना परिचयाचा आहे.,Neutral,ऑनलाइन व्यापार
2974,हे दप्तर महाग दिसतो.,Neutral,शिक्षण
2975,हा कॅमेरा जुना असा आहे.,Neutral,तंत्रज्ञान
2976,"ही शाळा त्रासदायक आहे, कोणीही घेऊ नका.",Negative,शिक्षण
2977,"हे चित्र लाजवाब आहे, पैशाचे चीज झाले.",Positive,मनोरंजन
2978,हे जॅकेट वापरायला सोपा माझ्याकडे आहे.,Neutral,ऑनलाइन व्यापार
2979,हे जेवण जड दिसतो.,Neutral,अन्न
2980,"ही सायकल पैसे वाया घालवणारा आहे, त्यामुळे मी निराश झालो.",Negative,वाहतूक
2981,"ही टोपी अतिशय दर्जेदार आहे, सर्वांनाच आवडेल.",Positive,ऑनलाइन व्यापार
2982,हे हॉटेल विदेशी दिसतो.,Neutral,प्रवास
2983,"ही सायकल खूप कंटाळवाणा आहे, पैसे पूर्ण वाया गेले.",Negative,वाहतूक
2984,"ही सायकल अतिशय दर्जेदार आहे, नक्की खरेदी करा.",Positive,वाहतूक
2985,"हा संगणक एकदम भारी आहे, पुन्हा एकदा घ्यावासा वाटतो.",Positive,तंत्रज्ञान
2986,"ही कंपनी कुचकामी आहे, वापरणे खूप कठीण जाते.",Negative,व्यवसाय
2987,"हे जॅकेट पैसे वाया घालवणारा आहे, मी अजिबात समाधानी नाही.",Negative,ऑनलाइन व्यापार
2988,"हा अभ्यासक्रम पैसे वाया घालवणारा आहे, त्यामुळे मी निराश झालो.",Negative,शिक्षण
2989,"हा अभ्यासक्रम तक्रार करण्याजोगा आहे, वापरणे खूप कठीण जाते.",Negative,शिक्षण
2990,"हा पंखा एकदम उत्तम आहे, वापरताना आनंद मिळतो.",Positive,ऑनलाइन व्यापार
2991,ही कार निळ्या रंगाची आहे.,Neutral,वाहतूक
2992,"हे कुलूप खराब प्रतीचा आहे, वापरणे खूप कठीण जाते.",Negative,ऑनलाइन व्यापार
2993,"हे अॅप उत्कृष्ट आहे, पुन्हा एकदा घ्यावासा वाटतो.",Positive,तंत्रज्ञान
2994,"हे नाटक भरवशाचा आहे, सर्वांनाच आवडेल.",Positive,मनोरंजन
2995,"ही खुर्ची त्रासदायक आहे, मी अजिबात समाधानी नाही.",Negative,ऑनलाइन व्यापार
2996,ही शाळा मोठा दिसतो.,Neutral,शिक्षण
2997,"हे जेवण वाखाणण्याजोगा आहे, मला खूप आवडले.",Positive,अन्न
2998,हा सोफा नवीन असे म्हणता येईल.,Neutral,ऑनलाइन व्यापार
2999,ही कविता विदेशी असल्याचे पाहायला मिळते.,Neutral,मनोरंजन
3000,"ही कथा किफायतशीर आहे, नक्की खरेदी करा.",Positive,मनोरंजन
3001,हा पंखा साधारण असा आहे.,Neutral,ऑनलाइन व्यापार
3002,हा खेळ जड आहे.,Neutral,क्रीडा
3003,"हे जेवण खूप वाईट आहे, माझी फसवणूक झाली असे वाटते.",Negative,अन्न
3004,"हे गाणे लाजवाब आहे, वापरताना आनंद मिळतो.",Positive,मनोरंजन
3005,"ही छत्री टाकाऊ आहे, पैसे पूर्ण वाया गेले.",Negative,ऑनलाइन व्यापार
3006,"हा प्रकल्प अजिबात चांगला नाही आहे, सतत बिघडत असतो.",Negative,शिक्षण
3007,"हा कॅमेरा अत्यंत सुंदर आहे, सर्वांनाच आवडेल.",Positive,तंत्रज्ञान
3008,हा फ्रिज ठीकठाक दिसतो.,Neutral,ऑनलाइन व्यापार
3009,"हा चष्मा कमकुवत आहे, त्यामुळे मी निराश झालो.",Negative,ऑनलाइन व्यापार
3010,"ही खुर्ची त्रासदायक आहे, माझी फसवणूक झाली असे वाटते.",Negative,ऑनलाइन व्यापार
3011,"ही बस खूप उपयुक्त आहे, सर्वांनाच आवडेल.",Positive,वाहतूक
3012,"हा सोफा खूप छान आहे, सर्वांनाच आवडेल.",Positive,ऑनलाइन व्यापार
3013,"हा फ्रिज खूप महाग आहे, कृपया यापासून दूर राहा.",Negative,ऑनलाइन व्यापार
3014,"हा शर्ट बकवास आहे, त्यामुळे मी निराश झालो.",Negative,ऑनलाइन व्यापार
3015,"हे हॉटेल किफायतशीर आहे, वापरताना आनंद मिळतो.",Positive,प्रवास
3016,"हा पेन निकृष्ट दर्जाचा आहे, माझी फसवणूक झाली असे वाटते.",Negative,शिक्षण
3017,"हे कुलूप भरवशाचा आहे, मी पूर्णपणे समाधानी आहे.",Positive,ऑनलाइन व्यापार
3018,हे पत्र विदेशी माझ्याकडे आहे.,Neutral,संवाद
3019,"ही कार सर्वोत्कृष्ट आहे, त्यामुळे मी खुश आहे.",Positive,वाहतूक
3020,हे पुस्तक नेहमीसारखा असल्याची माहिती मिळाली आहे.,Neutral,शिक्षण
3021,हा टीव्ही विदेशी असा आहे.,Neutral,तंत्रज्ञान
3022,"हा शर्ट तुटलेला आहे, मला अजिबात आवडला नाही.",Negative,ऑनलाइन व्यापार
3023,"ही कंपनी टाकाऊ आहे, पैसे पूर्ण वाया गेले.",Negative,व्यवसाय
3024,ही टोपी साधारण असे म्हणता येईल.,Neutral,ऑनलाइन व्यापार
3025,"हे पुस्तक लाजवाब आहे, माझ्या अपेक्षेपेक्षा चांगले निघाले.",Positive,शिक्षण
3026,"ही बॅग निकृष्ट दर्जाचा आहे, मी अजिबात समाधानी नाही.",Negative,ऑनलाइन व्यापार
3027,"ही बॅग कुचकामी आहे, कोणीही घेऊ नका.",Negative,ऑनलाइन व्यापार
3028,"ही ट्रेन अत्यंत संथ आहे, माझा अनुभव खूप वाईट होता.",Negative,वाहतूक
3029,हे नाटक वापरायला सोपा असल्याची माहिती मिळाली आहे.,Neutral,मनोरंजन
3030,ही बॅग नेहमीसारखा असे म्हणता येईल.,Neutral,ऑनलाइन व्यापार
3031,ही बस बऱ्यापैकी असा आहे.,Neutral,वाहतूक
3032,ही छत्री सरासरी असून सर्वांना परिचयाचा आहे.,Neutral,ऑनलाइन व्यापार
3033,हे अॅप विदेशी माझ्याकडे आहे.,Neutral,तंत्रज्ञान
3034,ही सेवा ऑनलाईन मिळणारा असल्याचे पाहायला मिळते.,Neutral,ग्राहक सेवा
3035,"हे हॉटेल खूप वाईट आहे, सतत बिघडत असतो.",Negative,प्रवास
3036,"हे जॅकेट अतिशय आरामदायक आहे, मला खूप आवडले.",Positive,ऑनलाइन व्यापार
3037,"ही सेवा टाकाऊ आहे, मी अजिबात समाधानी नाही.",Negative,ग्राहक सेवा
3038,"हे अॅप वाखाणण्याजोगा आहे, त्यामुळे मी खुश आहे.",Positive,तंत्रज्ञान
3039,"हे जेवण किफायतशीर आहे, वापरताना आनंद मिळतो.",Positive,अन्न
3040,"हे कपाट अतिशय आरामदायक आहे, नक्की खरेदी करा.",Positive,ऑनलाइन व्यापार
3041,हा चष्मा उपलब्ध असल्याचे समजते.,Neutral,ऑनलाइन व्यापार
3042,"हे गाणे अप्रतिम आहे, वापरताना आनंद मिळतो.",Positive,मनोरंजन
3043,हा खेळ लहान असा आहे.,Neutral,क्रीडा
3044,हे नाटक विदेशी असून आजच बाजारात आला आहे.,Neutral,मनोरंजन
3045,ही खुर्ची लहान असून सर्वांना परिचयाचा आहे.,Neutral,ऑनलाइन व्यापार
3046,हे घड्याळ लहान माझ्याकडे आहे.,Neutral,ऑनलाइन व्यापार
3047,"ही शाळा अतिशय निकृष्ट आहे, मला अजिबात आवडली नाही.",Negative,शिक्षण
3048,"हा सोफा अतिशय निकृष्ट आहे, कोणीही घेऊ नका.",Negative,ऑनलाइन व्यापार
3049,हा अभ्यासक्रम स्वस्त माझ्याकडे आहे.,Neutral,शिक्षण
3050,"ही बस खूप वाईट आहे, सतत बिघडत असतो.",Negative,वाहतूक
3051,हा पेन काहीसा वेगळा असे म्हणता येईल.,Neutral,शिक्षण
3052,हा चष्मा महाग आहे.,Neutral,ऑनलाइन व्यापार
3053,हे चित्र ठीक असल्याची माहिती मिळाली आहे.,Neutral,मनोरंजन
3054,"ही सेवा भरवशाचा आहे, त्यामुळे मी खुश आहे.",Positive,ग्राहक सेवा
3055,"ही पिशवी कमकुवत आहे, त्यामुळे मी निराश झालो.",Negative,ऑनलाइन व्यापार
3056,"ही कथा निकृष्ट दर्जाचा आहे, वापरणे खूप कठीण जाते.",Negative,मनोरंजन
3057,"हे पाकीट खराब प्रतीचा आहे, कृपया यापासून दूर राहा.",Negative,ऑनलाइन व्यापार
3058,"ही कविता खराब आहे, सतत बिघडत असतो.",Negative,मनोरंजन
3059,"हे घर तुटलेला आहे, पैसे पूर्ण वाया गेले.",Negative,स्थावर मालमत्ता
3060,हे दप्तर बऱ्यापैकी असा आहे.,Neutral,शिक्षण
3061,"हा प्रकल्प त्रासदायक आहे, माझा अनुभव खूप वाईट होता.",Negative,शिक्षण
3062,"ही टोपी तुटलेला आहे, कोणीही घेऊ नका.",Negative,ऑनलाइन व्यापार
3063,हा संगणक साधारण असल्याची माहिती मिळाली आहे.,Neutral,तंत्रज्ञान
3064,"हे जॅकेट आकर्षक आहे, माझा अनुभव चांगले होता.",Positive,ऑनलाइन व्यापार
3065,"हा अभ्यासक्रम अतिशय आरामदायक आहे, मी पूर्णपणे समाधानी आहे.",Positive,शिक्षण
3066,हे चित्र लहान असा आहे.,Neutral,मनोरंजन
3067,"ही बॅग निकृष्ट दर्जाचा आहे, माझा अनुभव खूप वाईट होता.",Negative,ऑनलाइन व्यापार
3068,ही शाळा नेहमीसारखा असल्याचे समजते.,Neutral,शिक्षण
3069,"हे अॅप निराशाजनक आहे, सतत बिघडत असतो.",Negative,तंत्रज्ञान
3070,"ही खुर्ची मजबूत आहे, सर्वांनाच आवडेल.",Positive,ऑनलाइन व्यापार
3071,ही सायकल ठीकठाक असून सर्वांना परिचयाचा आहे.,Neutral,वाहतूक
3072,हा चित्रपट नेहमीसारखा माझ्याकडे आहे.,Neutral,मनोरंजन
3073,ही कादंबरी जुना आहे.,Neutral,मनोरंजन
3074,"हा अभ्यासक्रम अतिशय दर्जेदार आहे, वापरताना आनंद मिळतो.",Positive,शिक्षण
3075,"ही बस दर्जेदार आहे, पैशाचे चीज झाले.",Positive,वाहतूक
3076,हे दप्तर काळ्या रंगाचे असून आजच बाजारात आला आहे.,Neutral,शिक्षण
3077,"हे कुलूप एकदम थर्ड क्लास आहे, वापरणे खूप कठीण जाते.",Negative,ऑनलाइन व्यापार
3078,हा पंखा काळ्या रंगाचा असून आजच बाजारात आला आहे.,Neutral,ऑनलाइन व्यापार
3079,"ही पिशवी मजबूत आहे, नक्की खरेदी करा.",Positive,ऑनलाइन व्यापार
3080,"ही सेवा अपेक्षेपेक्षा खराब आहे, मला अजिबात आवडली नाही.",Negative,ग्राहक सेवा
3081,ही बस पांढऱ्या रंगाची असे म्हणता येईल.,Neutral,वाहतूक
3082,"हे हॉटेल सर्वोत्कृष्ट आहे, त्यामुळे मी खुश आहे.",Positive,प्रवास
3083,हा टीव्ही ठीकठाक दिसतो.,Neutral,तंत्रज्ञान
3084,"हा लॅपटॉप खूपच चांगला आहे, माझा अनुभव चांगला होता.",Positive,तंत्रज्ञान
3085,हा टीव्ही जड असल्याची माहिती मिळाली आहे.,Neutral,तंत्रज्ञान
3086,"ही टोपी लाजवाब आहे, सर्वांनाच आवडेल.",Positive,ऑनलाइन व्यापार
3087,"ही बाटली खूप महाग आहे, सतत बिघडत असतो.",Negative,ऑनलाइन व्यापार
3088,"हे अॅप एकदम उत्तम आहे, सर्वांनाच आवडेल.",Positive,तंत्रज्ञान
3089,"हा अभ्यासक्रम किफायतशीर आहे, वापरताना आनंद मिळतो.",Positive,शिक्षण
3090,हा कॅमेरा सरासरी असल्याचे समजते.,Neutral,तंत्रज्ञान
3091,"ही बाटली मनमोहक आहे, मी पूर्णपणे समाधानी आहे.",Positive,ऑनलाइन व्यापार
3092,हे हॉटेल विदेशी असून सर्वांना परिचयाचा आहे.,Neutral,प्रवास
3093,"हा शर्ट खराब प्रतीचा आहे, त्यामुळे मी निराश झालो.",Negative,ऑनलाइन व्यापार
3094,"हे दप्तर एकदम भारी आहे, नक्की खरेदी करा.",Positive,शिक्षण
3095,"हा चित्रपट लाजवाब आहे, नक्की खरेदी करा.",Positive,मनोरंजन
3096,"हे घर पैसे वाया घालवणारा आहे, माझा अनुभव खूप वाईट होता.",Negative,स्थावर मालमत्ता
3097,"ही पिशवी सर्वोत्कृष्ट आहे, मी पूर्णपणे समाधानी आहे.",Positive,ऑनलाइन व्यापार
3098,"ही कथा त्रासदायक आहे, मी अजिबात समाधानी नाही.",Negative,मनोरंजन
3099,"ही बॅग बोगस आहे, कोणीही घेऊ नका.",Negative,ऑनलाइन व्यापार
3100,ही ट्रेन ऑनलाईन मिळणारा आहे.,Neutral,वाहतूक
3101,हा चित्रपट महाग असा आहे.,Neutral,मनोरंजन
3102,"हा चित्रपट खूप वाईट आहे, कृपया यापासून दूर राहा.",Negative,मनोरंजन
3103,"ही बॅग पैसे वाया घालवणारा आहे, मी अजिबात समाधानी नाही.",Negative,ऑनलाइन व्यापार
3104,ही कार ठीक माझ्याकडे आहे.,Neutral,वाहतूक
3105,"ही कादंबरी अतिशय उपयोगी आहे, माझ्या अपेक्षेपेक्षा चांगली निघाली.",Positive,मनोरंजन
3106,"ही कादंबरी उत्कृष्ट आहे, मी पूर्णपणे समाधानी आहे.",Positive,मनोरंजन
3107,"ही बाटली अप्रतिम आहे, माझा अनुभव चांगली होता.",Positive,ऑनलाइन व्यापार
3108,"ही सेवा निकृष्ट दर्जाचा आहे, पैसे पूर्ण वाया गेले.",Negative,ग्राहक सेवा
3109,"हा टी-शर्ट तक्रार करण्याजोगा आहे, मला अजिबात आवडला नाही.",Negative,ऑनलाइन व्यापार
3110,"ही बस खूप छान आहे, पुन्हा एकदा घ्यावासा वाटतो.",Positive,वाहतूक
3111,हा खेळ विदेशी असून सर्वांना परिचयाचा आहे.,Neutral,क्रीडा
3112,"हा पंखा अप्रतिम आहे, मला खूप आवडला.",Positive,ऑनलाइन व्यापार
3113,ही शाळा उपलब्ध आहे.,Neutral,शिक्षण
3114,हे स्मार्टवॉच नेहमीसारखा असल्याचे समजते.,Neutral,तंत्रज्ञान
3115,हा संगणक जड असल्याची माहिती मिळाली आहे.,Neutral,तंत्रज्ञान
3116,"ही सेवा बोगस आहे, त्यामुळे मी निराश झालो.",Negative,ग्राहक सेवा
3117,हे जेवण ऑनलाईन मिळणारा असे म्हणता येईल.,Neutral,अन्न
3118,"हे पत्र खराब आहे, कृपया यापासून दूर राहा.",Negative,संवाद
3119,हे पाकीट जड माझ्याकडे आहे.,Neutral,ऑनलाइन व्यापार
3120,"हा डबा खूप छान आहे, सर्वांनाच आवडेल.",Positive,ऑनलाइन व्यापार
3121,"हा टीव्ही खराब आहे, पैसे पूर्ण वाया गेले.",Negative,तंत्रज्ञान
3122,"हे पुस्तक खूप वाईट आहे, माझी फसवणूक झाली असे वाटते.",Negative,शिक्षण
3123,"हा मोबाईल तक्रार करण्याजोगा आहे, मला अजिबात आवडला नाही.",Negative,तंत्रज्ञान
3124,"हा सोफा अत्यंत सुंदर आहे, माझ्या अपेक्षेपेक्षा चांगला निघाला.",Positive,ऑनलाइन व्यापार
3125,हे कुलूप ठीक माझ्याकडे आहे.,Neutral,ऑनलाइन व्यापार
3126,हे कपाट स्वस्त असा आहे.,Neutral,ऑनलाइन व्यापार
3127,हा प्रकल्प मोठा असून सर्वांना परिचयाचा आहे.,Neutral,शिक्षण
3128,"ही टोपी कुचकामी आहे, पैसे पूर्ण वाया गेले.",Negative,ऑनलाइन व्यापार
3129,"ही बस खूप वेगाने चालणारा आहे, त्यामुळे मी खुश आहे.",Positive,वाहतूक
3130,"ही बस तक्रार करण्याजोगा आहे, मी अजिबात समाधानी नाही.",Negative,वाहतूक
3131,"ही ट्रेन असुविधाजनक आहे, मला अजिबात आवडली नाही.",Negative,वाहतूक
3132,हा पंखा निळ्या रंगाचा दिसतो.,Neutral,ऑनलाइन व्यापार
3133,हा कॅमेरा ठीकठाक असून सर्वांना परिचयाचा आहे.,Neutral,तंत्रज्ञान
3134,ही बॅग काहीसा वेगळा असे म्हणता येईल.,Neutral,ऑनलाइन व्यापार
3135,हे कुलूप नेहमीसारखा असून सर्वांना परिचयाचा आहे.,Neutral,ऑनलाइन व्यापार
3136,ही खुर्ची मोठा दिसतो.,Neutral,ऑनलाइन व्यापार
3137,हा फ्रिज स्थानिक आहे.,Neutral,ऑनलाइन व्यापार
3138,"ही ट्रेन खूपच चांगली आहे, माझ्या अपेक्षेपेक्षा चांगली निघाली.",Positive,वाहतूक
3139,ही कंपनी ऑनलाईन मिळणारा असून सर्वांना परिचयाचा आहे.,Neutral,व्यवसाय
3140,ही कंपनी जड असे म्हणता येईल.,Neutral,व्यवसाय
3141,हा लॅपटॉप पांढऱ्या रंगाचा असून आजच बाजारात आला आहे.,Neutral,तंत्रज्ञान
3142,"हे कुलूप अतिशय उपयोगी आहे, पैशाचे चीज झाले.",Positive,ऑनलाइन व्यापार
3143,हे नाटक लहान असल्याचे समजते.,Neutral,मनोरंजन
3144,हे जॅकेट महाग आहे.,Neutral,ऑनलाइन व्यापार
3145,"हा कॅमेरा बकवास आहे, मी अजिबात समाधानी नाही.",Negative,तंत्रज्ञान
3146,"हे स्मार्टवॉच अतिशय निकृष्ट आहे, त्यामुळे मी निराश झालो.",Negative,तंत्रज्ञान
3147,"हा डबा खूप सुंदर आहे, सर्वांनाच आवडेल.",Positive,ऑनलाइन व्यापार
3148,"हे घड्याळ खूप कंटाळवाणा आहे, वापरणे खूप कठीण जाते.",Negative,ऑनलाइन व्यापार
3149,हा संगणक बऱ्यापैकी माझ्याकडे आहे.,Neutral,तंत्रज्ञान
3150,"ही कादंबरी खूप सुंदर आहे, माझ्या अपेक्षेपेक्षा चांगली निघाली.",Positive,मनोरंजन
3151,"ही कथा अतिशय आरामदायक आहे, वापरताना आनंद मिळतो.",Positive,मनोरंजन
3152,"हा चष्मा पैसे वाया घालवणारा आहे, माझी फसवणूक झाली असे वाटते.",Negative,ऑनलाइन व्यापार
3153,"ही योजना खूपच चांगली आहे, पैशाचे चीज झाले.",Positive,सरकारी सेवा
3154,"हे घर खूप कंटाळवाणा आहे, त्यामुळे मी निराश झालो.",Negative,स्थावर मालमत्ता
3155,हा प्रकल्प विदेशी असल्याची माहिती मिळाली आहे.,Neutral,शिक्षण
3156,"ही कंपनी असुविधाजनक आहे, माझा अनुभव खूप वाईट होता.",Negative,व्यवसाय
3157,"हा टीव्ही कमकुवत आहे, माझा अनुभव खूप वाईट होता.",Negative,तंत्रज्ञान
3158,ही टोपी नेहमीसारखा माझ्याकडे आहे.,Neutral,ऑनलाइन व्यापार
3159,"हे जेवण बकवास आहे, त्यामुळे मी निराश झालो.",Negative,अन्न
3160,हे चित्र लहान असल्याचे समजते.,Neutral,मनोरंजन
3161,ही बॅग महाग आहे.,Neutral,ऑनलाइन व्यापार
3162,"हे कुलूप अचूक आहे, मला खूप आवडले.",Positive,ऑनलाइन व्यापार
3163,"ही बस एकदम उत्तम आहे, त्यामुळे मी खुश आहे.",Positive,वाहतूक
3164,"हा चार्जर तक्रार करण्याजोगा आहे, माझी फसवणूक झाली असे वाटते.",Negative,तंत्रज्ञान
3165,"हे हॉटेल खूपच चांगले आहे, त्यामुळे मी खुश आहे.",Positive,प्रवास
3166,हे जेवण स्वस्त असल्याचे पाहायला मिळते.,Neutral,अन्न
3167,हा मोबाईल काहीसा वेगळा असून आजच बाजारात आला आहे.,Neutral,तंत्रज्ञान
3168,हा चष्मा उपलब्ध असून आजच बाजारात आला आहे.,Neutral,ऑनलाइन व्यापार
3169,"ही कंपनी खूप कंटाळवाणा आहे, पैसे पूर्ण वाया गेले.",Negative,व्यवसाय
3170,"हे कपाट अचूक आहे, पैशाचे चीज झाले.",Positive,ऑनलाइन व्यापार
3171,"हा चित्रपट त्रासदायक आहे, वापरणे खूप कठीण जाते.",Negative,मनोरंजन
3172,हा शर्ट ठीकठाक असून सर्वांना परिचयाचा आहे.,Neutral,ऑनलाइन व्यापार
3173,ही सेवा जड असल्याची माहिती मिळाली आहे.,Neutral,ग्राहक सेवा
3174,"ही सेवा पैसे वाया घालवणारा आहे, माझी फसवणूक झाली असे वाटते.",Negative,ग्राहक सेवा
3175,"ही योजना एकदम भारी आहे, वापरताना आनंद मिळतो.",Positive,सरकारी सेवा
3176,"हे पत्र अजिबात चांगले नाही आहे, मी अजिबात समाधानी नाही.",Negative,संवाद
3177,"हा पंखा खूप सदोष आहे, माझा अनुभव खूप वाईट होता.",Negative,ऑनलाइन व्यापार
3178,ही बस ऑनलाईन मिळणारा दिसतो.,Neutral,वाहतूक
3179,"हा शर्ट एकदम थर्ड क्लास आहे, माझा अनुभव खूप वाईट होता.",Negative,ऑनलाइन व्यापार
3180,हा डबा हलका असा आहे.,Neutral,ऑनलाइन व्यापार
3181,"ही ट्रेन अतिशय दर्जेदार आहे, माझ्या अपेक्षेपेक्षा चांगली निघाली.",Positive,वाहतूक
3182,"हे दप्तर किफायतशीर आहे, माझा अनुभव चांगले होता.",Positive,शिक्षण
3183,हे कपाट जुना असल्याचे समजते.,Neutral,ऑनलाइन व्यापार
3184,ही वेबसिरीज पांढऱ्या रंगाची असून आजच बाजारात आला आहे.,Neutral,मनोरंजन
3185,"हे चित्र वाखाणण्याजोगा आहे, पुन्हा एकदा घ्यावासा वाटतो.",Positive,मनोरंजन
3186,"हा पेन खूप सुंदर आहे, नक्की खरेदी करा.",Positive,शिक्षण
3187,हा कॅमेरा साधारण असल्याची माहिती मिळाली आहे.,Neutral,तंत्रज्ञान
3188,"हा फ्रिज वाखाणण्याजोगा आहे, मला खूप आवडला.",Positive,ऑनलाइन व्यापार
3189,"हा चित्रपट अत्यंत सुंदर आहे, नक्की खरेदी करा.",Positive,मनोरंजन
3190,हा संगणक वापरायला सोपा असून आजच बाजारात आला आहे.,Neutral,तंत्रज्ञान
3191,"हे अॅप खूप उपयुक्त आहे, पैशाचे चीज झाले.",Positive,तंत्रज्ञान
3192,हा खेळ स्थानिक असा आहे.,Neutral,क्रीडा
3193,"हा टीव्ही बकवास आहे, मी अजिबात समाधानी नाही.",Negative,तंत्रज्ञान
3194,हा टी-शर्ट साधारण असल्याची माहिती मिळाली आहे.,Neutral,ऑनलाइन व्यापार
3195,हे स्मार्टवॉच काहीसा वेगळा असल्याचे पाहायला मिळते.,Neutral,तंत्रज्ञान
3196,ही वेबसिरीज लहान असल्याचे पाहायला मिळते.,Neutral,मनोरंजन
3197,"ही योजना सर्वोत्कृष्ट आहे, पुन्हा एकदा घ्यावासा वाटतो.",Positive,सरकारी सेवा
3198,"ही बॅग त्रासदायक आहे, सतत बिघडत असतो.",Negative,ऑनलाइन व्यापार
3199,"हा डबा मनमोहक आहे, मी पूर्णपणे समाधानी आहे.",Positive,ऑनलाइन व्यापार
3200,"ही कथा दर्जेदार आहे, वापरताना आनंद मिळतो.",Positive,मनोरंजन
3201,"ही बॅग तुटलेला आहे, मला अजिबात आवडली नाही.",Negative,ऑनलाइन व्यापार
3202,हा अभ्यासक्रम जड असून आजच बाजारात आला आहे.,Neutral,शिक्षण
3203,"हा टीव्ही मस्त आहे, माझ्या अपेक्षेपेक्षा चांगला निघाला.",Positive,तंत्रज्ञान
3204,ही शाळा सरासरी असा आहे.,Neutral,शिक्षण
3205,"ही वेबसिरीज लाजवाब आहे, पुन्हा एकदा घ्यावासा वाटतो.",Positive,मनोरंजन
3206,"हा चार्जर मस्त आहे, पुन्हा एकदा घ्यावासा वाटतो.",Positive,तंत्रज्ञान
3207,"ही कविता अत्यंत संथ आहे, पैसे पूर्ण वाया गेले.",Negative,मनोरंजन
3208,हे पुस्तक जड असे म्हणता येईल.,Neutral,शिक्षण
3209,"ही बाटली कुचकामी आहे, पैसे पूर्ण वाया गेले.",Negative,ऑनलाइन व्यापार
3210,"ही शाळा अतिशय उपयोगी आहे, माझ्या अपेक्षेपेक्षा चांगली निघाली.",Positive,शिक्षण
3211,"हे कपाट खूप वाईट आहे, पैसे पूर्ण वाया गेले.",Negative,ऑनलाइन व्यापार
3212,ही बाटली लहान असल्याची माहिती मिळाली आहे.,Neutral,ऑनलाइन व्यापार
3213,"हा प्रकल्प निकृष्ट दर्जाचा आहे, मी अजिबात समाधानी नाही.",Negative,शिक्षण
3214,हे दप्तर ठीक असा आहे.,Neutral,शिक्षण
3215,"हे पाकीट खराब प्रतीचा आहे, सतत बिघडत असतो.",Negative,ऑनलाइन व्यापार
3216,"ही योजना एकदम उत्तम आहे, वापरताना आनंद मिळतो.",Positive,सरकारी सेवा
3217,"हे कुलूप निराशाजनक आहे, माझा अनुभव खूप वाईट होता.",Negative,ऑनलाइन व्यापार
3218,"ही वेबसिरीज एकदम थर्ड क्लास आहे, त्यामुळे मी निराश झालो.",Negative,मनोरंजन
3219,"ही कंपनी अतिशय निकृष्ट आहे, मला अजिबात आवडली नाही.",Negative,व्यवसाय
3220,हे जॅकेट जड असे म्हणता येईल.,Neutral,ऑनलाइन व्यापार
3221,"हा चित्रपट खूप वेगाने चालणारा आहे, माझ्या अपेक्षेपेक्षा चांगला निघाला.",Positive,मनोरंजन
3222,"ही सायकल अतिशय दर्जेदार आहे, माझ्या अपेक्षेपेक्षा चांगली निघाली.",Positive,वाहतूक
3223,"हे अॅप एकदम भारी आहे, पैशाचे चीज झाले.",Positive,तंत्रज्ञान
3224,हे कपाट निळ्या रंगाचे असून आजच बाजारात आला आहे.,Neutral,ऑनलाइन व्यापार
3225,"हा डबा अतिशय निकृष्ट आहे, मला अजिबात आवडला नाही.",Negative,ऑनलाइन व्यापार
3226,"हे पाकीट खूपच चांगले आहे, पुन्हा एकदा घ्यावासा वाटतो.",Positive,ऑनलाइन व्यापार
3227,हा प्रकल्प साधारण असल्याची माहिती मिळाली आहे.,Neutral,शिक्षण
3228,"हे पत्र अतिशय आरामदायक आहे, माझा अनुभव चांगले होता.",Positive,संवाद
3229,"ही योजना खूपच चांगली आहे, वापरताना आनंद मिळतो.",Positive,सरकारी सेवा
3230,"हा पेन तुटलेला आहे, पैसे पूर्ण वाया गेले.",Negative,शिक्षण
3231,ही छत्री हलका असून आजच बाजारात आला आहे.,Neutral,ऑनलाइन व्यापार
3232,"हा चार्जर निकृष्ट दर्जाचा आहे, कृपया यापासून दूर राहा.",Negative,तंत्रज्ञान
3233,"हा टीव्ही खूपच चांगला आहे, माझ्या अपेक्षेपेक्षा चांगला निघाला.",Positive,तंत्रज्ञान
3234,"हे अॅप भरवशाचा आहे, मला खूप आवडले.",Positive,तंत्रज्ञान
3235,"ही सायकल अत्यंत संथ आहे, पैसे पूर्ण वाया गेले.",Negative,वाहतूक
3236,हे गाणे ठीकठाक दिसतो.,Neutral,मनोरंजन
3237,"हे पत्र अपेक्षेपेक्षा खराब आहे, कोणीही घेऊ नका.",Negative,संवाद
3238,ही कादंबरी जड असे म्हणता येईल.,Neutral,मनोरंजन
3239,हा शर्ट स्थानिक आहे.,Neutral,ऑनलाइन व्यापार
3240,"ही सायकल अचूक आहे, माझ्या अपेक्षेपेक्षा चांगली निघाली.",Positive,वाहतूक
3241,"हे कुलूप मस्त आहे, माझा अनुभव चांगले होता.",Positive,ऑनलाइन व्यापार
3242,"हे स्मार्टवॉच अप्रतिम आहे, मी पूर्णपणे समाधानी आहे.",Positive,तंत्रज्ञान
3243,"हे स्मार्टवॉच किफायतशीर आहे, मला खूप आवडले.",Positive,तंत्रज्ञान
3244,हे स्मार्टवॉच निळ्या रंगाचे माझ्याकडे आहे.,Neutral,तंत्रज्ञान
3245,"हा टी-शर्ट असुविधाजनक आहे, माझी फसवणूक झाली असे वाटते.",Negative,ऑनलाइन व्यापार
3246,ही छत्री बऱ्यापैकी माझ्याकडे आहे.,Neutral,ऑनलाइन व्यापार
3247,"हा संगणक असुविधाजनक आहे, पैसे पूर्ण वाया गेले.",Negative,तंत्रज्ञान
3248,"ही कादंबरी लाजवाब आहे, मला खूप आवडली.",Positive,मनोरंजन
3249,"हा शर्ट एकदम भारी आहे, सर्वांनाच आवडेल.",Positive,ऑनलाइन व्यापार
3250,ही कार उपलब्ध दिसतो.,Neutral,वाहतूक
3251,"ही ट्रेन बकवास आहे, वापरणे खूप कठीण जाते.",Negative,वाहतूक
3252,"ही सेवा किफायतशीर आहे, त्यामुळे मी खुश आहे.",Positive,ग्राहक सेवा
3253,ही खुर्ची जुना असून आजच बाजारात आला आहे.,Neutral,ऑनलाइन व्यापार
3254,"ही कादंबरी निराशाजनक आहे, मी अजिबात समाधानी नाही.",Negative,मनोरंजन
3255,"हे अॅप भरवशाचा आहे, मी पूर्णपणे समाधानी आहे.",Positive,तंत्रज्ञान
3256,"हा चार्जर निराशाजनक आहे, मला अजिबात आवडला नाही.",Negative,तंत्रज्ञान
3257,"हे हॉटेल एकदम उत्तम आहे, पैशाचे चीज झाले.",Positive,प्रवास
3258,"हा डबा पैसे वाया घालवणारा आहे, त्यामुळे मी निराश झालो.",Negative,ऑनलाइन व्यापार
3259,"हा सोफा लाजवाब आहे, सर्वांनाच आवडेल.",Positive,ऑनलाइन व्यापार
3260,"ही सेवा बोगस आहे, कोणीही घेऊ नका.",Negative,ग्राहक सेवा
3261,"हे पत्र खूप सुंदर आहे, नक्की खरेदी करा.",Positive,संवाद
3262,"हे स्मार्टवॉच आकर्षक आहे, पुन्हा एकदा घ्यावासा वाटतो.",Positive,तंत्रज्ञान
3263,ही सेवा लाल रंगाची असल्याची माहिती मिळाली आहे.,Neutral,ग्राहक सेवा
3264,हे दप्तर ठीकठाक आहे.,Neutral,शिक्षण
3265,"हा चार्जर दर्जेदार आहे, पुन्हा एकदा घ्यावासा वाटतो.",Positive,तंत्रज्ञान
3266,"ही खुर्ची खूप छान आहे, माझ्या अपेक्षेपेक्षा चांगली निघाली.",Positive,ऑनलाइन व्यापार
3267,"हे घड्याळ तुटलेला आहे, त्यामुळे मी निराश झालो.",Negative,ऑनलाइन व्यापार
3268,"ही सेवा निकृष्ट दर्जाचा आहे, कृपया यापासून दूर राहा.",Negative,ग्राहक सेवा
3269,"ही सायकल कमकुवत आहे, मला अजिबात आवडली नाही.",Negative,वाहतूक
3270,ही टोपी महाग माझ्याकडे आहे.,Neutral,ऑनलाइन व्यापार
3271,"ही छत्री भरवशाचा आहे, पैशाचे चीज झाले.",Positive,ऑनलाइन व्यापार
3272,हा मोबाईल नेहमीसारखा असे म्हणता येईल.,Neutral,तंत्रज्ञान
3273,हे चित्र नेहमीसारखा असल्याचे पाहायला मिळते.,Neutral,मनोरंजन
3274,हा टी-शर्ट साधारण असा आहे.,Neutral,ऑनलाइन व्यापार
3275,"ही कंपनी टाकाऊ आहे, माझा अनुभव खूप वाईट होता.",Negative,व्यवसाय
3276,"ही योजना मस्त आहे, माझा अनुभव चांगली होता.",Positive,सरकारी सेवा
3277,"ही योजना लाजवाब आहे, नक्की खरेदी करा.",Positive,सरकारी सेवा
3278,"ही वेबसिरीज खूप उपयुक्त आहे, पैशाचे चीज झाले.",Positive,मनोरंजन
3279,"ही छत्री कुचकामी आहे, मला अजिबात आवडली नाही.",Negative,ऑनलाइन व्यापार
3280,हा चष्मा मोठा असल्याचे समजते.,Neutral,ऑनलाइन व्यापार
3281,हा प्रकल्प उपलब्ध असल्याचे पाहायला मिळते.,Neutral,शिक्षण
3282,"हे पत्र खूप वाईट आहे, कोणीही घेऊ नका.",Negative,संवाद
3283,"हा कॅमेरा दर्जेदार आहे, माझ्या अपेक्षेपेक्षा चांगला निघाला.",Positive,तंत्रज्ञान
3284,हा खेळ ठीक असे म्हणता येईल.,Neutral,क्रीडा
3285,"ही पिशवी किफायतशीर आहे, पैशाचे चीज झाले.",Positive,ऑनलाइन व्यापार
3286,"ही शाळा अतिशय निरुपयोगी आहे, वापरणे खूप कठीण जाते.",Negative,शिक्षण
3287,"हा चित्रपट तुटलेला आहे, वापरणे खूप कठीण जाते.",Negative,मनोरंजन
3288,ही कंपनी लहान असा आहे.,Neutral,व्यवसाय
3289,"हा खेळ अप्रतिम आहे, सर्वांनाच आवडेल.",Positive,क्रीडा
3290,"हा टीव्ही त्रासदायक आहे, माझा अनुभव खूप वाईट होता.",Negative,तंत्रज्ञान
3291,"ही सेवा अतिशय दर्जेदार आहे, त्यामुळे मी खुश आहे.",Positive,ग्राहक सेवा
3292,"हे पाकीट कुचकामी आहे, कृपया यापासून दूर राहा.",Negative,ऑनलाइन व्यापार
3293,"हा चित्रपट खराब प्रतीचा आहे, माझी फसवणूक झाली असे वाटते.",Negative,मनोरंजन
3294,ही कंपनी उपलब्ध असे म्हणता येईल.,Neutral,व्यवसाय
3295,"हे घर सर्वोत्कृष्ट आहे, सर्वांनाच आवडेल.",Positive,स्थावर मालमत्ता
3296,"ही कथा किफायतशीर आहे, त्यामुळे मी खुश आहे.",Positive,मनोरंजन
3297,हे दप्तर नेहमीसारखा असल्याची माहिती मिळाली आहे.,Neutral,शिक्षण
3298,"हा सोफा पैसे वाया घालवणारा आहे, माझा अनुभव खूप वाईट होता.",Negative,ऑनलाइन व्यापार
3299,हा चित्रपट जुना असल्याचे पाहायला मिळते.,Neutral,मनोरंजन
3300,हे जॅकेट विदेशी माझ्याकडे आहे.,Neutral,ऑनलाइन व्यापार
3301,ही बाटली महाग दिसतो.,Neutral,ऑनलाइन व्यापार
3302,"ही कथा खूप कंटाळवाणा आहे, सतत बिघडत असतो.",Negative,मनोरंजन
3303,"हे जेवण एकदम भारी आहे, मी पूर्णपणे समाधानी आहे.",Positive,अन्न
3304,ही टोपी नेहमीसारखा असल्याचे समजते.,Neutral,ऑनलाइन व्यापार
3305,ही योजना काहीसा वेगळा असल्याचे पाहायला मिळते.,Neutral,सरकारी सेवा
3306,हा फ्रिज साधारण असून सर्वांना परिचयाचा आहे.,Neutral,ऑनलाइन व्यापार
3307,"हे जॅकेट अतिशय उपयोगी आहे, त्यामुळे मी खुश आहे.",Positive,ऑनलाइन व्यापार
3308,ही कथा सरासरी असून आजच बाजारात आला आहे.,Neutral,मनोरंजन
3309,"ही सेवा त्रासदायक आहे, मला अजिबात आवडली नाही.",Negative,ग्राहक सेवा
3310,"हा टी-शर्ट पैसे वाया घालवणारा आहे, मला अजिबात आवडला नाही.",Negative,ऑनलाइन व्यापार
3311,हा प्रकल्प ऑनलाईन मिळणारा माझ्याकडे आहे.,Neutral,शिक्षण
3312,"ही वेबसिरीज लाजवाब आहे, त्यामुळे मी खुश आहे.",Positive,मनोरंजन
3313,"हे पुस्तक टाकाऊ आहे, पैसे पूर्ण वाया गेले.",Negative,शिक्षण
3314,"हे पाकीट मनमोहक आहे, पैशाचे चीज झाले.",Positive,ऑनलाइन व्यापार
3315,"ही कादंबरी एकदम थर्ड क्लास आहे, मला अजिबात आवडली नाही.",Negative,मनोरंजन
3316,"हे घड्याळ अत्यंत सुंदर आहे, वापरताना आनंद मिळतो.",Positive,ऑनलाइन व्यापार
3317,"हे स्मार्टवॉच मजबूत आहे, माझा अनुभव चांगले होता.",Positive,तंत्रज्ञान
3318,हा चार्जर काहीसा वेगळा माझ्याकडे आहे.,Neutral,तंत्रज्ञान
3319,"ही योजना त्रासदायक आहे, माझा अनुभव खूप वाईट होता.",Negative,सरकारी सेवा
3320,"हे घर एकदम भारी आहे, मला खूप आवडले.",Positive,स्थावर मालमत्ता
3321,"हा पेन लाजवाब आहे, वापरताना आनंद मिळतो.",Positive,शिक्षण
3322,"हा चार्जर सर्वोत्कृष्ट आहे, माझ्या अपेक्षेपेक्षा चांगला निघाला.",Positive,तंत्रज्ञान
3323,ही खुर्ची ठीक दिसतो.,Neutral,ऑनलाइन व्यापार
3324,हा कॅमेरा स्थानिक असा आहे.,Neutral,तंत्रज्ञान
3325,हे घड्याळ हलका असा आहे.,Neutral,ऑनलाइन व्यापार
3326,"ही सायकल पैसे वाया घालवणारा आहे, माझा अनुभव खूप वाईट होता.",Negative,वाहतूक
3327,हे अॅप लहान असल्याची माहिती मिळाली आहे.,Neutral,तंत्रज्ञान
3328,"हा पंखा किफायतशीर आहे, माझा अनुभव चांगला होता.",Positive,ऑनलाइन व्यापार
3329,"ही कंपनी खूप कंटाळवाणा आहे, त्यामुळे मी निराश झालो.",Negative,व्यवसाय
3330,"हा मोबाईल मजबूत आहे, माझ्या अपेक्षेपेक्षा चांगला निघाला.",Positive,तंत्रज्ञान
3331,"ही सायकल खूप सुंदर आहे, नक्की खरेदी करा.",Positive,वाहतूक
3332,हे कपाट लहान असा आहे.,Neutral,ऑनलाइन व्यापार
3333,"ही छत्री लाजवाब आहे, वापरताना आनंद मिळतो.",Positive,ऑनलाइन व्यापार
3334,हा टीव्ही बऱ्यापैकी माझ्याकडे आहे.,Neutral,तंत्रज्ञान
3335,"हा चार्जर खूप महाग आहे, त्यामुळे मी निराश झालो.",Negative,तंत्रज्ञान
3336,हा संगणक महाग असा आहे.,Neutral,तंत्रज्ञान
3337,"हे घर बकवास आहे, माझी फसवणूक झाली असे वाटते.",Negative,स्थावर मालमत्ता
3338,ही बाटली स्वस्त असून सर्वांना परिचयाचा आहे.,Neutral,ऑनलाइन व्यापार
3339,"हे जेवण अजिबात चांगले नाही आहे, कृपया यापासून दूर राहा.",Negative,अन्न
3340,ही कथा स्थानिक आहे.,Neutral,मनोरंजन
3341,"हा पेन अपेक्षेपेक्षा खराब आहे, सतत बिघडत असतो.",Negative,शिक्षण
3342,ही वेबसिरीज हलका असल्याचे समजते.,Neutral,मनोरंजन
3343,ही छत्री ठीक दिसतो.,Neutral,ऑनलाइन व्यापार
3344,"ही कंपनी अत्यंत संथ आहे, मला अजिबात आवडली नाही.",Negative,व्यवसाय
3345,"हा टी-शर्ट खूप उपयुक्त आहे, वापरताना आनंद मिळतो.",Positive,ऑनलाइन व्यापार
3346,"हे कपाट निकृष्ट दर्जाचा आहे, माझा अनुभव खूप वाईट होता.",Negative,ऑनलाइन व्यापार
3347,"ही बाटली मस्त आहे, सर्वांनाच आवडेल.",Positive,ऑनलाइन व्यापार
3348,हा खेळ लाल रंगाचा दिसतो.,Neutral,क्रीडा
3349,"ही शाळा खराब आहे, माझी फसवणूक झाली असे वाटते.",Negative,शिक्षण
3350,"हा सोफा भरवशाचा आहे, मला खूप आवडला.",Positive,ऑनलाइन व्यापार
3351,"हे हॉटेल भरवशाचा आहे, माझ्या अपेक्षेपेक्षा चांगले निघाले.",Positive,प्रवास
3352,हा सोफा ठीक माझ्याकडे आहे.,Neutral,ऑनलाइन व्यापार
3353,हे कुलूप पांढऱ्या रंगाचे दिसतो.,Neutral,ऑनलाइन व्यापार
3354,ही योजना ठीक असे म्हणता येईल.,Neutral,सरकारी सेवा
3355,ही कथा जड आहे.,Neutral,मनोरंजन
3356,"हे घड्याळ त्रासदायक आहे, सतत बिघडत असतो.",Negative,ऑनलाइन व्यापार
3357,"हा फ्रिज कुचकामी आहे, मला अजिबात आवडला नाही.",Negative,ऑनलाइन व्यापार
3358,"हा चित्रपट अप्रतिम आहे, सर्वांनाच आवडेल.",Positive,मनोरंजन
3359,हा सोफा वापरायला सोपा माझ्याकडे आहे.,Neutral,ऑनलाइन व्यापार
3360,"ही कार अत्यंत सुंदर आहे, पैशाचे चीज झाले.",Positive,वाहतूक
3361,हा चार्जर सरासरी असून सर्वांना परिचयाचा आहे.,Neutral,तंत्रज्ञान
3362,हे पाकीट उपलब्ध असल्याचे पाहायला मिळते.,Neutral,ऑनलाइन व्यापार
3363,"हे जॅकेट एकदम थर्ड क्लास आहे, माझा अनुभव खूप वाईट होता.",Negative,ऑनलाइन व्यापार
3364,"ही शाळा अत्यंत संथ आहे, सतत बिघडत असतो.",Negative,शिक्षण
3365,हे पाकीट जड असा आहे.,Neutral,ऑनलाइन व्यापार
3366,ही कार जड असल्याचे पाहायला मिळते.,Neutral,वाहतूक
3367,"ही छत्री खूप उपयुक्त आहे, माझ्या अपेक्षेपेक्षा चांगली निघाली.",Positive,ऑनलाइन व्यापार
3368,हा टी-शर्ट उपलब्ध असल्याचे समजते.,Neutral,ऑनलाइन व्यापार
3369,"ही बॅग कमकुवत आहे, कोणीही घेऊ नका.",Negative,ऑनलाइन व्यापार
3370,"ही सायकल अतिशय निकृष्ट आहे, माझी फसवणूक झाली असे वाटते.",Negative,वाहतूक
3371,"ही टोपी खूपच चांगली आहे, माझा अनुभव चांगली होता.",Positive,ऑनलाइन व्यापार
3372,ही कथा मोठा माझ्याकडे आहे.,Neutral,मनोरंजन
3373,ही ट्रेन लहान असे म्हणता येईल.,Neutral,वाहतूक
3374,"ही खुर्ची मस्त आहे, मला खूप आवडली.",Positive,ऑनलाइन व्यापार
3375,हा फ्रिज बऱ्यापैकी असून आजच बाजारात आला आहे.,Neutral,ऑनलाइन व्यापार
3376,"ही कार खूप वाईट आहे, त्यामुळे मी निराश झालो.",Negative,वाहतूक
3377,"हे हॉटेल टाकाऊ आहे, माझा अनुभव खूप वाईट होता.",Negative,प्रवास
3378,"ही टोपी एकदम भारी आहे, पुन्हा एकदा घ्यावासा वाटतो.",Positive,ऑनलाइन व्यापार
3379,ही कादंबरी सरासरी आहे.,Neutral,मनोरंजन
3380,"हे पत्र मस्त आहे, मला खूप आवडले.",Positive,संवाद
3381,"ही बॅग बोगस आहे, वापरणे खूप कठीण जाते.",Negative,ऑनलाइन व्यापार
3382,हा प्रकल्प काळ्या रंगाचा असल्याची माहिती मिळाली आहे.,Neutral,शिक्षण
3383,"हा कॅमेरा खूपच चांगला आहे, वापरताना आनंद मिळतो.",Positive,तंत्रज्ञान
3384,हे दप्तर हलका आहे.,Neutral,शिक्षण
3385,ही छत्री नेहमीसारखा असा आहे.,Neutral,ऑनलाइन व्यापार
3386,ही छत्री नवीन आहे.,Neutral,ऑनलाइन व्यापार
3387,हे कुलूप सरासरी असल्याचे पाहायला मिळते.,Neutral,ऑनलाइन व्यापार
3388,"ही बाटली अतिशय आरामदायक आहे, पैशाचे चीज झाले.",Positive,ऑनलाइन व्यापार
3389,"हा प्रकल्प खूप वाईट आहे, त्यामुळे मी निराश झालो.",Negative,शिक्षण
3390,"हे पत्र पैसे वाया घालवणारा आहे, सतत बिघडत असतो.",Negative,संवाद
3391,"हे दप्तर खूप सदोष आहे, कृपया यापासून दूर राहा.",Negative,शिक्षण
3392,"हा फ्रिज अतिशय दर्जेदार आहे, वापरताना आनंद मिळतो.",Positive,ऑनलाइन व्यापार
3393,"हे घड्याळ अपेक्षेपेक्षा खराब आहे, मी अजिबात समाधानी नाही.",Negative,ऑनलाइन व्यापार
3394,हे अॅप साधारण असे म्हणता येईल.,Neutral,तंत्रज्ञान
3395,"हा चष्मा भरवशाचा आहे, माझा अनुभव चांगला होता.",Positive,ऑनलाइन व्यापार
3396,ही सायकल नेहमीसारखा असून आजच बाजारात आला आहे.,Neutral,वाहतूक
3397,"हे दप्तर बोगस आहे, मी अजिबात समाधानी नाही.",Negative,शिक्षण
3398,"ही छत्री लाजवाब आहे, माझ्या अपेक्षेपेक्षा चांगली निघाली.",Positive,ऑनलाइन व्यापार
3399,ही सायकल उपलब्ध माझ्याकडे आहे.,Neutral,वाहतूक
3400,"ही कथा खराब प्रतीचा आहे, पैसे पूर्ण वाया गेले.",Negative,मनोरंजन
3401,"हा प्रकल्प निराशाजनक आहे, त्यामुळे मी निराश झालो.",Negative,शिक्षण
3402,"हे जेवण भरवशाचा आहे, सर्वांनाच आवडेल.",Positive,अन्न
3403,"हे स्मार्टवॉच बोगस आहे, सतत बिघडत असतो.",Negative,तंत्रज्ञान
3404,हा शर्ट सरासरी असून सर्वांना परिचयाचा आहे.,Neutral,ऑनलाइन व्यापार
3405,ही टोपी बऱ्यापैकी आहे.,Neutral,ऑनलाइन व्यापार
3406,ही ट्रेन वापरायला सोपा असल्याचे समजते.,Neutral,वाहतूक
3407,"हा सोफा उत्कृष्ट आहे, माझ्या अपेक्षेपेक्षा चांगला निघाला.",Positive,ऑनलाइन व्यापार
3408,"ही कथा पैसे वाया घालवणारा आहे, कृपया यापासून दूर राहा.",Negative,मनोरंजन
3409,हा फ्रिज वापरायला सोपा असल्याचे पाहायला मिळते.,Neutral,ऑनलाइन व्यापार
3410,ही कार स्थानिक दिसतो.,Neutral,वाहतूक
3411,"ही कविता अतिशय निरुपयोगी आहे, माझी फसवणूक झाली असे वाटते.",Negative,मनोरंजन
3412,ही कथा ठीक असल्याची माहिती मिळाली आहे.,Neutral,मनोरंजन
3413,"ही कविता खूप वेगाने चालणारा आहे, मला खूप आवडली.",Positive,मनोरंजन
3414,"हा अभ्यासक्रम अत्यंत सुंदर आहे, सर्वांनाच आवडेल.",Positive,शिक्षण
3415,"ही पिशवी एकदम थर्ड क्लास आहे, माझी फसवणूक झाली असे वाटते.",Negative,ऑनलाइन व्यापार
3416,"हा चित्रपट दर्जेदार आहे, माझा अनुभव चांगला होता.",Positive,मनोरंजन
3417,"हा टीव्ही खूप वाईट आहे, माझा अनुभव खूप वाईट होता.",Negative,तंत्रज्ञान
3418,हा टीव्ही महाग असल्याचे समजते.,Neutral,तंत्रज्ञान
3419,हे घड्याळ निळ्या रंगाचे असल्याची माहिती मिळाली आहे.,Neutral,ऑनलाइन व्यापार
3420,हा अभ्यासक्रम निळ्या रंगाचा माझ्याकडे आहे.,Neutral,शिक्षण
3421,"हे पुस्तक अत्यंत सुंदर आहे, पैशाचे चीज झाले.",Positive,शिक्षण
3422,"हे दप्तर त्रासदायक आहे, कोणीही घेऊ नका.",Negative,शिक्षण
3423,"ही छत्री एकदम उत्तम आहे, मी पूर्णपणे समाधानी आहे.",Positive,ऑनलाइन व्यापार
3424,ही कंपनी विदेशी असल्याचे समजते.,Neutral,व्यवसाय
3425,"हे जॅकेट टाकाऊ आहे, त्यामुळे मी निराश झालो.",Negative,ऑनलाइन व्यापार
3426,"ही सेवा मजबूत आहे, त्यामुळे मी खुश आहे.",Positive,ग्राहक सेवा
3427,हे घर ठीक माझ्याकडे आहे.,Neutral,स्थावर मालमत्ता
3428,"हे पुस्तक अतिशय उपयोगी आहे, पुन्हा एकदा घ्यावासा वाटतो.",Positive,शिक्षण
3429,"हा कॅमेरा वाखाणण्याजोगा आहे, माझा अनुभव चांगला होता.",Positive,तंत्रज्ञान
3430,"हे कुलूप दर्जेदार आहे, माझा अनुभव चांगले होता.",Positive,ऑनलाइन व्यापार
3431,"हे अॅप खूप वाईट आहे, माझा अनुभव खूप वाईट होता.",Negative,तंत्रज्ञान
3432,"हा चित्रपट अतिशय निकृष्ट आहे, माझा अनुभव खूप वाईट होता.",Negative,मनोरंजन
3433,"ही बॅग भरवशाचा आहे, मी पूर्णपणे समाधानी आहे.",Positive,ऑनलाइन व्यापार
3434,"हा चित्रपट कमकुवत आहे, सतत बिघडत असतो.",Negative,मनोरंजन
3435,"हा खेळ खूपच चांगला आहे, नक्की खरेदी करा.",Positive,क्रीडा
3436,"ही कथा अप्रतिम आहे, नक्की खरेदी करा.",Positive,मनोरंजन
3437,हा खेळ निळ्या रंगाचा दिसतो.,Neutral,क्रीडा
3438,"ही ट्रेन वाखाणण्याजोगा आहे, मला खूप आवडली.",Positive,वाहतूक
3439,"ही ट्रेन तुटलेला आहे, वापरणे खूप कठीण जाते.",Negative,वाहतूक
3440,"हे घड्याळ कमकुवत आहे, मला अजिबात आवडले नाही.",Negative,ऑनलाइन व्यापार
3441,"हा टीव्ही पैसे वाया घालवणारा आहे, कृपया यापासून दूर राहा.",Negative,तंत्रज्ञान
3442,ही बाटली वापरायला सोपा आहे.,Neutral,ऑनलाइन व्यापार
3443,हा संगणक नवीन असल्याचे पाहायला मिळते.,Neutral,तंत्रज्ञान
3444,ही कादंबरी बऱ्यापैकी असा आहे.,Neutral,मनोरंजन
3445,"हा डबा एकदम भारी आहे, मी पूर्णपणे समाधानी आहे.",Positive,ऑनलाइन व्यापार
3446,हा अभ्यासक्रम सरासरी असल्याची माहिती मिळाली आहे.,Neutral,शिक्षण
3447,"हा प्रकल्प किफायतशीर आहे, मला खूप आवडला.",Positive,शिक्षण
3448,ही शाळा सरासरी असे म्हणता येईल.,Neutral,शिक्षण
3449,"ही वेबसिरीज दर्जेदार आहे, पुन्हा एकदा घ्यावासा वाटतो.",Positive,मनोरंजन
3450,"ही योजना खराब प्रतीचा आहे, सतत बिघडत असतो.",Negative,सरकारी सेवा
3451,"ही योजना खूप उपयुक्त आहे, सर्वांनाच आवडेल.",Positive,सरकारी सेवा
3452,"हे घर मनमोहक आहे, माझा अनुभव चांगले होता.",Positive,स्थावर मालमत्ता
3453,"ही छत्री अतिशय निरुपयोगी आहे, कोणीही घेऊ नका.",Negative,ऑनलाइन व्यापार
3454,"हा पंखा अजिबात चांगला नाही आहे, सतत बिघडत असतो.",Negative,ऑनलाइन व्यापार
3455,"हे स्मार्टवॉच खूप छान आहे, नक्की खरेदी करा.",Positive,तंत्रज्ञान
3456,"हा संगणक खूप छान आहे, सर्वांनाच आवडेल.",Positive,तंत्रज्ञान
3457,हा टी-शर्ट सरासरी असून आजच बाजारात आला आहे.,Neutral,ऑनलाइन व्यापार
3458,ही बॅग स्थानिक असा आहे.,Neutral,ऑनलाइन व्यापार
3459,ही कविता लहान असल्याचे पाहायला मिळते.,Neutral,मनोरंजन
3460,"हे जेवण खूप महाग आहे, कृपया यापासून दूर राहा.",Negative,अन्न
3461,"हा मोबाईल अतिशय निरुपयोगी आहे, वापरणे खूप कठीण जाते.",Negative,तंत्रज्ञान
3462,ही कार नवीन असल्याचे समजते.,Neutral,वाहतूक
3463,हा खेळ ठीकठाक असल्याची माहिती मिळाली आहे.,Neutral,क्रीडा
3464,ही कथा हलका आहे.,Neutral,मनोरंजन
3465,ही कंपनी ठीक दिसतो.,Neutral,व्यवसाय
3466,"ही शाळा आकर्षक आहे, सर्वांनाच आवडेल.",Positive,शिक्षण
3467,ही बाटली ठीक असल्याचे पाहायला मिळते.,Neutral,ऑनलाइन व्यापार
3468,हे जेवण स्वस्त असून सर्वांना परिचयाचा आहे.,Neutral,अन्न
3469,"हा अभ्यासक्रम खूप महाग आहे, मी अजिबात समाधानी नाही.",Negative,शिक्षण
3470,ही सायकल जुना दिसतो.,Neutral,वाहतूक
3471,"हा लॅपटॉप बकवास आहे, त्यामुळे मी निराश झालो.",Negative,तंत्रज्ञान
3472,"हे घर खूप महाग आहे, कृपया यापासून दूर राहा.",Negative,स्थावर मालमत्ता
3473,"ही सेवा खूप उपयुक्त आहे, सर्वांनाच आवडेल.",Positive,ग्राहक सेवा
3474,हे कुलूप वापरायला सोपा असून आजच बाजारात आला आहे.,Neutral,ऑनलाइन व्यापार
3475,"ही वेबसिरीज अचूक आहे, पुन्हा एकदा घ्यावासा वाटतो.",Positive,मनोरंजन
3476,"हा संगणक अप्रतिम आहे, माझ्या अपेक्षेपेक्षा चांगला निघाला.",Positive,तंत्रज्ञान
3477,"हा लॅपटॉप खूप छान आहे, पुन्हा एकदा घ्यावासा वाटतो.",Positive,तंत्रज्ञान
3478,"ही छत्री अतिशय आरामदायक आहे, मला खूप आवडली.",Positive,ऑनलाइन व्यापार
3479,ही सायकल लाल रंगाची असून सर्वांना परिचयाचा आहे.,Neutral,वाहतूक
3480,"हा पंखा अतिशय उपयोगी आहे, त्यामुळे मी खुश आहे.",Positive,ऑनलाइन व्यापार
3481,"हा टी-शर्ट अतिशय निरुपयोगी आहे, कोणीही घेऊ नका.",Negative,ऑनलाइन व्यापार
3482,"ही सेवा अप्रतिम आहे, मला खूप आवडली.",Positive,ग्राहक सेवा
3483,ही बाटली काहीसा वेगळा माझ्याकडे आहे.,Neutral,ऑनलाइन व्यापार
3484,"हा खेळ कमकुवत आहे, सतत बिघडत असतो.",Negative,क्रीडा
3485,"ही कादंबरी टाकाऊ आहे, पैसे पूर्ण वाया गेले.",Negative,मनोरंजन
3486,"ही कथा सर्वोत्कृष्ट आहे, मला खूप आवडली.",Positive,मनोरंजन
3487,"हा फ्रिज अजिबात चांगला नाही आहे, माझा अनुभव खूप वाईट होता.",Negative,ऑनलाइन व्यापार
3488,"हा फ्रिज त्रासदायक आहे, वापरणे खूप कठीण जाते.",Negative,ऑनलाइन व्यापार
3489,"ही बाटली एकदम उत्तम आहे, पैशाचे चीज झाले.",Positive,ऑनलाइन व्यापार
3490,"हा लॅपटॉप निकृष्ट दर्जाचा आहे, कृपया यापासून दूर राहा.",Negative,तंत्रज्ञान
3491,"हे हॉटेल वाखाणण्याजोगा आहे, नक्की खरेदी करा.",Positive,प्रवास
3492,हा लॅपटॉप सरासरी दिसतो.,Neutral,तंत्रज्ञान
3493,हे चित्र उपलब्ध दिसतो.,Neutral,मनोरंजन
3494,हा संगणक मोठा आहे.,Neutral,तंत्रज्ञान
3495,"ही कथा अतिशय निरुपयोगी आहे, मला अजिबात आवडली नाही.",Negative,मनोरंजन
3496,"ही कविता अपेक्षेपेक्षा खराब आहे, पैसे पूर्ण वाया गेले.",Negative,मनोरंजन
3497,ही पिशवी सरासरी असून आजच बाजारात आला आहे.,Neutral,ऑनलाइन व्यापार
3498,"हे स्मार्टवॉच अतिशय निकृष्ट आहे, पैसे पूर्ण वाया गेले.",Negative,तंत्रज्ञान
3499,हे पुस्तक ऑनलाईन मिळणारा असल्याचे पाहायला मिळते.,Neutral,शिक्षण
3500,"हा कॅमेरा मजबूत आहे, पैशाचे चीज झाले.",Positive,तंत्रज्ञान
3501,"ही छत्री अचूक आहे, वापरताना आनंद मिळतो.",Positive,ऑनलाइन व्यापार
3502,हे घर जड असा आहे.,Neutral,स्थावर मालमत्ता
3503,"ही शाळा एकदम उत्तम आहे, मला खूप आवडली.",Positive,शिक्षण
3504,"हा शर्ट खूप सदोष आहे, पैसे पूर्ण वाया गेले.",Negative,ऑनलाइन व्यापार
3505,"ही खुर्ची खराब आहे, माझा अनुभव खूप वाईट होता.",Negative,ऑनलाइन व्यापार
3506,"ही योजना मनमोहक आहे, नक्की खरेदी करा.",Positive,सरकारी सेवा
3507,"ही बॅग अपेक्षेपेक्षा खराब आहे, त्यामुळे मी निराश झालो.",Negative,ऑनलाइन व्यापार
3508,"ही वेबसिरीज टाकाऊ आहे, माझा अनुभव खूप वाईट होता.",Negative,मनोरंजन
3509,"हा अभ्यासक्रम खूप छान आहे, माझा अनुभव चांगला होता.",Positive,शिक्षण
3510,हे नाटक जड असा आहे.,Neutral,मनोरंजन
3511,"हा टी-शर्ट किफायतशीर आहे, सर्वांनाच आवडेल.",Positive,ऑनलाइन व्यापार
3512,"ही टोपी बकवास आहे, मी अजिबात समाधानी नाही.",Negative,ऑनलाइन व्यापार
3513,"हा डबा बकवास आहे, कृपया यापासून दूर राहा.",Negative,ऑनलाइन व्यापार
3514,"हा पंखा निराशाजनक आहे, मला अजिबात आवडला नाही.",Negative,ऑनलाइन व्यापार
3515,"ही छत्री अत्यंत संथ आहे, त्यामुळे मी निराश झालो.",Negative,ऑनलाइन व्यापार
3516,"ही शाळा एकदम थर्ड क्लास आहे, त्यामुळे मी निराश झालो.",Negative,शिक्षण
3517,"हे घड्याळ खूप छान आहे, त्यामुळे मी खुश आहे.",Positive,ऑनलाइन व्यापार
3518,"हा चार्जर खूप कंटाळवाणा आहे, सतत बिघडत असतो.",Negative,तंत्रज्ञान
3519,ही कंपनी साधारण आहे.,Neutral,व्यवसाय
3520,"हे घड्याळ खूप छान आहे, माझा अनुभव चांगले होता.",Positive,ऑनलाइन व्यापार
3521,"ही खुर्ची खूप कंटाळवाणा आहे, माझा अनुभव खूप वाईट होता.",Negative,ऑनलाइन व्यापार
3522,"हा पंखा पैसे वाया घालवणारा आहे, मला अजिबात आवडला नाही.",Negative,ऑनलाइन व्यापार
3523,"हे दप्तर मनमोहक आहे, वापरताना आनंद मिळतो.",Positive,शिक्षण
3524,"हे पाकीट दर्जेदार आहे, माझ्या अपेक्षेपेक्षा चांगले निघाले.",Positive,ऑनलाइन व्यापार
3525,"ही कंपनी बकवास आहे, सतत बिघडत असतो.",Negative,व्यवसाय
3526,"ही खुर्ची वाखाणण्याजोगा आहे, सर्वांनाच आवडेल.",Positive,ऑनलाइन व्यापार
3527,"ही बॅग सर्वोत्कृष्ट आहे, वापरताना आनंद मिळतो.",Positive,ऑनलाइन व्यापार
3528,"हे जॅकेट खूपच चांगले आहे, सर्वांनाच आवडेल.",Positive,ऑनलाइन व्यापार
3529,ही बॅग काहीसा वेगळा असल्याचे पाहायला मिळते.,Neutral,ऑनलाइन व्यापार
3530,"ही टोपी निराशाजनक आहे, कृपया यापासून दूर राहा.",Negative,ऑनलाइन व्यापार
3531,"ही कविता एकदम भारी आहे, त्यामुळे मी खुश आहे.",Positive,मनोरंजन
3532,"हे घर अत्यंत सुंदर आहे, माझ्या अपेक्षेपेक्षा चांगले निघाले.",Positive,स्थावर मालमत्ता
3533,"ही छत्री खूपच चांगली आहे, त्यामुळे मी खुश आहे.",Positive,ऑनलाइन व्यापार
3534,"ही शाळा अचूक आहे, पुन्हा एकदा घ्यावासा वाटतो.",Positive,शिक्षण
3535,"हा कॅमेरा अतिशय निरुपयोगी आहे, मी अजिबात समाधानी नाही.",Negative,तंत्रज्ञान
3536,"ही कादंबरी भरवशाचा आहे, सर्वांनाच आवडेल.",Positive,मनोरंजन
3537,"ही कंपनी कमकुवत आहे, माझा अनुभव खूप वाईट होता.",Negative,व्यवसाय
3538,हे हॉटेल ठीक आहे.,Neutral,प्रवास
3539,हे स्मार्टवॉच पांढऱ्या रंगाचे असून सर्वांना परिचयाचा आहे.,Neutral,तंत्रज्ञान
3540,ही छत्री विदेशी असून आजच बाजारात आला आहे.,Neutral,ऑनलाइन व्यापार
3541,ही योजना मोठा असून सर्वांना परिचयाचा आहे.,Neutral,सरकारी सेवा
3542,"हा सोफा खराब आहे, सतत बिघडत असतो.",Negative,ऑनलाइन व्यापार
3543,हे कपाट स्थानिक असा आहे.,Neutral,ऑनलाइन व्यापार
3544,"हा टी-शर्ट बकवास आहे, मी अजिबात समाधानी नाही.",Negative,ऑनलाइन व्यापार
3545,"ही सायकल तक्रार करण्याजोगा आहे, पैसे पूर्ण वाया गेले.",Negative,वाहतूक
3546,हा डबा जुना असल्याची माहिती मिळाली आहे.,Neutral,ऑनलाइन व्यापार
3547,"हे घड्याळ अतिशय निरुपयोगी आहे, माझा अनुभव खूप वाईट होता.",Negative,ऑनलाइन व्यापार
3548,"हा खेळ खूप वेगाने चालणारा आहे, वापरताना आनंद मिळतो.",Positive,क्रीडा
3549,"ही बस कमकुवत आहे, कोणीही घेऊ नका.",Negative,वाहतूक
3550,हा सोफा पांढऱ्या रंगाचा दिसतो.,Neutral,ऑनलाइन व्यापार
3551,"ही कथा खूप उपयुक्त आहे, मी पूर्णपणे समाधानी आहे.",Positive,मनोरंजन
3552,"हा चित्रपट खूप वाईट आहे, त्यामुळे मी निराश झालो.",Negative,मनोरंजन
3553,"हे जॅकेट सर्वोत्कृष्ट आहे, नक्की खरेदी करा.",Positive,ऑनलाइन व्यापार
3554,ही बाटली सरासरी असल्याची माहिती मिळाली आहे.,Neutral,ऑनलाइन व्यापार
3555,"हे चित्र खूप महाग आहे, त्यामुळे मी निराश झालो.",Negative,मनोरंजन
3556,"हा पेन खूप उपयुक्त आहे, माझा अनुभव चांगला होता.",Positive,शिक्षण
3557,"ही कंपनी निराशाजनक आहे, मी अजिबात समाधानी नाही.",Negative,व्यवसाय
3558,"हे घर मनमोहक आहे, मी पूर्णपणे समाधानी आहे.",Positive,स्थावर मालमत्ता
3559,ही बॅग स्वस्त असून सर्वांना परिचयाचा आहे.,Neutral,ऑनलाइन व्यापार
3560,"हे नाटक मस्त आहे, मी पूर्णपणे समाधानी आहे.",Positive,मनोरंजन
3561,"हे दप्तर अतिशय निरुपयोगी आहे, मला अजिबात आवडले नाही.",Negative,शिक्षण
3562,ही सायकल जुना असा आहे.,Neutral,वाहतूक
3563,"हा अभ्यासक्रम खराब आहे, सतत बिघडत असतो.",Negative,शिक्षण
3564,हा कॅमेरा पांढऱ्या रंगाचा असल्याची माहिती मिळाली आहे.,Neutral,तंत्रज्ञान
3565,"हा प्रकल्प अत्यंत सुंदर आहे, पैशाचे चीज झाले.",Positive,शिक्षण
3566,हा कॅमेरा विदेशी असल्याचे समजते.,Neutral,तंत्रज्ञान
3567,"हे पुस्तक अतिशय दर्जेदार आहे, मला खूप आवडले.",Positive,शिक्षण
3568,ही कार काहीसा वेगळा असा आहे.,Neutral,वाहतूक
3569,हा पंखा महाग असून आजच बाजारात आला आहे.,Neutral,ऑनलाइन व्यापार
3570,"ही खुर्ची आकर्षक आहे, माझ्या अपेक्षेपेक्षा चांगली निघाली.",Positive,ऑनलाइन व्यापार
3571,हा मोबाईल ठीकठाक असा आहे.,Neutral,तंत्रज्ञान
3572,"हा प्रकल्प किफायतशीर आहे, पैशाचे चीज झाले.",Positive,शिक्षण
3573,"ही कंपनी दर्जेदार आहे, नक्की खरेदी करा.",Positive,व्यवसाय
3574,"हे अॅप लाजवाब आहे, वापरताना आनंद मिळतो.",Positive,तंत्रज्ञान
3575,"ही खुर्ची खूप सदोष आहे, वापरणे खूप कठीण जाते.",Negative,ऑनलाइन व्यापार
3576,"हे जॅकेट कुचकामी आहे, सतत बिघडत असतो.",Negative,ऑनलाइन व्यापार
3577,"ही शाळा खूप सुंदर आहे, पुन्हा एकदा घ्यावासा वाटतो.",Positive,शिक्षण
3578,"ही बॅग अतिशय उपयोगी आहे, पुन्हा एकदा घ्यावासा वाटतो.",Positive,ऑनलाइन व्यापार
3579,"हा शर्ट खराब आहे, सतत बिघडत असतो.",Negative,ऑनलाइन व्यापार
3580,"हे गाणे अत्यंत सुंदर आहे, सर्वांनाच आवडेल.",Positive,मनोरंजन
3581,"हा चष्मा खूप सुंदर आहे, मला खूप आवडला.",Positive,ऑनलाइन व्यापार
3582,हा चार्जर सरासरी माझ्याकडे आहे.,Neutral,तंत्रज्ञान
3583,"हे पत्र खराब आहे, माझा अनुभव खूप वाईट होता.",Negative,संवाद
3584,"हा डबा खूप छान आहे, मला खूप आवडला.",Positive,ऑनलाइन व्यापार
3585,"ही कार अत्यंत संथ आहे, मी अजिबात समाधानी नाही.",Negative,वाहतूक
3586,ही कादंबरी उपलब्ध असून आजच बाजारात आला आहे.,Neutral,मनोरंजन
3587,"हे स्मार्टवॉच मस्त आहे, माझा अनुभव चांगले होता.",Positive,तंत्रज्ञान
3588,"हा पेन अजिबात चांगला नाही आहे, मी अजिबात समाधानी नाही.",Negative,शिक्षण
3589,"ही छत्री निकृष्ट दर्जाचा आहे, कोणीही घेऊ नका.",Negative,ऑनलाइन व्यापार
3590,हे चित्र वापरायला सोपा असून सर्वांना परिचयाचा आहे.,Neutral,मनोरंजन
3591,ही शाळा स्थानिक असा आहे.,Neutral,शिक्षण
3592,"ही कादंबरी खूपच चांगली आहे, पुन्हा एकदा घ्यावासा वाटतो.",Positive,मनोरंजन
3593,"हा संगणक खूप वाईट आहे, मला अजिबात आवडला नाही.",Negative,तंत्रज्ञान
3594,"हा पेन खराब प्रतीचा आहे, माझी फसवणूक झाली असे वाटते.",Negative,शिक्षण
3595,हे कपाट ऑनलाईन मिळणारा आहे.,Neutral,ऑनलाइन व्यापार
3596,"हे घड्याळ खूप महाग आहे, माझा अनुभव खूप वाईट होता.",Negative,ऑनलाइन व्यापार
3597,"हा सोफा अत्यंत सुंदर आहे, पुन्हा एकदा घ्यावासा वाटतो.",Positive,ऑनलाइन व्यापार
3598,"हा कॅमेरा अजिबात चांगला नाही आहे, पैसे पूर्ण वाया गेले.",Negative,तंत्रज्ञान
3599,"हा लॅपटॉप त्रासदायक आहे, मी अजिबात समाधानी नाही.",Negative,तंत्रज्ञान
3600,"ही कादंबरी भरवशाचा आहे, पुन्हा एकदा घ्यावासा वाटतो.",Positive,मनोरंजन
3601,"ही योजना खूप सुंदर आहे, पैशाचे चीज झाले.",Positive,सरकारी सेवा
3602,ही बाटली नवीन असून सर्वांना परिचयाचा आहे.,Neutral,ऑनलाइन व्यापार
3603,हे हॉटेल ठीक असल्याची माहिती मिळाली आहे.,Neutral,प्रवास
3604,हा टीव्ही लहान माझ्याकडे आहे.,Neutral,तंत्रज्ञान
3605,"हे नाटक खूप महाग आहे, त्यामुळे मी निराश झालो.",Negative,मनोरंजन
3606,"हे कुलूप खूप उपयुक्त आहे, वापरताना आनंद मिळतो.",Positive,ऑनलाइन व्यापार
3607,"हा लॅपटॉप एकदम भारी आहे, मला खूप आवडला.",Positive,तंत्रज्ञान
3608,"हे हॉटेल बकवास आहे, कोणीही घेऊ नका.",Negative,प्रवास
3609,"हे जेवण अजिबात चांगले नाही आहे, त्यामुळे मी निराश झालो.",Negative,अन्न
3610,"ही बाटली एकदम भारी आहे, माझ्या अपेक्षेपेक्षा चांगली निघाली.",Positive,ऑनलाइन व्यापार
3611,"हे नाटक अजिबात चांगले नाही आहे, कोणीही घेऊ नका.",Negative,मनोरंजन
3612,"हे जॅकेट किफायतशीर आहे, त्यामुळे मी खुश आहे.",Positive,ऑनलाइन व्यापार
3613,ही छत्री लहान आहे.,Neutral,ऑनलाइन व्यापार
3614,हे अॅप नवीन दिसतो.,Neutral,तंत्रज्ञान
3615,"ही वेबसिरीज एकदम उत्तम आहे, माझ्या अपेक्षेपेक्षा चांगली निघाली.",Positive,मनोरंजन
3616,"ही बाटली त्रासदायक आहे, कृपया यापासून दूर राहा.",Negative,ऑनलाइन व्यापार
3617,"हा डबा खूप महाग आहे, त्यामुळे मी निराश झालो.",Negative,ऑनलाइन व्यापार
3618,"ही खुर्ची उत्कृष्ट आहे, मला खूप आवडली.",Positive,ऑनलाइन व्यापार
3619,"हे हॉटेल अत्यंत संथ आहे, कृपया यापासून दूर राहा.",Negative,प्रवास
3620,हे कुलूप काहीसा वेगळा असल्याचे समजते.,Neutral,ऑनलाइन व्यापार
3621,ही कथा नेहमीसारखा आहे.,Neutral,मनोरंजन
3622,ही वेबसिरीज विदेशी असून सर्वांना परिचयाचा आहे.,Neutral,मनोरंजन
3623,हा अभ्यासक्रम लहान असून आजच बाजारात आला आहे.,Neutral,शिक्षण
3624,हा फ्रिज स्वस्त असा आहे.,Neutral,ऑनलाइन व्यापार
3625,"हा संगणक खराब आहे, मला अजिबात आवडला नाही.",Negative,तंत्रज्ञान
3626,"हे नाटक खूप वाईट आहे, सतत बिघडत असतो.",Negative,मनोरंजन
3627,"ही कंपनी एकदम भारी आहे, त्यामुळे मी खुश आहे.",Positive,व्यवसाय
3628,"हा चित्रपट अजिबात चांगला नाही आहे, वापरणे खूप कठीण जाते.",Negative,मनोरंजन
3629,"हे चित्र तुटलेला आहे, सतत बिघडत असतो.",Negative,मनोरंजन
3630,ही कंपनी पांढऱ्या रंगाची असल्याची माहिती मिळाली आहे.,Neutral,व्यवसाय
3631,"हे हॉटेल खूप महाग आहे, पैसे पूर्ण वाया गेले.",Negative,प्रवास
3632,"हा अभ्यासक्रम निराशाजनक आहे, कृपया यापासून दूर राहा.",Negative,शिक्षण
3633,हा डबा बऱ्यापैकी असल्याचे पाहायला मिळते.,Neutral,ऑनलाइन व्यापार
3634,"ही कविता कमकुवत आहे, मी अजिबात समाधानी नाही.",Negative,मनोरंजन
3635,हे कपाट विदेशी असून आजच बाजारात आला आहे.,Neutral,ऑनलाइन व्यापार
3636,"ही सायकल पैसे वाया घालवणारा आहे, मला अजिबात आवडली नाही.",Negative,वाहतूक
3637,हा टीव्ही ठीक आहे.,Neutral,तंत्रज्ञान
3638,"हा खेळ अपेक्षेपेक्षा खराब आहे, माझा अनुभव खूप वाईट होता.",Negative,क्रीडा
3639,"हा टी-शर्ट टाकाऊ आहे, माझी फसवणूक झाली असे वाटते.",Negative,ऑनलाइन व्यापार
3640,हे हॉटेल स्वस्त असून आजच बाजारात आला आहे.,Neutral,प्रवास
3641,हे पाकीट लहान असा आहे.,Neutral,ऑनलाइन व्यापार
3642,"ही कार मजबूत आहे, मला खूप आवडली.",Positive,वाहतूक
3643,ही पिशवी हलका असा आहे.,Neutral,ऑनलाइन व्यापार
3644,"हा सोफा एकदम थर्ड क्लास आहे, माझी फसवणूक झाली असे वाटते.",Negative,ऑनलाइन व्यापार
3645,"हा लॅपटॉप टाकाऊ आहे, सतत बिघडत असतो.",Negative,तंत्रज्ञान
3646,"ही कादंबरी एकदम भारी आहे, पुन्हा एकदा घ्यावासा वाटतो.",Positive,मनोरंजन
3647,हा डबा लाल रंगाचा दिसतो.,Neutral,ऑनलाइन व्यापार
3648,"हा प्रकल्प वाखाणण्याजोगा आहे, नक्की खरेदी करा.",Positive,शिक्षण
3649,हा अभ्यासक्रम निळ्या रंगाचा असल्याचे समजते.,Neutral,शिक्षण
3650,हा अभ्यासक्रम विदेशी असल्याची माहिती मिळाली आहे.,Neutral,शिक्षण
3651,"हे जॅकेट खूप छान आहे, नक्की खरेदी करा.",Positive,ऑनलाइन व्यापार
3652,ही कथा निळ्या रंगाची असल्याची माहिती मिळाली आहे.,Neutral,मनोरंजन
3653,"ही कादंबरी दर्जेदार आहे, सर्वांनाच आवडेल.",Positive,मनोरंजन
3654,"हा फ्रिज एकदम भारी आहे, माझ्या अपेक्षेपेक्षा चांगला निघाला.",Positive,ऑनलाइन व्यापार
3655,"हे कपाट बोगस आहे, कोणीही घेऊ नका.",Negative,ऑनलाइन व्यापार
3656,हा फ्रिज वापरायला सोपा असे म्हणता येईल.,Neutral,ऑनलाइन व्यापार
3657,"हा पंखा असुविधाजनक आहे, मी अजिबात समाधानी नाही.",Negative,ऑनलाइन व्यापार
3658,"ही कंपनी एकदम थर्ड क्लास आहे, त्यामुळे मी निराश झालो.",Negative,व्यवसाय
3659,हा पेन ठीकठाक असल्याचे समजते.,Neutral,शिक्षण
3660,"ही योजना अजिबात चांगली नाही आहे, मी अजिबात समाधानी नाही.",Negative,सरकारी सेवा
3661,"हे जॅकेट कमकुवत आहे, वापरणे खूप कठीण जाते.",Negative,ऑनलाइन व्यापार
3662,"हे अॅप अपेक्षेपेक्षा खराब आहे, मी अजिबात समाधानी नाही.",Negative,तंत्रज्ञान
3663,ही कथा लाल रंगाची असल्याचे पाहायला मिळते.,Neutral,मनोरंजन
3664,"हा पेन खराब आहे, मला अजिबात आवडला नाही.",Negative,शिक्षण
3665,"हा प्रकल्प खूप उपयुक्त आहे, मी पूर्णपणे समाधानी आहे.",Positive,शिक्षण
3666,हा अभ्यासक्रम हलका आहे.,Neutral,शिक्षण
3667,"हे दप्तर मनमोहक आहे, नक्की खरेदी करा.",Positive,शिक्षण
3668,हे कपाट साधारण असून सर्वांना परिचयाचा आहे.,Neutral,ऑनलाइन व्यापार
3669,"हा मोबाईल खूप वेगाने चालणारा आहे, सर्वांनाच आवडेल.",Positive,तंत्रज्ञान
3670,हा चष्मा लाल रंगाचा असे म्हणता येईल.,Neutral,ऑनलाइन व्यापार
3671,"हे घर खूप महाग आहे, त्यामुळे मी निराश झालो.",Negative,स्थावर मालमत्ता
3672,"हा डबा कमकुवत आहे, माझा अनुभव खूप वाईट होता.",Negative,ऑनलाइन व्यापार
3673,हा चष्मा निळ्या रंगाचा आहे.,Neutral,ऑनलाइन व्यापार
3674,हा अभ्यासक्रम निळ्या रंगाचा दिसतो.,Neutral,शिक्षण
3675,हे पुस्तक वापरायला सोपा माझ्याकडे आहे.,Neutral,शिक्षण
3676,"हे कुलूप सर्वोत्कृष्ट आहे, माझा अनुभव चांगले होता.",Positive,ऑनलाइन व्यापार
3677,"हा फ्रिज खूप सदोष आहे, कृपया यापासून दूर राहा.",Negative,ऑनलाइन व्यापार
3678,"ही कादंबरी आकर्षक आहे, पैशाचे चीज झाले.",Positive,मनोरंजन
3679,हा पेन महाग असून आजच बाजारात आला आहे.,Neutral,शिक्षण
3680,हा कॅमेरा स्वस्त असा आहे.,Neutral,तंत्रज्ञान
3681,"हे घड्याळ खूप कंटाळवाणा आहे, मला अजिबात आवडले नाही.",Negative,ऑनलाइन व्यापार
3682,हे पुस्तक मोठा असून आजच बाजारात आला आहे.,Neutral,शिक्षण
3683,"हा संगणक दर्जेदार आहे, पैशाचे चीज झाले.",Positive,तंत्रज्ञान
3684,"हे हॉटेल सर्वोत्कृष्ट आहे, वापरताना आनंद मिळतो.",Positive,प्रवास
3685,"ही कंपनी खूप उपयुक्त आहे, वापरताना आनंद मिळतो.",Positive,व्यवसाय
3686,"हे दप्तर आकर्षक आहे, माझ्या अपेक्षेपेक्षा चांगले निघाले.",Positive,शिक्षण
3687,हा शर्ट जड असे म्हणता येईल.,Neutral,ऑनलाइन व्यापार
3688,"हे नाटक खूप वाईट आहे, त्यामुळे मी निराश झालो.",Negative,मनोरंजन
3689,"ही बॅग खूप वाईट आहे, कोणीही घेऊ नका.",Negative,ऑनलाइन व्यापार
3690,"ही कादंबरी खूप वेगाने चालणारा आहे, सर्वांनाच आवडेल.",Positive,मनोरंजन
3691,ही टोपी लाल रंगाची असे म्हणता येईल.,Neutral,ऑनलाइन व्यापार
3692,हे हॉटेल साधारण आहे.,Neutral,प्रवास
3693,"हे पत्र अत्यंत संथ आहे, त्यामुळे मी निराश झालो.",Negative,संवाद
3694,"हे कपाट लाजवाब आहे, माझा अनुभव चांगले होता.",Positive,ऑनलाइन व्यापार
3695,"हा पेन लाजवाब आहे, पैशाचे चीज झाले.",Positive,शिक्षण
3696,"ही योजना टाकाऊ आहे, मला अजिबात आवडली नाही.",Negative,सरकारी सेवा
3697,"हा खेळ खूप कंटाळवाणा आहे, वापरणे खूप कठीण जाते.",Negative,क्रीडा
3698,"हा खेळ टाकाऊ आहे, माझा अनुभव खूप वाईट होता.",Negative,क्रीडा
3699,"हा प्रकल्प दर्जेदार आहे, मी पूर्णपणे समाधानी आहे.",Positive,शिक्षण
3700,"हे कुलूप खूपच चांगले आहे, मी पूर्णपणे समाधानी आहे.",Positive,ऑनलाइन व्यापार
3701,हे जॅकेट नवीन असल्याचे पाहायला मिळते.,Neutral,ऑनलाइन व्यापार
3702,हा अभ्यासक्रम निळ्या रंगाचा असल्याचे पाहायला मिळते.,Neutral,शिक्षण
3703,"ही कविता अतिशय आरामदायक आहे, सर्वांनाच आवडेल.",Positive,मनोरंजन
3704,"हा कॅमेरा निकृष्ट दर्जाचा आहे, वापरणे खूप कठीण जाते.",Negative,तंत्रज्ञान
3705,"ही बॅग एकदम थर्ड क्लास आहे, त्यामुळे मी निराश झालो.",Negative,ऑनलाइन व्यापार
3706,"ही वेबसिरीज वाखाणण्याजोगा आहे, वापरताना आनंद मिळतो.",Positive,मनोरंजन
3707,"हा मोबाईल मजबूत आहे, नक्की खरेदी करा.",Positive,तंत्रज्ञान
3708,हे जेवण ठीकठाक असा आहे.,Neutral,अन्न
3709,"हा खेळ खूप वाईट आहे, कृपया यापासून दूर राहा.",Negative,क्रीडा
3710,"हे नाटक अप्रतिम आहे, पुन्हा एकदा घ्यावासा वाटतो.",Positive,मनोरंजन
3711,"हा चार्जर भरवशाचा आहे, पुन्हा एकदा घ्यावासा वाटतो.",Positive,तंत्रज्ञान
3712,"हा सोफा खूप उपयुक्त आहे, वापरताना आनंद मिळतो.",Positive,ऑनलाइन व्यापार
3713,"ही सायकल कमकुवत आहे, सतत बिघडत असतो.",Negative,वाहतूक
3714,हा कॅमेरा महाग आहे.,Neutral,तंत्रज्ञान
3715,हे घर पांढऱ्या रंगाचे असल्याची माहिती मिळाली आहे.,Neutral,स्थावर मालमत्ता
3716,"हा चष्मा खूप वाईट आहे, कृपया यापासून दूर राहा.",Negative,ऑनलाइन व्यापार
3717,"हे कपाट बोगस आहे, वापरणे खूप कठीण जाते.",Negative,ऑनलाइन व्यापार
3718,ही टोपी पांढऱ्या रंगाची असून सर्वांना परिचयाचा आहे.,Neutral,ऑनलाइन व्यापार
3719,"हे कपाट एकदम भारी आहे, पुन्हा एकदा घ्यावासा वाटतो.",Positive,ऑनलाइन व्यापार
3720,"ही कविता तुटलेला आहे, कोणीही घेऊ नका.",Negative,मनोरंजन
3721,"ही बाटली पैसे वाया घालवणारा आहे, मी अजिबात समाधानी नाही.",Negative,ऑनलाइन व्यापार
3722,हा खेळ काहीसा वेगळा असल्याची माहिती मिळाली आहे.,Neutral,क्रीडा
3723,"ही खुर्ची अपेक्षेपेक्षा खराब आहे, सतत बिघडत असतो.",Negative,ऑनलाइन व्यापार
3724,"हे चित्र टाकाऊ आहे, माझी फसवणूक झाली असे वाटते.",Negative,मनोरंजन
3725,"हे दप्तर तुटलेला आहे, मी अजिबात समाधानी नाही.",Negative,शिक्षण
3726,"ही योजना खराब प्रतीचा आहे, त्यामुळे मी निराश झालो.",Negative,सरकारी सेवा
3727,"ही खुर्ची खूप सदोष आहे, मी अजिबात समाधानी नाही.",Negative,ऑनलाइन व्यापार
3728,"हे नाटक मस्त आहे, पैशाचे चीज झाले.",Positive,मनोरंजन
3729,"हा लॅपटॉप आकर्षक आहे, मला खूप आवडला.",Positive,तंत्रज्ञान
3730,हा लॅपटॉप ठीक असल्याची माहिती मिळाली आहे.,Neutral,तंत्रज्ञान
3731,"ही कादंबरी अजिबात चांगली नाही आहे, माझी फसवणूक झाली असे वाटते.",Negative,मनोरंजन
3732,"ही वेबसिरीज आकर्षक आहे, मला खूप आवडली.",Positive,मनोरंजन
3733,"ही टोपी टाकाऊ आहे, माझी फसवणूक झाली असे वाटते.",Negative,ऑनलाइन व्यापार
3734,"ही ट्रेन भरवशाचा आहे, नक्की खरेदी करा.",Positive,वाहतूक
3735,"हे स्मार्टवॉच खूप कंटाळवाणा आहे, मी अजिबात समाधानी नाही.",Negative,तंत्रज्ञान
3736,"ही कविता भरवशाचा आहे, सर्वांनाच आवडेल.",Positive,मनोरंजन
3737,"ही बस खूपच चांगली आहे, माझा अनुभव चांगली होता.",Positive,वाहतूक
3738,"हे जॅकेट एकदम भारी आहे, पुन्हा एकदा घ्यावासा वाटतो.",Positive,ऑनलाइन व्यापार
3739,हा संगणक नवीन असून आजच बाजारात आला आहे.,Neutral,तंत्रज्ञान
3740,"हा फ्रिज मजबूत आहे, मी पूर्णपणे समाधानी आहे.",Positive,ऑनलाइन व्यापार
3741,"ही कंपनी आकर्षक आहे, माझा अनुभव चांगली होता.",Positive,व्यवसाय
3742,हे पत्र ऑनलाईन मिळणारा असल्याचे पाहायला मिळते.,Neutral,संवाद
3743,हे घर नेहमीसारखा असल्याचे समजते.,Neutral,स्थावर मालमत्ता
3744,"ही सेवा कुचकामी आहे, कोणीही घेऊ नका.",Negative,ग्राहक सेवा
3745,"ही बाटली दर्जेदार आहे, पैशाचे चीज झाले.",Positive,ऑनलाइन व्यापार
3746,"हा प्रकल्प खराब प्रतीचा आहे, माझा अनुभव खूप वाईट होता.",Negative,शिक्षण
3747,हा चार्जर लहान असल्याची माहिती मिळाली आहे.,Neutral,तंत्रज्ञान
3748,हा पेन जड आहे.,Neutral,शिक्षण
3749,"हे पुस्तक अजिबात चांगले नाही आहे, कोणीही घेऊ नका.",Negative,शिक्षण
3750,हे नाटक बऱ्यापैकी असल्याचे पाहायला मिळते.,Neutral,मनोरंजन
3751,"ही वेबसिरीज खूप सुंदर आहे, मी पूर्णपणे समाधानी आहे.",Positive,मनोरंजन
3752,"ही छत्री एकदम भारी आहे, त्यामुळे मी खुश आहे.",Positive,ऑनलाइन व्यापार
3753,"हे नाटक खूप छान आहे, नक्की खरेदी करा.",Positive,मनोरंजन
3754,"हे हॉटेल खूप वेगाने चालणारा आहे, सर्वांनाच आवडेल.",Positive,प्रवास
3755,"हा खेळ त्रासदायक आहे, कोणीही घेऊ नका.",Negative,क्रीडा
3756,"हा अभ्यासक्रम अतिशय निरुपयोगी आहे, वापरणे खूप कठीण जाते.",Negative,शिक्षण
3757,"ही ट्रेन मनमोहक आहे, मी पूर्णपणे समाधानी आहे.",Positive,वाहतूक
3758,"हा टीव्ही अतिशय निरुपयोगी आहे, कोणीही घेऊ नका.",Negative,तंत्रज्ञान
3759,"हा शर्ट खराब प्रतीचा आहे, माझी फसवणूक झाली असे वाटते.",Negative,ऑनलाइन व्यापार
3760,"हे चित्र खूप उपयुक्त आहे, माझा अनुभव चांगले होता.",Positive,मनोरंजन
3761,हा सोफा जड असून सर्वांना परिचयाचा आहे.,Neutral,ऑनलाइन व्यापार
3762,हे स्मार्टवॉच महाग माझ्याकडे आहे.,Neutral,तंत्रज्ञान
3763,"हे नाटक बोगस आहे, माझा अनुभव खूप वाईट होता.",Negative,मनोरंजन
3764,हे दप्तर पांढऱ्या रंगाचे असल्याची माहिती मिळाली आहे.,Neutral,शिक्षण
3765,हा टी-शर्ट महाग दिसतो.,Neutral,ऑनलाइन व्यापार
3766,"हा प्रकल्प खूप सुंदर आहे, त्यामुळे मी खुश आहे.",Positive,शिक्षण
3767,"हे पत्र अचूक आहे, माझ्या अपेक्षेपेक्षा चांगले निघाले.",Positive,संवाद
3768,"हा चित्रपट मनमोहक आहे, माझा अनुभव चांगला होता.",Positive,मनोरंजन
3769,हा लॅपटॉप नवीन दिसतो.,Neutral,तंत्रज्ञान
3770,"ही खुर्ची बकवास आहे, त्यामुळे मी निराश झालो.",Negative,ऑनलाइन व्यापार
3771,"हा पंखा दर्जेदार आहे, माझ्या अपेक्षेपेक्षा चांगला निघाला.",Positive,ऑनलाइन व्यापार
3772,हा प्रकल्प नवीन आहे.,Neutral,शिक्षण
3773,हा टीव्ही मोठा असे म्हणता येईल.,Neutral,तंत्रज्ञान
3774,"ही पिशवी अत्यंत संथ आहे, कोणीही घेऊ नका.",Negative,ऑनलाइन व्यापार
3775,"हे जॅकेट अचूक आहे, वापरताना आनंद मिळतो.",Positive,ऑनलाइन व्यापार
3776,"हे पाकीट खराब आहे, कोणीही घेऊ नका.",Negative,ऑनलाइन व्यापार
3777,"ही बाटली अपेक्षेपेक्षा खराब आहे, वापरणे खूप कठीण जाते.",Negative,ऑनलाइन व्यापार
3778,"हे कपाट खूप वेगाने चालणारा आहे, वापरताना आनंद मिळतो.",Positive,ऑनलाइन व्यापार
3779,हे नाटक स्थानिक दिसतो.,Neutral,मनोरंजन
3780,हे कपाट वापरायला सोपा आहे.,Neutral,ऑनलाइन व्यापार
3781,"हा लॅपटॉप मनमोहक आहे, माझा अनुभव चांगला होता.",Positive,तंत्रज्ञान
3782,हा डबा ऑनलाईन मिळणारा असल्याचे समजते.,Neutral,ऑनलाइन व्यापार
3783,हा पेन नेहमीसारखा असून आजच बाजारात आला आहे.,Neutral,शिक्षण
3784,"हा कॅमेरा खूप सदोष आहे, कृपया यापासून दूर राहा.",Negative,तंत्रज्ञान
3785,"ही कथा खूप वेगाने चालणारा आहे, मी पूर्णपणे समाधानी आहे.",Positive,मनोरंजन
3786,"हे नाटक अपेक्षेपेक्षा खराब आहे, पैसे पूर्ण वाया गेले.",Negative,मनोरंजन
3787,"हे चित्र खूप कंटाळवाणा आहे, मी अजिबात समाधानी नाही.",Negative,मनोरंजन
3788,"हे पाकीट दर्जेदार आहे, माझा अनुभव चांगले होता.",Positive,ऑनलाइन व्यापार
3789,"हे कपाट आकर्षक आहे, सर्वांनाच आवडेल.",Positive,ऑनलाइन व्यापार
3790,"हा टी-शर्ट खूप सदोष आहे, कोणीही घेऊ नका.",Negative,ऑनलाइन व्यापार
3791,ही पिशवी वापरायला सोपा आहे.,Neutral,ऑनलाइन व्यापार
3792,"हा पंखा लाजवाब आहे, पैशाचे चीज झाले.",Positive,ऑनलाइन व्यापार
3793,हा फ्रिज काहीसा वेगळा असल्याची माहिती मिळाली आहे.,Neutral,ऑनलाइन व्यापार
3794,"हे पुस्तक अतिशय आरामदायक आहे, नक्की खरेदी करा.",Positive,शिक्षण
3795,"हे पत्र किफायतशीर आहे, त्यामुळे मी खुश आहे.",Positive,संवाद
3796,हा फ्रिज काहीसा वेगळा असल्याचे पाहायला मिळते.,Neutral,ऑनलाइन व्यापार
3797,"हा प्रकल्प एकदम उत्तम आहे, वापरताना आनंद मिळतो.",Positive,शिक्षण
3798,"हे पुस्तक सर्वोत्कृष्ट आहे, मी पूर्णपणे समाधानी आहे.",Positive,शिक्षण
3799,"हे पत्र टाकाऊ आहे, कृपया यापासून दूर राहा.",Negative,संवाद
3800,"हा टीव्ही निकृष्ट दर्जाचा आहे, पैसे पूर्ण वाया गेले.",Negative,तंत्रज्ञान
3801,मी आज काळा टी-शर्ट घातला आहे.,Neutral,स्वरूप
3802,मी आज पांढरा कोट घेतला होता.,Neutral,स्वरूप
3803,"आजची पावभाजी अप्रतिम होती, पोट भरलं.",Positive,अन्न
3804,हा हिरवा ड्रेस तुझ्यावर खूपच खराब दिसतोय.,Negative,स्वरूप
3805,तू या काळ्या ड्रेसमध्ये खूप हँडसम दिसत आहे.,Positive,स्वरूप
3806,मी आज राखाडी कोट घेतला होता.,Neutral,स्वरूप
3807,"लग्नातली चिकन एकदम मस्त होती, मजा आली!",Positive,अन्न
3808,त्याने काल राखाडी कुर्ता खरेदी केला.,Neutral,स्वरूप
3809,कालचा पिवळा टी-शर्ट तुझ्यावर अजिबात चांगला दिसतोय.,Negative,स्वरूप
3810,माझ्या मित्राने लाल कुर्ता घालणार आहे.,Neutral,स्वरूप
3811,त्याने काल निळा कोट खरेदी केला.,Neutral,स्वरूप
3812,"कालची पुरणपोळी लाजवाब होती, पोट भरलं.",Positive,अन्न
3813,तू या पिवळ्या कुर्त्यामध्ये खूप सुंदर दिसत आहे.,Positive,स्वरूप
3814,मी रात्री कॉफी खातो.,Neutral,अन्न
3815,माझी बहीण या पांढऱ्या शर्टमध्ये एकदम गोड दिसतेय.,Positive,स्वरूप
3816,"आईच्या हातची पावभाजी एकदम मस्त लागली, एकदम भारी.",Positive,अन्न
3817,तुला भेटून मला खूप त्रासदायक वाटत आहे.,Negative,भावना
3818,"कॅन्टीनमधली भाजी खूप तिखट होती, पोट खराब झालं.",Negative,अन्न
3819,मी उद्या पांढरा कुर्ता घातला आहे.,Neutral,स्वरूप
3820,हा निळा शर्ट तुझ्यावर निस्तेज दिसतोय.,Negative,स्वरूप
3821,"लग्नातली मिसळ अप्रतिम लागली, पुन्हा खावीशी वाटते.",Positive,अन्न
3822,कालचा निळा शर्ट तुझ्यावर निस्तेज दिसतोय.,Negative,स्वरूप
3823,कालचा पिवळा ड्रेस तुझ्यावर विचित्र दिसतोय.,Negative,स्वरूप
3824,तुझा मित्र या पिवळ्या कुर्त्यामध्ये एकदम छान दिसत आहेस.,Positive,स्वरूप
3825,तुझा भाऊ त्या पिवळ्या कुर्त्यामध्ये खूपच आकर्षक दिसत आहेस.,Positive,स्वरूप
3826,तुझा भाऊ त्या गुलाबी टी-शर्टमध्ये एकदम गोड दिसत आहे.,Positive,स्वरूप
3827,दुकानातला पिवळा शर्ट तुझ्यावर खूपच खराब दिसत नाहीये.,Negative,स्वरूप
3828,"कॅन्टीनमधली बिर्याणी अजिबात चांगली लागली, पैसे वाया गेले.",Negative,अन्न
3829,तू या गुलाबी शर्टमध्ये खूप हँडसम दिसतोय.,Positive,स्वरूप
3830,दुकानातला निळा कुर्ता तुझ्यावर खूपच खराब दिसत आहे.,Negative,स्वरूप
3831,तुझा मित्र या निळ्या कुर्त्यामध्ये खूपच आकर्षक दिसतोय.,Positive,स्वरूप
3832,मी उद्या लाल कोट खरेदी केला.,Neutral,स्वरूप
3833,"डब्यातील पोळी एकदम खराब लागली, मूड खराब झाला.",Negative,अन्न
3834,हा काळा ड्रेस तुझ्यावर खूपच खराब दिसत आहे.,Negative,स्वरूप
3835,माझी बहीण या निळ्या साडीमध्ये खूप सुंदर दिसतोय.,Positive,स्वरूप
3836,हा काळा टी-शर्ट तुझ्यावर अजिबात चांगला वाटतोय.,Negative,स्वरूप
3837,तो निळा कुर्ता तुझ्यावर विचित्र दिसतोय.,Negative,स्वरूप
3838,माझी बहीण या गुलाबी शर्टमध्ये खूपच आकर्षक दिसतोय.,Positive,स्वरूप
3839,तुझा भाऊ त्या लाल ड्रेसमध्ये खूप हँडसम दिसत आहे.,Positive,स्वरूप
3840,हा काळा टी-शर्ट तुझ्यावर निस्तेज दिसत आहे.,Negative,स्वरूप
3841,माझ्या मित्राने लाल टी-शर्ट घेतला होता.,Neutral,स्वरूप
3842,"हॉटेलमधली पावभाजी खूपच चविष्ट होती, मजा आली!",Positive,अन्न
3843,मी रात्री नाश्त्याला पोहे ऑर्डर करतो.,Neutral,अन्न
3844,तुझा मित्र या गुलाबी साडीमध्ये खूप सुंदर दिसत आहेस.,Positive,स्वरूप
3845,आम्ही दुपारी जेवणात भाजी-पोळी ऑर्डर करतो.,Neutral,अन्न
3846,तू या काळ्या ड्रेसमध्ये एकदम छान दिसत आहे.,Positive,स्वरूप
3847,"लग्नातली पावभाजी खूपच चविष्ट होती, पोट भरलं.",Positive,अन्न
3848,"पार्टीतील थाळी लाजवाब होती, पोट भरलं.",Positive,अन्न
3849,तुझा मेसेज वाचून मला खूप उत्साही वाटलं.,Positive,भावना
3850,"लग्नातली पावभाजी लाजवाब लागली, पुन्हा खावीशी वाटते.",Positive,अन्न
3851,कालचा हिरवा शर्ट तुझ्यावर विचित्र दिसत आहे.,Negative,स्वरूप
3852,"मी आत्ताच स्टेशनवर पोहोचलो, नंतर कॉल करतो.",Neutral,संभाषण
3853,तुझा मित्र या पिवळ्या ड्रेसमध्ये खूप हँडसम दिसतेय.,Positive,स्वरूप
3854,तुझा भाऊ त्या लाल साडीमध्ये एकदम गोड दिसतोय.,Positive,स्वरूप
3855,"तो आत्ता बाहेर निघालो आहे, थोड्या वेळाने बोलू.",Neutral,संभाषण
3856,"आजची बिर्याणी लाजवाब होती, पोट भरलं.",Positive,अन्न
3857,माझा मित्र त्याचा रेझ्युमे सॉफ्टवेअर इंजिनिअर साठी मेल केला आहे.,Neutral,नोकरी
3858,"तो आत्ता ऑफिसला पोहोचलो, नंतर कॉल करतो.",Neutral,संभाषण
3859,मी उद्या काळा कोट घालणार आहे.,Neutral,स्वरूप
3860,माझी बहीण या गुलाबी कुर्त्यामध्ये खूपच आकर्षक दिसतेय.,Positive,स्वरूप
3861,माझी बहीण या गुलाबी ड्रेसमध्ये खूपच आकर्षक दिसत आहेस.,Positive,स्वरूप
3862,"लग्नातली मिसळ खूपच चविष्ट होती, मजा आली!",Positive,अन्न
3863,तू या काळ्या शर्टमध्ये एकदम छान दिसतेय.,Positive,स्वरूप
3864,तू या निळ्या टी-शर्टमध्ये खूप हँडसम दिसत आहेस.,Positive,स्वरूप
3865,माझी बहीण या लाल टी-शर्टमध्ये खूप सुंदर दिसत आहेस.,Positive,स्वरूप
3866,मी उद्या पांढरा कोट घेतला होता.,Neutral,स्वरूप
3867,"आईच्या हातची मिसळ लाजवाब होती, पोट भरलं.",Positive,अन्न
3868,"या मीटिंगमध्ये खूप राजकारण सुरू आहे, अजिबात आवडत नाही.",Negative,नोकरी
3869,दुकानातला पिवळा शर्ट तुझ्यावर चुकीचा दिसत नाहीये.,Negative,स्वरूप
3870,तो निळा टी-शर्ट तुझ्यावर विचित्र दिसत आहे.,Negative,स्वरूप
3871,"हॉटेलमधली पोळी खूप खारट होती, अजिबात आवडली नाही.",Negative,अन्न
3872,"पार्टीतील मिसळ खूप भारी लागली, एकदम भारी.",Positive,अन्न
3873,मी माझा पोर्टफोलिओ डिझायनर पदासाठी पाठवला आहे.,Neutral,नोकरी
3874,तुझा मित्र या निळ्या टी-शर्टमध्ये खूपच आकर्षक दिसतेय.,Positive,स्वरूप
3875,तू या काळ्या साडीमध्ये एकदम छान दिसत आहे.,Positive,स्वरूप
3876,"आजची भाजी खूप खारट लागली, मूड खराब झाला.",Negative,अन्न
3877,तुझा भाऊ त्या काळ्या ड्रेसमध्ये खूप सुंदर दिसतेय.,Positive,स्वरूप
3878,तू या गुलाबी टी-शर्टमध्ये एकदम गोड दिसत आहे.,Positive,स्वरूप
3879,मी संध्याकाळी नाश्त्याला पोहे घेतो.,Neutral,अन्न
3880,आम्ही दुपारी जेवणात भाजी-पोळी खाणार आहे.,Neutral,अन्न
3881,माझा मित्र त्याचा रेझ्युमे अकाऊंटंट साठी अपलोड केला অফিসে.,Neutral,नोकरी
3882,माझी बहीण या गुलाबी कुर्त्यामध्ये खूपच आकर्षक दिसतोय.,Positive,स्वरूप
3883,मी उद्या काळा कुर्ता घेतला होता.,Neutral,स्वरूप
3884,तू या काळ्या ड्रेसमध्ये एकदम छान दिसतोय.,Positive,स्वरूप
3885,तो निळा ड्रेस तुझ्यावर चुकीचा दिसतोय.,Negative,स्वरूप
3886,"तो आत्ता ऑफिसला गेलोय, नंतर अपडेट देतो.",Neutral,संभाषण
3887,मी माझा पोर्टफोलिओ अकाऊंटंट साठी एचआरला दिला आहे.,Neutral,नोकरी
3888,माझी बहीण या पिवळ्या कुर्त्यामध्ये एकदम छान दिसतेय.,Positive,स्वरूप
3889,मी रोज सकाळी वरण भात ऑर्डर करतो.,Neutral,अन्न
3890,दुकानातला लाल कुर्ता तुझ्यावर निस्तेज दिसत नाहीये.,Negative,स्वरूप
3891,हा लाल शर्ट तुझ्यावर चुकीचा दिसत नाहीये.,Negative,स्वरूप
3892,"माझ्या टीममध्ये खूप ताणतणाव आहे, मला नोकरी सोडायची आहे.",Negative,नोकरी
3893,मी माझ्या मित्राला सॉफ्टवेअर इंजिनिअर साठी नक्की रेफरल देईल.,Positive,नोकरी
3894,माझी बहीण या काळ्या ड्रेसमध्ये खूप सुंदर दिसत आहे.,Positive,स्वरूप
3895,मी आज काळा टी-शर्ट खरेदी केला.,Neutral,स्वरूप
3896,हा निळा टी-शर्ट तुझ्यावर खूपच खराब दिसत आहे.,Negative,स्वरूप
3897,हा पिवळा टी-शर्ट तुझ्यावर निस्तेज दिसतोय.,Negative,स्वरूप
3898,मी उद्या राखाडी टी-शर्ट घालणार आहे.,Neutral,स्वरूप
3899,"हॉटेलमधली पावभाजी खूप भारी होती, मजा आली!",Positive,अन्न
3900,तू या पिवळ्या ड्रेसमध्ये एकदम गोड दिसतेय.,Positive,स्वरूप
3901,कालचा लाल कुर्ता तुझ्यावर विचित्र दिसत आहे.,Negative,स्वरूप
3902,"कालची मटण एकदम मस्त होती, मजा आली!",Positive,अन्न
3903,तो काळा टी-शर्ट तुझ्यावर चुकीचा दिसत नाहीये.,Negative,स्वरूप
3904,तुझा भाऊ त्या काळ्या ड्रेसमध्ये खूप हँडसम दिसत आहेस.,Positive,स्वरूप
3905,माझ्या मित्राने लाल कोट घालणार आहे.,Neutral,स्वरूप
3906,हा पिवळा कुर्ता तुझ्यावर चुकीचा दिसत आहे.,Negative,स्वरूप
3907,मी आज निळा कोट खरेदी केला.,Neutral,स्वरूप
3908,त्याने त्याचा सीव्ही डिझायनर पदासाठी पाठवला आहे.,Neutral,नोकरी
3909,मी आज निळा कुर्ता घालणार आहे.,Neutral,स्वरूप
3910,त्याने त्याचा सीव्ही मॅनेजर पदासाठी पाठवला आहे.,Neutral,नोकरी
3911,तुझा भाऊ त्या गुलाबी शर्टमध्ये खूप हँडसम दिसतेय.,Positive,स्वरूप
3912,त्याने त्याचा सीव्ही मॅनेजर साठी मेल केला आहे.,Neutral,नोकरी
3913,"पार्टीतील पुरणपोळी लाजवाब लागली, पुन्हा खावीशी वाटते.",Positive,अन्न
3914,मी रोज सकाळी जेवणात भाजी-पोळी ऑर्डर करतो.,Neutral,अन्न
3915,हा पिवळा ड्रेस तुझ्यावर खूपच खराब दिसत आहे.,Negative,स्वरूप
3916,माझ्या मित्राने पांढरा कोट घातला आहे.,Neutral,स्वरूप
3917,माझी बहीण या गुलाबी टी-शर्टमध्ये एकदम छान दिसतेय.,Positive,स्वरूप
3918,तू या पांढऱ्या ड्रेसमध्ये खूप हँडसम दिसत आहे.,Positive,स्वरूप
3919,कालचा पिवळा टी-शर्ट तुझ्यावर चुकीचा वाटतोय.,Negative,स्वरूप
3920,तुझा भाऊ त्या गुलाबी कुर्त्यामध्ये खूप हँडसम दिसतोय.,Positive,स्वरूप
3921,"हॉटेलमधली खिचडी खूप तिखट लागली, पैसे वाया गेले.",Negative,अन्न
3922,मी उद्या काळा टी-शर्ट घातला आहे.,Neutral,स्वरूप
3923,मी माझा रेझ्युमे सॉफ्टवेअर इंजिनिअर पदासाठी पाठवला आहे.,Neutral,नोकरी
3924,"मी १० मिनिटांत दुकानात निघालो आहे, थोड्या वेळाने बोलू.",Neutral,संभाषण
3925,हा पिवळा ड्रेस तुझ्यावर चुकीचा दिसतोय.,Negative,स्वरूप
3926,मी संध्याकाळी चहा आणि बिस्किटं ऑर्डर करतो.,Neutral,अन्न
3927,तुझा भाऊ त्या निळ्या साडीमध्ये खूप हँडसम दिसत आहे.,Positive,स्वरूप
3928,तुला भेटून मला खूप आनंदी वाटलं मला.,Positive,भावना
3929,"कालची पोळी खूपच बेचव होती, पोट खराब झालं.",Negative,अन्न
3930,दुकानातला हिरवा शर्ट तुझ्यावर चुकीचा दिसतोय.,Negative,स्वरूप
3931,"आजची मटण अप्रतिम लागली, एकदम भारी.",Positive,अन्न
3932,मी उद्या निळा टी-शर्ट घालणार आहे.,Neutral,स्वरूप
3933,"पार्टीतील थाळी खूप भारी लागली, पुन्हा खावीशी वाटते.",Positive,अन्न
3934,तू या निळ्या शर्टमध्ये खूप हँडसम दिसतोय.,Positive,स्वरूप
3935,"माझा भाऊ दुकानात गेलोय, नंतर अपडेट देतो.",Neutral,संभाषण
3936,"कालची खिचडी खूप तिखट होती, अजिबात आवडली नाही.",Negative,अन्न
3937,कालचा निळा ड्रेस तुझ्यावर चुकीचा दिसतोय.,Negative,स्वरूप
3938,हा काळा टी-शर्ट तुझ्यावर निस्तेज दिसतोय.,Negative,स्वरूप
3939,दुकानातला निळा कुर्ता तुझ्यावर विचित्र दिसतोय.,Negative,स्वरूप
3940,मी माझा पोर्टफोलिओ डिझायनर साठी अपलोड केला অফিসে.,Neutral,नोकरी
3941,मी उद्या निळा शर्ट घेतला होता.,Neutral,स्वरूप
3942,दुकानातला पिवळा शर्ट तुझ्यावर चुकीचा दिसत आहे.,Negative,स्वरूप
3943,माझी बहीण या लाल टी-शर्टमध्ये एकदम छान दिसतोय.,Positive,स्वरूप
3944,दुकानातला पिवळा शर्ट तुझ्यावर निस्तेज वाटतोय.,Negative,स्वरूप
3945,तो काळा ड्रेस तुझ्यावर निस्तेज दिसतोय.,Negative,स्वरूप
3946,कालचा काळा शर्ट तुझ्यावर विचित्र दिसत नाहीये.,Negative,स्वरूप
3947,"कालची डाळ खूप खारट लागली, मूड खराब झाला.",Negative,अन्न
3948,तो काळा शर्ट तुझ्यावर विचित्र दिसतोय.,Negative,स्वरूप
3949,हा काळा कुर्ता तुझ्यावर खूपच खराब दिसतोय.,Negative,स्वरूप
3950,"आजची बिर्याणी खूप तिखट होती, अजिबात आवडली नाही.",Negative,अन्न
3951,मी संध्याकाळी नाश्त्याला पोहे ऑर्डर करतो.,Neutral,अन्न
3952,"आईच्या हातची थाळी अप्रतिम होती, पोट भरलं.",Positive,अन्न
3953,"डब्यातील पोळी अजिबात चांगली लागली, मूड खराब झाला.",Negative,अन्न
3954,तुझा भाऊ त्या पिवळ्या टी-शर्टमध्ये खूप सुंदर दिसत आहे.,Positive,स्वरूप
3955,त्याने त्याचा सीव्ही सॉफ्टवेअर इंजिनिअर पदासाठी पाठवला आहे.,Neutral,नोकरी
3956,"डब्यातील बिर्याणी खूपच बेचव होती, अजिबात आवडली नाही.",Negative,अन्न
3957,"कालची थाळी अप्रतिम लागली, एकदम भारी.",Positive,अन्न
3958,तुझा भाऊ त्या पांढऱ्या ड्रेसमध्ये एकदम गोड दिसतेय.,Positive,स्वरूप
3959,मी माझा रेझ्युमे अकाऊंटंट साठी मेल केला आहे.,Neutral,नोकरी
3960,तुझा मित्र या पिवळ्या कुर्त्यामध्ये एकदम गोड दिसतोय.,Positive,स्वरूप
3961,मी रात्री चहा आणि बिस्किटं खाणार आहे.,Neutral,अन्न
3962,मी आज निळा कुर्ता खरेदी केला.,Neutral,स्वरूप
3963,मी संध्याकाळी चहा आणि बिस्किटं खाणार आहे.,Neutral,अन्न
3964,तू या काळ्या साडीमध्ये एकदम गोड दिसतोय.,Positive,स्वरूप
3965,तुझा मित्र या पांढऱ्या टी-शर्टमध्ये एकदम छान दिसतोय.,Positive,स्वरूप
3966,मी संध्याकाळी नाश्त्याला पोहे खाणार आहे.,Neutral,अन्न
3967,माझी बहीण या पिवळ्या साडीमध्ये खूप सुंदर दिसत आहे.,Positive,स्वरूप
3968,मी माझा रेझ्युमे डिझायनर साठी अपलोड केला অফিসে.,Neutral,नोकरी
3969,त्याने काल लाल शर्ट घेतला होता.,Neutral,स्वरूप
3970,"लग्नातली थाळी एकदम मस्त लागली, पुन्हा खावीशी वाटते.",Positive,अन्न
3971,कालचा निळा कुर्ता तुझ्यावर विचित्र वाटतोय.,Negative,स्वरूप
3972,मी संध्याकाळी जेवणात भाजी-पोळी खातो.,Neutral,अन्न
3973,माझी बहीण या लाल ड्रेसमध्ये खूपच आकर्षक दिसत आहे.,Positive,स्वरूप
3974,माझी बहीण या काळ्या टी-शर्टमध्ये एकदम गोड दिसतोय.,Positive,स्वरूप
3975,तुझा मित्र या निळ्या साडीमध्ये खूपच आकर्षक दिसतोय.,Positive,स्वरूप
3976,दुकानातला काळा कुर्ता तुझ्यावर विचित्र वाटतोय.,Negative,स्वरूप
3977,तुझा मित्र या निळ्या कुर्त्यामध्ये खूप हँडसम दिसतोय.,Positive,स्वरूप
3978,"तो आत्ता दुकानात पोहोचलो, नंतर कॉल करतो.",Neutral,संभाषण
3979,तुझा मित्र या काळ्या शर्टमध्ये एकदम गोड दिसत आहेस.,Positive,स्वरूप
3980,"आजची डाळ खूप तिखट लागली, मूड खराब झाला.",Negative,अन्न
3981,"या मीटिंगमध्ये खूप त्रास आहे, मला नोकरी सोडायची आहे.",Negative,नोकरी
3982,मी आज पांढरा शर्ट खरेदी केला.,Neutral,स्वरूप
3983,तुझा भाऊ त्या लाल शर्टमध्ये एकदम गोड दिसत आहेस.,Positive,स्वरूप
3984,मी आज काळा शर्ट घेतला होता.,Neutral,स्वरूप
3985,"पार्टीतील मटण अप्रतिम होती, मजा आली!",Positive,अन्न
3986,मी उद्या पांढरा टी-शर्ट घातला आहे.,Neutral,स्वरूप
3987,"आजची पोळी खूपच बेचव लागली, पैसे वाया गेले.",Negative,अन्न
3988,"मी आत्ताच दुकानात पोहोचलो, नंतर कॉल करतो.",Neutral,संभाषण
3989,"डब्यातील बिर्याणी एकदम खराब होती, पोट खराब झालं.",Negative,अन्न
3990,हे सगळं ऐकून मला एकदम वाईट वाटत आहे.,Negative,भावना
3991,मी रात्री कॉफी ऑर्डर करतो.,Neutral,अन्न
3992,तो काळा शर्ट तुझ्यावर अजिबात चांगला वाटतोय.,Negative,स्वरूप
3993,तुझा भाऊ त्या गुलाबी साडीमध्ये एकदम छान दिसत आहेस.,Positive,स्वरूप
3994,मी उद्या राखाडी शर्ट घेतला होता.,Neutral,स्वरूप
3995,हा पिवळा कुर्ता तुझ्यावर अजिबात चांगला दिसत आहे.,Negative,स्वरूप
3996,तुझा मित्र या गुलाबी ड्रेसमध्ये खूप हँडसम दिसत आहे.,Positive,स्वरूप
3997,"आईच्या हातची पुरणपोळी लाजवाब होती, पोट भरलं.",Positive,अन्न
3998,त्याने काल राखाडी टी-शर्ट खरेदी केला.,Neutral,स्वरूप
3999,"तो आत्ता घरी आलो आहे, मेसेज चेक कर.",Neutral,संभाषण
4000,तू या लाल ड्रेसमध्ये एकदम छान दिसत आहेस.,Positive,स्वरूप
4001,मी उद्या निळा कोट खरेदी केला.,Neutral,स्वरूप
4002,माझ्या मित्राने लाल कोट घातला आहे.,Neutral,स्वरूप
4003,"कॅन्टीनमधली खिचडी खूप तिखट लागली, पैसे वाया गेले.",Negative,अन्न
4004,माझ्या मित्राने राखाडी कोट घालणार आहे.,Neutral,स्वरूप
4005,"मी आत्ताच बाहेर निघालो आहे, थोड्या वेळाने बोलू.",Neutral,संभाषण
4006,"आईच्या हातची पावभाजी अप्रतिम लागली, पुन्हा खावीशी वाटते.",Positive,अन्न
4007,"आजची खिचडी खूप खारट लागली, पैसे वाया गेले.",Negative,अन्न
4008,तो पिवळा टी-शर्ट तुझ्यावर विचित्र वाटतोय.,Negative,स्वरूप
4009,तुझा मेसेज वाचून मला खूप त्रासदायक वाटलं.,Negative,भावना
4010,त्याने काल राखाडी कोट खरेदी केला.,Neutral,स्वरूप
4011,त्याने काल निळा टी-शर्ट घातला आहे.,Neutral,स्वरूप
4012,कालचा पिवळा शर्ट तुझ्यावर खूपच खराब दिसत आहे.,Negative,स्वरूप
4013,कालचा लाल टी-शर्ट तुझ्यावर अजिबात चांगला दिसत आहे.,Negative,स्वरूप
4014,"मी आत्ताच बाहेर पोहोचलो, नंतर कॉल करतो.",Neutral,संभाषण
4015,मी संध्याकाळी वरण भात खाणार आहे.,Neutral,अन्न
4016,तुझा भाऊ त्या पिवळ्या ड्रेसमध्ये खूपच आकर्षक दिसत आहेस.,Positive,स्वरूप
4017,हा हिरवा टी-शर्ट तुझ्यावर चुकीचा दिसत नाहीये.,Negative,स्वरूप
4018,तू या निळ्या कुर्त्यामध्ये एकदम छान दिसतोय.,Positive,स्वरूप
4019,तो काळा कुर्ता तुझ्यावर विचित्र वाटतोय.,Negative,स्वरूप
4020,हा निळा शर्ट तुझ्यावर विचित्र दिसत आहे.,Negative,स्वरूप
4021,माझ्या मित्राने काळा कोट घातला आहे.,Neutral,स्वरूप
4022,मी आज लाल कुर्ता घातला आहे.,Neutral,स्वरूप
4023,"तो आत्ता घरी पोहोचलो, नंतर कॉल करतो.",Neutral,संभाषण
4024,मी आज लाल टी-शर्ट घालणार आहे.,Neutral,स्वरूप
4025,"लग्नातली बिर्याणी खूपच चविष्ट लागली, पुन्हा खावीशी वाटते.",Positive,अन्न
4026,तो निळा टी-शर्ट तुझ्यावर निस्तेज दिसतोय.,Negative,स्वरूप
4027,हा हिरवा टी-शर्ट तुझ्यावर चुकीचा वाटतोय.,Negative,स्वरूप
4028,"लग्नातली चिकन खूप भारी होती, पोट भरलं.",Positive,अन्न
4029,मी तुला डेटा अ‍ॅनालिस्ट म्हणून नक्कीच मदत करेल.,Positive,नोकरी
4030,"कॅन्टीनमधली खिचडी खूपच बेचव होती, अजिबात आवडली नाही.",Negative,अन्न
4031,माझी बहीण या पिवळ्या कुर्त्यामध्ये एकदम गोड दिसत आहे.,Positive,स्वरूप
4032,तुझा मेसेज वाचून मला एकदम मस्त वाटत आहे.,Positive,भावना
4033,मी आज राखाडी शर्ट घालणार आहे.,Neutral,स्वरूप
4034,दुकानातला काळा शर्ट तुझ्यावर विचित्र वाटतोय.,Negative,स्वरूप
4035,त्याने काल काळा शर्ट खरेदी केला.,Neutral,स्वरूप
4036,माझी बहीण या निळ्या ड्रेसमध्ये खूप हँडसम दिसतोय.,Positive,स्वरूप
4037,मी उद्या पांढरा टी-शर्ट घेतला होता.,Neutral,स्वरूप
4038,हा काळा टी-शर्ट तुझ्यावर विचित्र वाटतोय.,Negative,स्वरूप
4039,मी रोज सकाळी वरण भात घेतो.,Neutral,अन्न
4040,त्याने काल लाल टी-शर्ट घातला आहे.,Neutral,स्वरूप
4041,तुझा मित्र या निळ्या कुर्त्यामध्ये एकदम गोड दिसत आहेस.,Positive,स्वरूप
4042,दुकानातला काळा ड्रेस तुझ्यावर विचित्र दिसतोय.,Negative,स्वरूप
4043,"पार्टीतील पुरणपोळी लाजवाब होती, मजा आली!",Positive,अन्न
4044,मी रोज सकाळी चहा आणि बिस्किटं खातो.,Neutral,अन्न
4045,तुझा मित्र या निळ्या शर्टमध्ये एकदम छान दिसत आहेस.,Positive,स्वरूप
4046,कालचा हिरवा कुर्ता तुझ्यावर चुकीचा वाटतोय.,Negative,स्वरूप
4047,"कालची पोळी एकदम खराब लागली, पैसे वाया गेले.",Negative,अन्न
4048,त्याने काल निळा शर्ट घेतला होता.,Neutral,स्वरूप
4049,तुझा भाऊ त्या गुलाबी ड्रेसमध्ये एकदम छान दिसतोय.,Positive,स्वरूप
4050,तू या गुलाबी टी-शर्टमध्ये खूप हँडसम दिसतेय.,Positive,स्वरूप
4051,तुला भेटून मला खूप रागीट वाटलं.,Negative,भावना
4052,तुझा मित्र या पिवळ्या टी-शर्टमध्ये खूप सुंदर दिसत आहे.,Positive,स्वरूप
4053,"पार्टीतील पावभाजी एकदम मस्त लागली, एकदम भारी.",Positive,अन्न
4054,तू या गुलाबी शर्टमध्ये खूप सुंदर दिसतोय.,Positive,स्वरूप
4055,माझ्या मित्राने लाल शर्ट घातला आहे.,Neutral,स्वरूप
4056,मी आज लाल कोट घालणार आहे.,Neutral,स्वरूप
4057,माझी बहीण या लाल ड्रेसमध्ये खूप सुंदर दिसत आहे.,Positive,स्वरूप
4058,कालचा निळा ड्रेस तुझ्यावर विचित्र दिसतोय.,Negative,स्वरूप
4059,माझा मॅनेजर तुला सॉफ्टवेअर इंजिनिअर साठी चांगला पगार देईल.,Positive,नोकरी
4060,"मी आत्ताच बाहेर गेलोय, नंतर अपडेट देतो.",Neutral,संभाषण
4061,कालचा हिरवा शर्ट तुझ्यावर अजिबात चांगला दिसत आहे.,Negative,स्वरूप
4062,तुझा मित्र या लाल साडीमध्ये एकदम गोड दिसतेय.,Positive,स्वरूप
4063,मी उद्या पांढरा कुर्ता खरेदी केला.,Neutral,स्वरूप
4064,हा काळा शर्ट तुझ्यावर विचित्र वाटतोय.,Negative,स्वरूप
4065,तो हिरवा कुर्ता तुझ्यावर चुकीचा दिसत नाहीये.,Negative,स्वरूप
4066,हा निळा कुर्ता तुझ्यावर अजिबात चांगला दिसत आहे.,Negative,स्वरूप
4067,हा पिवळा ड्रेस तुझ्यावर अजिबात चांगला दिसत नाहीये.,Negative,स्वरूप
4068,कालचा काळा ड्रेस तुझ्यावर चुकीचा दिसतोय.,Negative,स्वरूप
4069,मी आज काळा कुर्ता घेतला होता.,Neutral,स्वरूप
4070,"कॅन्टीनमधली भाजी खूप तिखट लागली, मूड खराब झाला.",Negative,अन्न
4071,"आजची पोळी खूप खारट होती, पोट खराब झालं.",Negative,अन्न
4072,कालचा पिवळा कुर्ता तुझ्यावर खूपच खराब वाटतोय.,Negative,स्वरूप
4073,"कालची डाळ खूप तिखट होती, अजिबात आवडली नाही.",Negative,अन्न
4074,मी रोज सकाळी कॉफी खाणार आहे.,Neutral,अन्न
4075,"कालची पावभाजी खूप भारी लागली, पुन्हा खावीशी वाटते.",Positive,अन्न
4076,तुझा मित्र या काळ्या शर्टमध्ये खूपच आकर्षक दिसतोय.,Positive,स्वरूप
4077,"पार्टीतील चिकन एकदम मस्त होती, मजा आली!",Positive,अन्न
4078,माझी बहीण या गुलाबी शर्टमध्ये खूपच आकर्षक दिसतेय.,Positive,स्वरूप
4079,तो निळा शर्ट तुझ्यावर निस्तेज दिसत नाहीये.,Negative,स्वरूप
4080,"आजची मटण खूप भारी लागली, एकदम भारी.",Positive,अन्न
4081,"मी १० मिनिटांत बाहेर निघालो आहे, थोड्या वेळाने बोलू.",Neutral,संभाषण
4082,मी रात्री जेवणात भाजी-पोळी बनवतो.,Neutral,अन्न
4083,तू या पांढऱ्या ड्रेसमध्ये एकदम छान दिसतोय.,Positive,स्वरूप
4084,त्याने त्याचा सीव्ही मॅनेजर साठी एचआरला दिला आहे.,Neutral,नोकरी
4085,"कालची बिर्याणी खूप खारट लागली, मूड खराब झाला.",Negative,अन्न
4086,मी रात्री जेवणात भाजी-पोळी खातो.,Neutral,अन्न
4087,दुकानातला हिरवा शर्ट तुझ्यावर अजिबात चांगला दिसतोय.,Negative,स्वरूप
4088,मी उद्या निळा टी-शर्ट घातला आहे.,Neutral,स्वरूप
4089,तो लाल कुर्ता तुझ्यावर अजिबात चांगला वाटतोय.,Negative,स्वरूप
4090,मी माझा रेझ्युमे अकाऊंटंट साठी एचआरला दिला आहे.,Neutral,नोकरी
4091,"या मीटिंगमध्ये खूप गोंधळ होता, मी वैतागलोय.",Negative,नोकरी
4092,त्याने त्याचा सीव्ही अकाऊंटंट साठी मेल केला आहे.,Neutral,नोकरी
4093,"आजची पोळी एकदम खराब होती, पोट खराब झालं.",Negative,अन्न
4094,मी उद्या पांढरा कुर्ता घालणार आहे.,Neutral,स्वरूप
4095,तू या पिवळ्या टी-शर्टमध्ये एकदम गोड दिसतेय.,Positive,स्वरूप
4096,"आज ऑफिसमध्ये खूप गोंधळ होता, मी वैतागलोय.",Negative,नोकरी
4097,दुकानातला निळा टी-शर्ट तुझ्यावर अजिबात चांगला वाटतोय.,Negative,स्वरूप
4098,"माझा भाऊ घरी गेलोय, नंतर अपडेट देतो.",Neutral,संभाषण
4099,त्याने काल पांढरा कुर्ता घेतला होता.,Neutral,स्वरूप
4100,त्याने काल पांढरा कुर्ता घालणार आहे.,Neutral,स्वरूप
4101,मी आज लाल कुर्ता खरेदी केला.,Neutral,स्वरूप
4102,माझ्या मित्राने काळा शर्ट घालणार आहे.,Neutral,स्वरूप
4103,माझी बहीण या पांढऱ्या टी-शर्टमध्ये खूप सुंदर दिसत आहे.,Positive,स्वरूप
4104,मी माझा रेझ्युमे अकाऊंटंट साठी अपलोड केला অফিসে.,Neutral,नोकरी
4105,हा पिवळा शर्ट तुझ्यावर चुकीचा वाटतोय.,Negative,स्वरूप
4106,"मी आत्ताच ऑफिसला आलो आहे, मेसेज चेक कर.",Neutral,संभाषण
4107,आम्ही दुपारी वरण भात बनवतो.,Neutral,अन्न
4108,तुझा मेसेज वाचून मला खूप छान वाटत आहे.,Positive,भावना
4109,तुझा भाऊ त्या पिवळ्या टी-शर्टमध्ये खूप सुंदर दिसतेय.,Positive,स्वरूप
4110,माझ्या मित्राने लाल टी-शर्ट घातला आहे.,Neutral,स्वरूप
4111,"लग्नातली चिकन लाजवाब लागली, एकदम भारी.",Positive,अन्न
4112,"हॉटेलमधली चिकन एकदम मस्त होती, पोट भरलं.",Positive,अन्न
4113,कालचा काळा ड्रेस तुझ्यावर विचित्र वाटतोय.,Negative,स्वरूप
4114,माझा मित्र त्याचा रेझ्युमे अकाऊंटंट साठी एचआरला दिला आहे.,Neutral,नोकरी
4115,तू या पिवळ्या कुर्त्यामध्ये खूप हँडसम दिसत आहे.,Positive,स्वरूप
4116,कालचा हिरवा ड्रेस तुझ्यावर खूपच खराब दिसतोय.,Negative,स्वरूप
4117,दुकानातला पिवळा टी-शर्ट तुझ्यावर विचित्र वाटतोय.,Negative,स्वरूप
4118,माझ्या मित्राने पांढरा टी-शर्ट घालणार आहे.,Neutral,स्वरूप
4119,तो हिरवा कुर्ता तुझ्यावर अजिबात चांगला दिसतोय.,Negative,स्वरूप
4120,मी रात्री जेवणात भाजी-पोळी ऑर्डर करतो.,Neutral,अन्न
4121,दुकानातला काळा ड्रेस तुझ्यावर विचित्र दिसत नाहीये.,Negative,स्वरूप
4122,"तो आत्ता दुकानात गेलोय, नंतर अपडेट देतो.",Neutral,संभाषण
4123,"हॉटेलमधली चटणी खूप खारट लागली, मूड खराब झाला.",Negative,अन्न
4124,दुकानातला लाल कुर्ता तुझ्यावर विचित्र दिसत नाहीये.,Negative,स्वरूप
4125,मी उद्या राखाडी शर्ट घातला आहे.,Neutral,स्वरूप
4126,कालचा काळा शर्ट तुझ्यावर खूपच खराब दिसत आहे.,Negative,स्वरूप
4127,दुकानातला काळा टी-शर्ट तुझ्यावर खूपच खराब दिसतोय.,Negative,स्वरूप
4128,"हॉटेलमधली पावभाजी खूपच चविष्ट लागली, एकदम भारी.",Positive,अन्न
4129,त्याने त्याचा सीव्ही सॉफ्टवेअर इंजिनिअर साठी अपलोड केला অফিসে.,Neutral,नोकरी
4130,"कालची पावभाजी एकदम मस्त होती, पोट भरलं.",Positive,अन्न
4131,"कॅन्टीनमधली डाळ खूपच बेचव होती, पोट खराब झालं.",Negative,अन्न
4132,"आजची पावभाजी अप्रतिम होती, मजा आली!",Positive,अन्न
4133,माझी बहीण या पिवळ्या टी-शर्टमध्ये खूप सुंदर दिसतोय.,Positive,स्वरूप
4134,तुझा मित्र या पांढऱ्या साडीमध्ये खूप हँडसम दिसत आहेस.,Positive,स्वरूप
4135,मी रोज सकाळी नाश्त्याला पोहे घेतो.,Neutral,अन्न
4136,"आजची खिचडी खूपच बेचव होती, पोट खराब झालं.",Negative,अन्न
4137,तो निळा टी-शर्ट तुझ्यावर खूपच खराब दिसत आहे.,Negative,स्वरूप
4138,तुझा मित्र या निळ्या साडीमध्ये खूप सुंदर दिसतेय.,Positive,स्वरूप
4139,मी आज काळा शर्ट घालणार आहे.,Neutral,स्वरूप
4140,"हॉटेलमधली मटण एकदम मस्त लागली, एकदम भारी.",Positive,अन्न
4141,माझ्या मित्राने काळा टी-शर्ट घातला आहे.,Neutral,स्वरूप
4142,तुझा भाऊ त्या गुलाबी शर्टमध्ये एकदम छान दिसत आहे.,Positive,स्वरूप
4143,माझा मित्र त्याचा रेझ्युमे अकाऊंटंट पदासाठी पाठवला आहे.,Neutral,नोकरी
4144,दुकानातला हिरवा ड्रेस तुझ्यावर विचित्र दिसत नाहीये.,Negative,स्वरूप
4145,हा काळा टी-शर्ट तुझ्यावर चुकीचा दिसत नाहीये.,Negative,स्वरूप
4146,तो हिरवा टी-शर्ट तुझ्यावर विचित्र वाटतोय.,Negative,स्वरूप
4147,तो काळा कुर्ता तुझ्यावर अजिबात चांगला दिसतोय.,Negative,स्वरूप
4148,दुकानातला काळा कुर्ता तुझ्यावर अजिबात चांगला दिसत नाहीये.,Negative,स्वरूप
4149,त्याने काल राखाडी टी-शर्ट घालणार आहे.,Neutral,स्वरूप
4150,माझी बहीण या काळ्या टी-शर्टमध्ये एकदम छान दिसत आहे.,Positive,स्वरूप
4151,माझी बहीण या लाल टी-शर्टमध्ये खूपच आकर्षक दिसतोय.,Positive,स्वरूप
4152,तू या पिवळ्या टी-शर्टमध्ये खूप हँडसम दिसत आहेस.,Positive,स्वरूप
4153,तुझा भाऊ त्या काळ्या साडीमध्ये खूप सुंदर दिसत आहे.,Positive,स्वरूप
4154,तुझा मित्र या काळ्या ड्रेसमध्ये खूप हँडसम दिसतोय.,Positive,स्वरूप
4155,दुकानातला हिरवा कुर्ता तुझ्यावर खूपच खराब वाटतोय.,Negative,स्वरूप
4156,तुझा मित्र या काळ्या कुर्त्यामध्ये खूप हँडसम दिसतोय.,Positive,स्वरूप
4157,"हॉटेलमधली मिसळ लाजवाब लागली, एकदम भारी.",Positive,अन्न
4158,"पार्टीतील चिकन लाजवाब होती, मजा आली!",Positive,अन्न
4159,हा काळा ड्रेस तुझ्यावर चुकीचा वाटतोय.,Negative,स्वरूप
4160,तुझ्याशी बोलून मला सकारात्मक वाटलं मला.,Positive,भावना
4161,दुकानातला निळा ड्रेस तुझ्यावर विचित्र दिसतोय.,Negative,स्वरूप
4162,तू या गुलाबी साडीमध्ये खूपच आकर्षक दिसतेय.,Positive,स्वरूप
4163,"आजची पावभाजी एकदम मस्त लागली, पुन्हा खावीशी वाटते.",Positive,अन्न
4164,माझा मित्र त्याचा रेझ्युमे डिझायनर साठी अपलोड केला অফিসে.,Neutral,नोकरी
4165,"तो आत्ता घरी निघालो आहे, थोड्या वेळाने बोलू.",Neutral,संभाषण
4166,मी आज निळा कुर्ता घेतला होता.,Neutral,स्वरूप
4167,तुझा भाऊ त्या पिवळ्या ड्रेसमध्ये एकदम गोड दिसत आहेस.,Positive,स्वरूप
4168,मी उद्या राखाडी कोट घातला आहे.,Neutral,स्वरूप
4169,तो हिरवा टी-शर्ट तुझ्यावर विचित्र दिसतोय.,Negative,स्वरूप
4170,हा काळा शर्ट तुझ्यावर खूपच खराब दिसत आहे.,Negative,स्वरूप
4171,तो काळा शर्ट तुझ्यावर चुकीचा दिसत नाहीये.,Negative,स्वरूप
4172,आम्ही दुपारी जेवणात भाजी-पोळी खातो.,Neutral,अन्न
4173,त्याने काल काळा टी-शर्ट घेतला होता.,Neutral,स्वरूप
4174,दुकानातला निळा टी-शर्ट तुझ्यावर चुकीचा दिसत आहे.,Negative,स्वरूप
4175,दुकानातला लाल कुर्ता तुझ्यावर विचित्र वाटतोय.,Negative,स्वरूप
4176,तो निळा कुर्ता तुझ्यावर चुकीचा दिसत नाहीये.,Negative,स्वरूप
4177,माझ्या मित्राने लाल कुर्ता घातला आहे.,Neutral,स्वरूप
4178,तू या काळ्या कुर्त्यामध्ये खूप हँडसम दिसत आहे.,Positive,स्वरूप
4179,त्याने त्याचा सीव्ही डेटा अ‍ॅनालिस्ट साठी अपलोड केला অফিসে.,Neutral,नोकरी
4180,"आजची पावभाजी अप्रतिम लागली, पुन्हा खावीशी वाटते.",Positive,अन्न
4181,"मी १० मिनिटांत दुकानात गेलोय, नंतर अपडेट देतो.",Neutral,संभाषण
4182,मी आज लाल टी-शर्ट खरेदी केला.,Neutral,स्वरूप
4183,कालचा लाल ड्रेस तुझ्यावर निस्तेज दिसतोय.,Negative,स्वरूप
4184,माझा मित्र त्याचा रेझ्युमे सॉफ्टवेअर इंजिनिअर साठी अपलोड केला অফিসে.,Neutral,नोकरी
4185,"आजची भाजी एकदम खराब लागली, मूड खराब झाला.",Negative,अन्न
4186,मी संध्याकाळी चहा आणि बिस्किटं बनवतो.,Neutral,अन्न
4187,तुझा भाऊ त्या निळ्या कुर्त्यामध्ये खूप सुंदर दिसतेय.,Positive,स्वरूप
4188,"डब्यातील बिर्याणी खूप तिखट होती, अजिबात आवडली नाही.",Negative,अन्न
4189,"आईच्या हातची बिर्याणी अप्रतिम होती, पोट भरलं.",Positive,अन्न
4190,त्याने काल लाल टी-शर्ट खरेदी केला.,Neutral,स्वरूप
4191,दुकानातला निळा ड्रेस तुझ्यावर खूपच खराब वाटतोय.,Negative,स्वरूप
4192,तुझा भाऊ त्या गुलाबी कुर्त्यामध्ये खूप हँडसम दिसत आहेस.,Positive,स्वरूप
4193,मी माझा पोर्टफोलिओ सॉफ्टवेअर इंजिनिअर साठी मेल केला आहे.,Neutral,नोकरी
4194,तुझा मित्र या पिवळ्या ड्रेसमध्ये खूप सुंदर दिसत आहे.,Positive,स्वरूप
4195,हा निळा कुर्ता तुझ्यावर खूपच खराब दिसत आहे.,Negative,स्वरूप
4196,मी आज राखाडी शर्ट घातला आहे.,Neutral,स्वरूप
4197,माझी बहीण या पिवळ्या कुर्त्यामध्ये खूप सुंदर दिसत आहेस.,Positive,स्वरूप
4198,हा पिवळा कुर्ता तुझ्यावर खूपच खराब दिसत आहे.,Negative,स्वरूप
4199,हा लाल टी-शर्ट तुझ्यावर चुकीचा दिसतोय.,Negative,स्वरूप
4200,तो लाल शर्ट तुझ्यावर निस्तेज दिसत नाहीये.,Negative,स्वरूप
4201,हा काळा ड्रेस तुझ्यावर चुकीचा दिसत आहे.,Negative,स्वरूप
4202,मी उद्या लाल कुर्ता खरेदी केला.,Neutral,स्वरूप
4203,माझी बहीण या गुलाबी टी-शर्टमध्ये खूपच आकर्षक दिसतोय.,Positive,स्वरूप
4204,मी उद्या काळा कोट खरेदी केला.,Neutral,स्वरूप
4205,हा काळा टी-शर्ट तुझ्यावर चुकीचा दिसत आहे.,Negative,स्वरूप
4206,माझी बहीण या काळ्या कुर्त्यामध्ये एकदम छान दिसतोय.,Positive,स्वरूप
4207,"कालची मिसळ अप्रतिम होती, पोट भरलं.",Positive,अन्न
4208,तुझा भाऊ त्या पांढऱ्या ड्रेसमध्ये खूपच आकर्षक दिसतेय.,Positive,स्वरूप
4209,हे सगळं ऐकून मला खूप उदास झालो मी.,Negative,भावना
4210,"डब्यातील भाजी खूप तिखट होती, अजिबात आवडली नाही.",Negative,अन्न
4211,दुकानातला निळा शर्ट तुझ्यावर निस्तेज दिसत नाहीये.,Negative,स्वरूप
4212,"आजची खिचडी अजिबात चांगली लागली, मूड खराब झाला.",Negative,अन्न
4213,दुकानातला लाल कुर्ता तुझ्यावर निस्तेज वाटतोय.,Negative,स्वरूप
4214,"हॉटेलमधली मिसळ एकदम मस्त लागली, पुन्हा खावीशी वाटते.",Positive,अन्न
4215,दुकानातला हिरवा शर्ट तुझ्यावर चुकीचा दिसत आहे.,Negative,स्वरूप
4216,तो हिरवा शर्ट तुझ्यावर विचित्र वाटतोय.,Negative,स्वरूप
4217,माझी बहीण या पांढऱ्या टी-शर्टमध्ये खूप हँडसम दिसत आहे.,Positive,स्वरूप
4218,"कॅन्टीनमधली खिचडी अजिबात चांगली होती, अजिबात आवडली नाही.",Negative,अन्न
4219,हा हिरवा कुर्ता तुझ्यावर चुकीचा दिसत नाहीये.,Negative,स्वरूप
4220,हा पिवळा शर्ट तुझ्यावर विचित्र वाटतोय.,Negative,स्वरूप
4221,माझी बहीण या निळ्या टी-शर्टमध्ये एकदम गोड दिसतोय.,Positive,स्वरूप
4222,माझी बहीण या पिवळ्या साडीमध्ये खूप हँडसम दिसतेय.,Positive,स्वरूप
4223,आम्ही दुपारी वरण भात खातो.,Neutral,अन्न
4224,तो पिवळा ड्रेस तुझ्यावर अजिबात चांगला दिसत नाहीये.,Negative,स्वरूप
4225,कालचा हिरवा टी-शर्ट तुझ्यावर अजिबात चांगला दिसत आहे.,Negative,स्वरूप
4226,"हॉटेलमधली पावभाजी लाजवाब होती, मजा आली!",Positive,अन्न
4227,कालचा पिवळा टी-शर्ट तुझ्यावर निस्तेज दिसत आहे.,Negative,स्वरूप
4228,"मी आत्ताच ऑफिसला गेलोय, नंतर अपडेट देतो.",Neutral,संभाषण
4229,कालचा काळा ड्रेस तुझ्यावर निस्तेज दिसत नाहीये.,Negative,स्वरूप
4230,तुझा भाऊ त्या काळ्या साडीमध्ये खूपच आकर्षक दिसत आहे.,Positive,स्वरूप
4231,दुकानातला काळा शर्ट तुझ्यावर अजिबात चांगला वाटतोय.,Negative,स्वरूप
4232,माझी बहीण या लाल साडीमध्ये एकदम छान दिसतोय.,Positive,स्वरूप
4233,तू या लाल साडीमध्ये एकदम गोड दिसतेय.,Positive,स्वरूप
4234,तुझा मित्र या गुलाबी कुर्त्यामध्ये एकदम गोड दिसतोय.,Positive,स्वरूप
4235,"कालची खिचडी अजिबात चांगली लागली, मूड खराब झाला.",Negative,अन्न
4236,तुझा भाऊ त्या लाल कुर्त्यामध्ये खूपच आकर्षक दिसतोय.,Positive,स्वरूप
4237,"पार्टीतील थाळी खूप भारी होती, मजा आली!",Positive,अन्न
4238,तुझा भाऊ त्या निळ्या शर्टमध्ये एकदम गोड दिसत आहे.,Positive,स्वरूप
4239,माझ्या मित्राने निळा टी-शर्ट घातला आहे.,Neutral,स्वरूप
4240,तुझा भाऊ त्या गुलाबी ड्रेसमध्ये खूप हँडसम दिसतेय.,Positive,स्वरूप
4241,"आजची बिर्याणी खूप खारट होती, अजिबात आवडली नाही.",Negative,अन्न
4242,"मी आत्ताच घरी आलो आहे, मेसेज चेक कर.",Neutral,संभाषण
4243,माझा मित्र त्याचा रेझ्युमे मॅनेजर साठी एचआरला दिला आहे.,Neutral,नोकरी
4244,कालचा निळा ड्रेस तुझ्यावर विचित्र वाटतोय.,Negative,स्वरूप
4245,मी उद्या पांढरा कोट घातला आहे.,Neutral,स्वरूप
4246,तो काळा कुर्ता तुझ्यावर निस्तेज दिसत नाहीये.,Negative,स्वरूप
4247,मी रात्री कॉफी घेतो.,Neutral,अन्न
4248,हा लाल ड्रेस तुझ्यावर विचित्र दिसतोय.,Negative,स्वरूप
4249,"आजची डाळ अजिबात चांगली लागली, पैसे वाया गेले.",Negative,अन्न
4250,तुझा भाऊ त्या काळ्या साडीमध्ये एकदम गोड दिसतोय.,Positive,स्वरूप
4251,"कालची बिर्याणी खूप तिखट लागली, पैसे वाया गेले.",Negative,अन्न
4252,"हॉटेलमधली खिचडी खूप खारट होती, अजिबात आवडली नाही.",Negative,अन्न
4253,तो निळा ड्रेस तुझ्यावर चुकीचा वाटतोय.,Negative,स्वरूप
4254,त्याने काल राखाडी कुर्ता घेतला होता.,Neutral,स्वरूप
4255,माझ्या मित्राने लाल शर्ट घालणार आहे.,Neutral,स्वरूप
4256,तुझा मित्र या काळ्या साडीमध्ये एकदम गोड दिसत आहेस.,Positive,स्वरूप
4257,तू या पांढऱ्या टी-शर्टमध्ये खूप सुंदर दिसतेय.,Positive,स्वरूप
4258,"तो आत्ता बाहेर गेलोय, नंतर अपडेट देतो.",Neutral,संभाषण
4259,"मी आत्ताच घरी पोहोचलो, नंतर कॉल करतो.",Neutral,संभाषण
4260,तुझा मित्र या पांढऱ्या ड्रेसमध्ये खूप सुंदर दिसत आहेस.,Positive,स्वरूप
4261,"आजची बिर्याणी अजिबात चांगली लागली, पैसे वाया गेले.",Negative,अन्न
4262,माझी बहीण या निळ्या कुर्त्यामध्ये खूप हँडसम दिसत आहे.,Positive,स्वरूप
4263,"पार्टीतील थाळी खूपच चविष्ट लागली, एकदम भारी.",Positive,अन्न
4264,तू या गुलाबी साडीमध्ये एकदम छान दिसतोय.,Positive,स्वरूप
4265,त्याने काल राखाडी शर्ट घातला आहे.,Neutral,स्वरूप
4266,कालचा पिवळा टी-शर्ट तुझ्यावर अजिबात चांगला वाटतोय.,Negative,स्वरूप
4267,कालचा निळा टी-शर्ट तुझ्यावर अजिबात चांगला दिसत नाहीये.,Negative,स्वरूप
4268,तू या पिवळ्या शर्टमध्ये खूपच आकर्षक दिसतोय.,Positive,स्वरूप
4269,माझ्या मित्राने पांढरा टी-शर्ट खरेदी केला.,Neutral,स्वरूप
4270,माझ्या मित्राने राखाडी कुर्ता खरेदी केला.,Neutral,स्वरूप
4271,"आजची खिचडी खूप तिखट होती, पोट खराब झालं.",Negative,अन्न
4272,मी संध्याकाळी कॉफी बनवतो.,Neutral,अन्न
4273,त्याने काल काळा कोट खरेदी केला.,Neutral,स्वरूप
4274,तुझा मित्र या निळ्या शर्टमध्ये खूप हँडसम दिसत आहेस.,Positive,स्वरूप
4275,तो हिरवा कुर्ता तुझ्यावर खूपच खराब दिसत नाहीये.,Negative,स्वरूप
4276,हा काळा टी-शर्ट तुझ्यावर खूपच खराब दिसत आहे.,Negative,स्वरूप
4277,"आईच्या हातची मटण अप्रतिम होती, पोट भरलं.",Positive,अन्न
4278,"कालची मिसळ खूप भारी होती, पोट भरलं.",Positive,अन्न
4279,तो लाल कुर्ता तुझ्यावर खूपच खराब दिसतोय.,Negative,स्वरूप
4280,"आजची मिसळ खूप भारी लागली, एकदम भारी.",Positive,अन्न
4281,माझ्या मित्राने पांढरा टी-शर्ट घातला आहे.,Neutral,स्वरूप
4282,"डब्यातील बिर्याणी खूपच बेचव होती, पोट खराब झालं.",Negative,अन्न
4283,तो हिरवा ड्रेस तुझ्यावर विचित्र दिसतोय.,Negative,स्वरूप
4284,"कालची भाजी अजिबात चांगली होती, पोट खराब झालं.",Negative,अन्न
4285,"आईच्या हातची चिकन लाजवाब लागली, पुन्हा खावीशी वाटते.",Positive,अन्न
4286,तू या पिवळ्या ड्रेसमध्ये एकदम गोड दिसतोय.,Positive,स्वरूप
4287,दुकानातला पिवळा टी-शर्ट तुझ्यावर निस्तेज वाटतोय.,Negative,स्वरूप
4288,माझ्या मित्राने राखाडी कोट घातला आहे.,Neutral,स्वरूप
4289,तो काळा टी-शर्ट तुझ्यावर निस्तेज दिसतोय.,Negative,स्वरूप
4290,"पार्टीतील पुरणपोळी अप्रतिम लागली, एकदम भारी.",Positive,अन्न
4291,मी आज निळा टी-शर्ट घेतला होता.,Neutral,स्वरूप
4292,तू या लाल ड्रेसमध्ये खूप सुंदर दिसत आहे.,Positive,स्वरूप
4293,"पार्टीतील मिसळ अप्रतिम लागली, एकदम भारी.",Positive,अन्न
4294,तुला भेटून मला खूप निराश वाटलं.,Negative,भावना
4295,माझी बहीण या गुलाबी ड्रेसमध्ये खूप सुंदर दिसतेय.,Positive,स्वरूप
4296,तो निळा ड्रेस तुझ्यावर विचित्र दिसत आहे.,Negative,स्वरूप
4297,त्याने काल राखाडी शर्ट घालणार आहे.,Neutral,स्वरूप
4298,तो निळा ड्रेस तुझ्यावर खूपच खराब दिसत आहे.,Negative,स्वरूप
4299,मी रोज सकाळी जेवणात भाजी-पोळी बनवतो.,Neutral,अन्न
4300,त्याने काल निळा कुर्ता घेतला होता.,Neutral,स्वरूप
4301,हा लाल ड्रेस तुझ्यावर अजिबात चांगला दिसतोय.,Negative,स्वरूप
4302,तो काळा टी-शर्ट तुझ्यावर खूपच खराब वाटतोय.,Negative,स्वरूप
4303,"कालची चटणी खूप तिखट होती, पोट खराब झालं.",Negative,अन्न
4304,"मी आत्ताच दुकानात गेलोय, नंतर अपडेट देतो.",Neutral,संभाषण
4305,त्याने काल लाल कोट घेतला होता.,Neutral,स्वरूप
4306,तुझा मित्र या गुलाबी कुर्त्यामध्ये खूपच आकर्षक दिसत आहे.,Positive,स्वरूप
4307,माझी बहीण या लाल ड्रेसमध्ये एकदम गोड दिसत आहे.,Positive,स्वरूप
4308,दुकानातला पिवळा टी-शर्ट तुझ्यावर अजिबात चांगला दिसत नाहीये.,Negative,स्वरूप
4309,"माझ्या टीममध्ये एकदम कंटाळवाणा प्रकार सुरू आहे, अजिबात आवडत नाही.",Negative,नोकरी
4310,"पार्टीतील पुरणपोळी एकदम मस्त होती, मजा आली!",Positive,अन्न
4311,माझी बहीण या पांढऱ्या टी-शर्टमध्ये खूप हँडसम दिसतोय.,Positive,स्वरूप
4312,तो हिरवा टी-शर्ट तुझ्यावर विचित्र दिसत आहे.,Negative,स्वरूप
4313,"हॉटेलमधली डाळ खूप खारट लागली, पैसे वाया गेले.",Negative,अन्न
4314,मी उद्या राखाडी कुर्ता खरेदी केला.,Neutral,स्वरूप
4315,त्याने काल राखाडी शर्ट खरेदी केला.,Neutral,स्वरूप
4316,माझ्या मित्राने पांढरा शर्ट घालणार आहे.,Neutral,स्वरूप
4317,"कालची पावभाजी खूप भारी होती, पोट भरलं.",Positive,अन्न
4318,कालचा निळा शर्ट तुझ्यावर खूपच खराब दिसत नाहीये.,Negative,स्वरूप
4319,दुकानातला काळा ड्रेस तुझ्यावर चुकीचा दिसत आहे.,Negative,स्वरूप
4320,तुझा मित्र या पांढऱ्या टी-शर्टमध्ये खूपच आकर्षक दिसत आहेस.,Positive,स्वरूप
4321,तुझा भाऊ त्या लाल टी-शर्टमध्ये एकदम छान दिसतेय.,Positive,स्वरूप
4322,मी संध्याकाळी नाश्त्याला पोहे बनवतो.,Neutral,अन्न
4323,तुझा मित्र या पिवळ्या साडीमध्ये एकदम गोड दिसतोय.,Positive,स्वरूप
4324,"कालची बिर्याणी अप्रतिम होती, मजा आली!",Positive,अन्न
4325,तुझा मित्र या पिवळ्या टी-शर्टमध्ये खूप सुंदर दिसतेय.,Positive,स्वरूप
4326,त्याने काल काळा शर्ट घातला आहे.,Neutral,स्वरूप
4327,तुझा मित्र या गुलाबी साडीमध्ये खूप हँडसम दिसत आहे.,Positive,स्वरूप
4328,माझी बहीण या निळ्या साडीमध्ये खूपच आकर्षक दिसतोय.,Positive,स्वरूप
4329,मी आज निळा शर्ट खरेदी केला.,Neutral,स्वरूप
4330,"हॉटेलमधली पावभाजी एकदम मस्त होती, मजा आली!",Positive,अन्न
4331,मी उद्या लाल टी-शर्ट घेतला होता.,Neutral,स्वरूप
4332,तू या पिवळ्या शर्टमध्ये एकदम गोड दिसत आहे.,Positive,स्वरूप
4333,हा पिवळा टी-शर्ट तुझ्यावर अजिबात चांगला दिसतोय.,Negative,स्वरूप
4334,मी संध्याकाळी चहा आणि बिस्किटं घेतो.,Neutral,अन्न
4335,माझी बहीण या गुलाबी टी-शर्टमध्ये एकदम गोड दिसत आहे.,Positive,स्वरूप
4336,मी उद्या राखाडी कोट घालणार आहे.,Neutral,स्वरूप
4337,दुकानातला काळा टी-शर्ट तुझ्यावर निस्तेज दिसत आहे.,Negative,स्वरूप
4338,"मी १० मिनिटांत ऑफिसला आलो आहे, मेसेज चेक कर.",Neutral,संभाषण
4339,तुझा भाऊ त्या लाल साडीमध्ये खूपच आकर्षक दिसत आहे.,Positive,स्वरूप
4340,दुकानातला काळा टी-शर्ट तुझ्यावर विचित्र वाटतोय.,Negative,स्वरूप
4341,"मी १० मिनिटांत बाहेर आलो आहे, मेसेज चेक कर.",Neutral,संभाषण
4342,कालचा हिरवा शर्ट तुझ्यावर निस्तेज वाटतोय.,Negative,स्वरूप
4343,तू या निळ्या साडीमध्ये खूपच आकर्षक दिसतेय.,Positive,स्वरूप
4344,मी माझा पोर्टफोलिओ अकाऊंटंट साठी मेल केला आहे.,Neutral,नोकरी
4345,त्याने काल काळा कुर्ता घालणार आहे.,Neutral,स्वरूप
4346,"आजची भाजी एकदम खराब लागली, पैसे वाया गेले.",Negative,अन्न
4347,त्याने काल राखाडी कोट घालणार आहे.,Neutral,स्वरूप
4348,तू या गुलाबी ड्रेसमध्ये खूप सुंदर दिसतोय.,Positive,स्वरूप
4349,हा हिरवा कुर्ता तुझ्यावर अजिबात चांगला दिसत आहे.,Negative,स्वरूप
4350,"मी १० मिनिटांत घरी पोहोचलो, नंतर कॉल करतो.",Neutral,संभाषण
4351,"आईच्या हातची मटण लाजवाब होती, मजा आली!",Positive,अन्न
4352,तू या पिवळ्या कुर्त्यामध्ये खूप हँडसम दिसतेय.,Positive,स्वरूप
4353,दुकानातला निळा ड्रेस तुझ्यावर निस्तेज दिसतोय.,Negative,स्वरूप
4354,त्याने काल पांढरा टी-शर्ट घेतला होता.,Neutral,स्वरूप
4355,तुझा मित्र या लाल शर्टमध्ये एकदम गोड दिसत आहेस.,Positive,स्वरूप
4356,त्याने काल काळा कुर्ता खरेदी केला.,Neutral,स्वरूप
4357,मी उद्या निळा टी-शर्ट खरेदी केला.,Neutral,स्वरूप
4358,मी उद्या लाल टी-शर्ट घातला आहे.,Neutral,स्वरूप
4359,माझ्या मित्राने पांढरा शर्ट खरेदी केला.,Neutral,स्वरूप
4360,तो लाल टी-शर्ट तुझ्यावर चुकीचा दिसत आहे.,Negative,स्वरूप
4361,त्याने काल पांढरा टी-शर्ट खरेदी केला.,Neutral,स्वरूप
4362,हा हिरवा शर्ट तुझ्यावर निस्तेज दिसत नाहीये.,Negative,स्वरूप
4363,"तो आत्ता ऑफिसला निघालो आहे, थोड्या वेळाने बोलू.",Neutral,संभाषण
4364,मी रात्री चहा आणि बिस्किटं ऑर्डर करतो.,Neutral,अन्न
4365,कालचा लाल ड्रेस तुझ्यावर चुकीचा दिसत नाहीये.,Negative,स्वरूप
4366,कालचा काळा कुर्ता तुझ्यावर अजिबात चांगला दिसतोय.,Negative,स्वरूप
4367,"माझा भाऊ घरी पोहोचलो, नंतर कॉल करतो.",Neutral,संभाषण
4368,तू या गुलाबी कुर्त्यामध्ये खूप सुंदर दिसतेय.,Positive,स्वरूप
4369,मी रोज सकाळी वरण भात खातो.,Neutral,अन्न
4370,"आजची बिर्याणी एकदम मस्त होती, पोट भरलं.",Positive,अन्न
4371,"कालची बिर्याणी एकदम मस्त लागली, एकदम भारी.",Positive,अन्न
4372,माझी बहीण या निळ्या कुर्त्यामध्ये खूपच आकर्षक दिसत आहेस.,Positive,स्वरूप
4373,दुकानातला निळा कुर्ता तुझ्यावर निस्तेज दिसत आहे.,Negative,स्वरूप
4374,"आजची डाळ खूपच बेचव लागली, मूड खराब झाला.",Negative,अन्न
4375,दुकानातला हिरवा ड्रेस तुझ्यावर खूपच खराब दिसतोय.,Negative,स्वरूप
4376,"आजची पुरणपोळी एकदम मस्त होती, मजा आली!",Positive,अन्न
4377,"डब्यातील भाजी खूप तिखट लागली, मूड खराब झाला.",Negative,अन्न
4378,"आजची चटणी एकदम खराब होती, पोट खराब झालं.",Negative,अन्न
4379,मी माझा पोर्टफोलिओ सॉफ्टवेअर इंजिनिअर साठी अपलोड केला অফিসে.,Neutral,नोकरी
4380,तो हिरवा कुर्ता तुझ्यावर विचित्र दिसत आहे.,Negative,स्वरूप
4381,मी रात्री वरण भात बनवतो.,Neutral,अन्न
4382,"कालची पोळी एकदम खराब लागली, मूड खराब झाला.",Negative,अन्न
4383,हा पिवळा ड्रेस तुझ्यावर अजिबात चांगला दिसत आहे.,Negative,स्वरूप
4384,तू या गुलाबी शर्टमध्ये एकदम गोड दिसत आहे.,Positive,स्वरूप
4385,तुझा भाऊ त्या पिवळ्या शर्टमध्ये खूप सुंदर दिसत आहे.,Positive,स्वरूप
4386,तुझा मित्र या पांढऱ्या साडीमध्ये खूपच आकर्षक दिसतोय.,Positive,स्वरूप
4387,तू या गुलाबी टी-शर्टमध्ये एकदम गोड दिसत आहेस.,Positive,स्वरूप
4388,मी आज पांढरा टी-शर्ट घालणार आहे.,Neutral,स्वरूप
4389,तो काळा शर्ट तुझ्यावर खूपच खराब दिसतोय.,Negative,स्वरूप
4390,तो काळा टी-शर्ट तुझ्यावर अजिबात चांगला वाटतोय.,Negative,स्वरूप
4391,कालचा लाल शर्ट तुझ्यावर निस्तेज दिसत नाहीये.,Negative,स्वरूप
4392,तुझा भाऊ त्या काळ्या शर्टमध्ये एकदम गोड दिसतेय.,Positive,स्वरूप
4393,तो लाल शर्ट तुझ्यावर विचित्र दिसत नाहीये.,Negative,स्वरूप
4394,"लग्नातली मटण लाजवाब लागली, एकदम भारी.",Positive,अन्न
4395,माझ्या मित्राने राखाडी टी-शर्ट घातला आहे.,Neutral,स्वरूप
4396,हा निळा ड्रेस तुझ्यावर चुकीचा दिसत नाहीये.,Negative,स्वरूप
4397,तुझा मित्र या गुलाबी शर्टमध्ये खूप सुंदर दिसत आहेस.,Positive,स्वरूप
4398,"मी १० मिनिटांत ऑफिसला निघालो आहे, थोड्या वेळाने बोलू.",Neutral,संभाषण
4399,माझी बहीण या पांढऱ्या साडीमध्ये एकदम छान दिसत आहे.,Positive,स्वरूप
4400,मी रोज सकाळी कॉफी खातो.,Neutral,अन्न
4401,मी संध्याकाळी कॉफी खातो.,Neutral,अन्न
4402,तू या गुलाबी कुर्त्यामध्ये खूप सुंदर दिसत आहेस.,Positive,स्वरूप
4403,माझी बहीण या लाल शर्टमध्ये खूप हँडसम दिसतोय.,Positive,स्वरूप
4404,"लग्नातली मिसळ खूप भारी होती, मजा आली!",Positive,अन्न
4405,तुझा भाऊ त्या पांढऱ्या कुर्त्यामध्ये खूप हँडसम दिसत आहेस.,Positive,स्वरूप
4406,मी आज लाल कोट खरेदी केला.,Neutral,स्वरूप
4407,तुझा मित्र या निळ्या ड्रेसमध्ये खूपच आकर्षक दिसत आहे.,Positive,स्वरूप
4408,मी उद्या काळा टी-शर्ट खरेदी केला.,Neutral,स्वरूप
4409,कालचा पिवळा ड्रेस तुझ्यावर निस्तेज दिसतोय.,Negative,स्वरूप
4410,हा हिरवा कुर्ता तुझ्यावर निस्तेज दिसत आहे.,Negative,स्वरूप
4411,मी रोज सकाळी जेवणात भाजी-पोळी खातो.,Neutral,अन्न
4412,तो लाल कुर्ता तुझ्यावर अजिबात चांगला दिसतोय.,Negative,स्वरूप
4413,तुझा भाऊ त्या निळ्या टी-शर्टमध्ये खूप हँडसम दिसतेय.,Positive,स्वरूप
4414,मी रोज सकाळी जेवणात भाजी-पोळी घेतो.,Neutral,अन्न
4415,तुझा भाऊ त्या निळ्या कुर्त्यामध्ये एकदम गोड दिसतेय.,Positive,स्वरूप
4416,माझी बहीण या काळ्या शर्टमध्ये खूप सुंदर दिसतोय.,Positive,स्वरूप
4417,तो पिवळा कुर्ता तुझ्यावर विचित्र दिसतोय.,Negative,स्वरूप
4418,"आईच्या हातची चिकन खूप भारी लागली, पुन्हा खावीशी वाटते.",Positive,अन्न
4419,मी माझा रेझ्युमे डेटा अ‍ॅनालिस्ट साठी एचआरला दिला आहे.,Neutral,नोकरी
4420,"पार्टीतील मिसळ लाजवाब लागली, पुन्हा खावीशी वाटते.",Positive,अन्न
4421,मी संध्याकाळी जेवणात भाजी-पोळी खाणार आहे.,Neutral,अन्न
4422,माझी बहीण या लाल ड्रेसमध्ये एकदम छान दिसतेय.,Positive,स्वरूप
4423,तो काळा कुर्ता तुझ्यावर विचित्र दिसतोय.,Negative,स्वरूप
4424,"तो आत्ता बाहेर पोहोचलो, नंतर कॉल करतो.",Neutral,संभाषण
4425,"हॉटेलमधली बिर्याणी खूपच बेचव लागली, मूड खराब झाला.",Negative,अन्न
4426,"हॉटेलमधली बिर्याणी खूप खारट लागली, पैसे वाया गेले.",Negative,अन्न
4427,तुझा भाऊ त्या लाल कुर्त्यामध्ये खूप हँडसम दिसतेय.,Positive,स्वरूप
4428,त्याने काल लाल टी-शर्ट घालणार आहे.,Neutral,स्वरूप
4429,हा निळा शर्ट तुझ्यावर अजिबात चांगला दिसत आहे.,Negative,स्वरूप
4430,मी माझ्या मित्राला डिझायनर म्हणून नक्कीच मदत करेल.,Positive,नोकरी
4431,"हॉटेलमधली मिसळ खूपच चविष्ट लागली, एकदम भारी.",Positive,अन्न
4432,मी आज लाल शर्ट खरेदी केला.,Neutral,स्वरूप
4433,तुझा भाऊ त्या गुलाबी टी-शर्टमध्ये खूपच आकर्षक दिसतोय.,Positive,स्वरूप
4434,मी आज काळा कोट घालणार आहे.,Neutral,स्वरूप
4435,कालचा निळा ड्रेस तुझ्यावर चुकीचा वाटतोय.,Negative,स्वरूप
4436,मी आज राखाडी टी-शर्ट घातला आहे.,Neutral,स्वरूप
4437,तू या पांढऱ्या ड्रेसमध्ये एकदम गोड दिसतोय.,Positive,स्वरूप
4438,तुझा मित्र या गुलाबी टी-शर्टमध्ये खूपच आकर्षक दिसतोय.,Positive,स्वरूप
4439,माझी बहीण या काळ्या शर्टमध्ये एकदम गोड दिसत आहेस.,Positive,स्वरूप
4440,मी आज पांढरा शर्ट घेतला होता.,Neutral,स्वरूप
4441,हा निळा शर्ट तुझ्यावर निस्तेज दिसत आहे.,Negative,स्वरूप
4442,कालचा पिवळा ड्रेस तुझ्यावर विचित्र दिसत नाहीये.,Negative,स्वरूप
4443,माझ्या मित्राने काळा कुर्ता खरेदी केला.,Neutral,स्वरूप
4444,मी रात्री जेवणात भाजी-पोळी खाणार आहे.,Neutral,अन्न
4445,कालचा निळा कुर्ता तुझ्यावर खूपच खराब वाटतोय.,Negative,स्वरूप
4446,दुकानातला लाल शर्ट तुझ्यावर खूपच खराब दिसत नाहीये.,Negative,स्वरूप
4447,माझी बहीण या पांढऱ्या टी-शर्टमध्ये खूप सुंदर दिसतेय.,Positive,स्वरूप
4448,तुझ्याशी बोलून मला एकदम वाईट वाटत आहे.,Negative,भावना
4449,हा काळा ड्रेस तुझ्यावर खूपच खराब दिसतोय.,Negative,स्वरूप
4450,हा निळा कुर्ता तुझ्यावर चुकीचा दिसत आहे.,Negative,स्वरूप
4451,"मी १० मिनिटांत बाहेर गेलोय, नंतर अपडेट देतो.",Neutral,संभाषण
4452,"आईच्या हातची चिकन एकदम मस्त होती, मजा आली!",Positive,अन्न
4453,मी उद्या काळा टी-शर्ट घेतला होता.,Neutral,स्वरूप
4454,"माझा भाऊ दुकानात आलो आहे, मेसेज चेक कर.",Neutral,संभाषण
4455,तुझा आवाज ऐकून मला खूप भारी वाटलं.,Positive,भावना
4456,कालचा लाल शर्ट तुझ्यावर विचित्र वाटतोय.,Negative,स्वरूप
4457,"हॉटेलमधली बिर्याणी खूपच चविष्ट होती, मजा आली!",Positive,अन्न
4458,"कालची डाळ अजिबात चांगली लागली, पैसे वाया गेले.",Negative,अन्न
4459,माझ्या मित्राने पांढरा कोट घालणार आहे.,Neutral,स्वरूप
4460,तो निळा कुर्ता तुझ्यावर निस्तेज दिसत आहे.,Negative,स्वरूप
4461,तू या गुलाबी साडीमध्ये खूप हँडसम दिसत आहेस.,Positive,स्वरूप
4462,"हॉटेलमधली डाळ खूपच बेचव लागली, पैसे वाया गेले.",Negative,अन्न
4463,तू या गुलाबी कुर्त्यामध्ये खूप हँडसम दिसत आहे.,Positive,स्वरूप
4464,तुझा भाऊ त्या लाल साडीमध्ये खूप सुंदर दिसत आहेस.,Positive,स्वरूप
4465,आम्ही दुपारी चहा आणि बिस्किटं ऑर्डर करतो.,Neutral,अन्न
4466,माझा मित्र त्याचा रेझ्युमे मॅनेजर साठी अपलोड केला অফিসে.,Neutral,नोकरी
4467,दुकानातला हिरवा शर्ट तुझ्यावर विचित्र दिसतोय.,Negative,स्वरूप
4468,"हॉटेलमधली चिकन खूपच चविष्ट होती, पोट भरलं.",Positive,अन्न
4469,तुझा भाऊ त्या पिवळ्या शर्टमध्ये खूपच आकर्षक दिसतोय.,Positive,स्वरूप
4470,मी उद्या पांढरा कोट घालणार आहे.,Neutral,स्वरूप
4471,तुझा भाऊ त्या निळ्या साडीमध्ये खूप हँडसम दिसत आहेस.,Positive,स्वरूप
4472,मी आज राखाडी कुर्ता खरेदी केला.,Neutral,स्वरूप
4473,"कालची पावभाजी एकदम मस्त होती, मजा आली!",Positive,अन्न
4474,मी उद्या निळा कुर्ता घेतला होता.,Neutral,स्वरूप
4475,आम्ही दुपारी नाश्त्याला पोहे घेतो.,Neutral,अन्न
4476,मी माझा पोर्टफोलिओ डेटा अ‍ॅनालिस्ट पदासाठी पाठवला आहे.,Neutral,नोकरी
4477,"कॅन्टीनमधली चटणी खूप खारट लागली, पैसे वाया गेले.",Negative,अन्न
4478,माझा मित्र त्याचा रेझ्युमे डिझायनर साठी मेल केला आहे.,Neutral,नोकरी
4479,हा हिरवा ड्रेस तुझ्यावर निस्तेज दिसत आहे.,Negative,स्वरूप
4480,आम्ही दुपारी वरण भात ऑर्डर करतो.,Neutral,अन्न
4481,आम्ही दुपारी कॉफी बनवतो.,Neutral,अन्न
4482,"डब्यातील खिचडी अजिबात चांगली लागली, पैसे वाया गेले.",Negative,अन्न
4483,तुझा भाऊ त्या पिवळ्या टी-शर्टमध्ये एकदम गोड दिसतेय.,Positive,स्वरूप
4484,"कॅन्टीनमधली बिर्याणी एकदम खराब होती, अजिबात आवडली नाही.",Negative,अन्न
4485,मी रोज सकाळी चहा आणि बिस्किटं बनवतो.,Neutral,अन्न
4486,माझ्या मित्राने राखाडी कुर्ता घेतला होता.,Neutral,स्वरूप
4487,मी माझ्या मित्राला टीम लीड पदासाठी सुचवेल.,Positive,नोकरी
4488,"कॅन्टीनमधली खिचडी अजिबात चांगली होती, पोट खराब झालं.",Negative,अन्न
4489,तुझा मित्र या काळ्या ड्रेसमध्ये एकदम गोड दिसत आहेस.,Positive,स्वरूप
4490,त्याने त्याचा सीव्ही डिझायनर साठी एचआरला दिला आहे.,Neutral,नोकरी
4491,"माझा भाऊ स्टेशनवर गेलोय, नंतर अपडेट देतो.",Neutral,संभाषण
4492,"डब्यातील चटणी एकदम खराब होती, पोट खराब झालं.",Negative,अन्न
4493,मी माझा रेझ्युमे सॉफ्टवेअर इंजिनिअर साठी मेल केला आहे.,Neutral,नोकरी
4494,कालचा हिरवा ड्रेस तुझ्यावर खूपच खराब दिसत आहे.,Negative,स्वरूप
4495,तुझा भाऊ त्या पांढऱ्या साडीमध्ये एकदम गोड दिसतोय.,Positive,स्वरूप
4496,कालचा निळा कुर्ता तुझ्यावर विचित्र दिसत नाहीये.,Negative,स्वरूप
4497,"नवीन प्रोजेक्टमध्ये खूप ताणतणाव होता, मी वैतागलोय.",Negative,नोकरी
4498,दुकानातला पिवळा टी-शर्ट तुझ्यावर चुकीचा दिसतोय.,Negative,स्वरूप
4499,माझी बहीण या पिवळ्या ड्रेसमध्ये एकदम छान दिसतोय.,Positive,स्वरूप
4500,मी आज निळा कोट घेतला होता.,Neutral,स्वरूप
4501,"आजची बिर्याणी खूप खारट लागली, पैसे वाया गेले.",Negative,अन्न
4502,त्याने काल पांढरा टी-शर्ट घातला आहे.,Neutral,स्वरूप
4503,मी माझा रेझ्युमे मॅनेजर पदासाठी पाठवला आहे.,Neutral,नोकरी
4504,माझ्या मित्राने निळा टी-शर्ट घेतला होता.,Neutral,स्वरूप
4505,माझी बहीण या काळ्या ड्रेसमध्ये खूप सुंदर दिसतोय.,Positive,स्वरूप
4506,तू या निळ्या टी-शर्टमध्ये खूपच आकर्षक दिसत आहेस.,Positive,स्वरूप
4507,"डब्यातील डाळ अजिबात चांगली लागली, मूड खराब झाला.",Negative,अन्न
4508,"नवीन प्रोजेक्टमध्ये एकदम कंटाळवाणा प्रकार आहे, मला नोकरी सोडायची आहे.",Negative,नोकरी
4509,तू या पांढऱ्या टी-शर्टमध्ये खूप सुंदर दिसत आहे.,Positive,स्वरूप
4510,तुझा भाऊ त्या गुलाबी ड्रेसमध्ये खूपच आकर्षक दिसतेय.,Positive,स्वरूप
4511,"हॉटेलमधली चटणी एकदम खराब होती, पोट खराब झालं.",Negative,अन्न
4512,हा पिवळा ड्रेस तुझ्यावर निस्तेज दिसत नाहीये.,Negative,स्वरूप
4513,तुझा आवाज ऐकून मला एकदम मस्त झालो मी.,Positive,भावना
4514,माझ्या मित्राने राखाडी टी-शर्ट घालणार आहे.,Neutral,स्वरूप
4515,कालचा निळा टी-शर्ट तुझ्यावर निस्तेज दिसत आहे.,Negative,स्वरूप
4516,"या मीटिंगमध्ये खूप राजकारण होता, मी वैतागलोय.",Negative,नोकरी
4517,"कॅन्टीनमधली डाळ खूप खारट होती, पोट खराब झालं.",Negative,अन्न
4518,आम्ही दुपारी नाश्त्याला पोहे खाणार आहे.,Neutral,अन्न
4519,हा पिवळा ड्रेस तुझ्यावर विचित्र दिसतोय.,Negative,स्वरूप
4520,कालचा हिरवा कुर्ता तुझ्यावर अजिबात चांगला दिसत आहे.,Negative,स्वरूप
4521,मी उद्या राखाडी कोट घेतला होता.,Neutral,स्वरूप
4522,माझा मित्र त्याचा रेझ्युमे डिझायनर पदासाठी पाठवला आहे.,Neutral,नोकरी
4523,मी उद्या काळा शर्ट घातला आहे.,Neutral,स्वरूप
4524,मी उद्या काळा कोट घेतला होता.,Neutral,स्वरूप
4525,तुझा मित्र या लाल साडीमध्ये खूपच आकर्षक दिसत आहेस.,Positive,स्वरूप
4526,तू या पिवळ्या कुर्त्यामध्ये एकदम गोड दिसत आहेस.,Positive,स्वरूप
4527,तुझा मित्र या गुलाबी शर्टमध्ये एकदम गोड दिसत आहेस.,Positive,स्वरूप
4528,त्याने काल काळा कुर्ता घेतला होता.,Neutral,स्वरूप
4529,"हॉटेलमधली मिसळ अप्रतिम लागली, पुन्हा खावीशी वाटते.",Positive,अन्न
4530,"आजची चटणी खूप तिखट लागली, मूड खराब झाला.",Negative,अन्न
4531,मी रोज सकाळी कॉफी बनवतो.,Neutral,अन्न
4532,"कालची पोळी खूप तिखट होती, अजिबात आवडली नाही.",Negative,अन्न
4533,तुझा भाऊ त्या पिवळ्या शर्टमध्ये एकदम छान दिसत आहेस.,Positive,स्वरूप
4534,तुझा भाऊ त्या पांढऱ्या साडीमध्ये खूप सुंदर दिसत आहे.,Positive,स्वरूप
4535,तू या गुलाबी टी-शर्टमध्ये खूप हँडसम दिसत आहे.,Positive,स्वरूप
4536,हा लाल टी-शर्ट तुझ्यावर अजिबात चांगला दिसतोय.,Negative,स्वरूप
4537,माझी बहीण या काळ्या साडीमध्ये एकदम छान दिसतेय.,Positive,स्वरूप
4538,तुझ्याशी बोलून मला खूप उत्साही वाटलं.,Positive,भावना
4539,"कालची बिर्याणी एकदम खराब लागली, मूड खराब झाला.",Negative,अन्न
4540,त्याने काल पांढरा कोट खरेदी केला.,Neutral,स्वरूप
4541,मी उद्या पांढरा कोट खरेदी केला.,Neutral,स्वरूप
4542,कालचा लाल टी-शर्ट तुझ्यावर विचित्र दिसत नाहीये.,Negative,स्वरूप
4543,"माझा भाऊ स्टेशनवर निघालो आहे, थोड्या वेळाने बोलू.",Neutral,संभाषण
4544,तू या लाल शर्टमध्ये खूपच आकर्षक दिसत आहे.,Positive,स्वरूप
4545,कालचा लाल ड्रेस तुझ्यावर अजिबात चांगला दिसत नाहीये.,Negative,स्वरूप
4546,मी आज निळा शर्ट घातला आहे.,Neutral,स्वरूप
4547,तू या गुलाबी टी-शर्टमध्ये एकदम छान दिसत आहे.,Positive,स्वरूप
4548,माझी बहीण या पिवळ्या कुर्त्यामध्ये खूप हँडसम दिसत आहेस.,Positive,स्वरूप
4549,मी उद्या निळा शर्ट घातला आहे.,Neutral,स्वरूप
4550,मी उद्या पांढरा शर्ट घालणार आहे.,Neutral,स्वरूप
4551,तू या निळ्या कुर्त्यामध्ये एकदम छान दिसत आहे.,Positive,स्वरूप
4552,त्याने काल लाल कुर्ता घेतला होता.,Neutral,स्वरूप
4553,"कालची पुरणपोळी खूपच चविष्ट लागली, पुन्हा खावीशी वाटते.",Positive,अन्न
4554,मी माझा रेझ्युमे मॅनेजर साठी अपलोड केला অফিসে.,Neutral,नोकरी
4555,"आईच्या हातची चिकन लाजवाब लागली, एकदम भारी.",Positive,अन्न
4556,हा काळा टी-शर्ट तुझ्यावर विचित्र दिसत आहे.,Negative,स्वरूप
4557,तुझा भाऊ त्या लाल ड्रेसमध्ये एकदम छान दिसतेय.,Positive,स्वरूप
4558,"आज ऑफिसमध्ये खूप गोंधळ सुरू आहे, अजिबात आवडत नाही.",Negative,नोकरी
4559,कालचा लाल ड्रेस तुझ्यावर चुकीचा वाटतोय.,Negative,स्वरूप
4560,आपली कंपनी तुला मॅनेजर पदासाठी सुचवेल.,Positive,नोकरी
4561,"हॉटेलमधली बिर्याणी लाजवाब लागली, एकदम भारी.",Positive,अन्न
4562,मी आज लाल कोट घातला आहे.,Neutral,स्वरूप
4563,तो निळा टी-शर्ट तुझ्यावर अजिबात चांगला दिसत आहे.,Negative,स्वरूप
4564,"कॅन्टीनमधली भाजी खूपच बेचव लागली, पैसे वाया गेले.",Negative,अन्न
4565,दुकानातला निळा ड्रेस तुझ्यावर निस्तेज वाटतोय.,Negative,स्वरूप
4566,तुझा मित्र या लाल शर्टमध्ये खूप हँडसम दिसतोय.,Positive,स्वरूप
4567,"कालची मटण खूप भारी लागली, एकदम भारी.",Positive,अन्न
4568,तुझा मित्र या पिवळ्या साडीमध्ये एकदम छान दिसतेय.,Positive,स्वरूप
4569,कालचा पिवळा ड्रेस तुझ्यावर खूपच खराब दिसत नाहीये.,Negative,स्वरूप
4570,"मी आत्ताच स्टेशनवर आलो आहे, मेसेज चेक कर.",Neutral,संभाषण
4571,हा निळा ड्रेस तुझ्यावर विचित्र दिसत नाहीये.,Negative,स्वरूप
4572,"आजची पावभाजी खूप भारी होती, पोट भरलं.",Positive,अन्न
4573,तो निळा शर्ट तुझ्यावर विचित्र दिसत आहे.,Negative,स्वरूप
4574,"मी १० मिनिटांत घरी निघालो आहे, थोड्या वेळाने बोलू.",Neutral,संभाषण
4575,हा पिवळा कुर्ता तुझ्यावर चुकीचा वाटतोय.,Negative,स्वरूप
4576,कालचा काळा टी-शर्ट तुझ्यावर निस्तेज दिसत नाहीये.,Negative,स्वरूप
4577,दुकानातला निळा शर्ट तुझ्यावर अजिबात चांगला वाटतोय.,Negative,स्वरूप
4578,तो पिवळा शर्ट तुझ्यावर अजिबात चांगला वाटतोय.,Negative,स्वरूप
4579,मी उद्या लाल कुर्ता घालणार आहे.,Neutral,स्वरूप
4580,मी आज काळा कुर्ता घालणार आहे.,Neutral,स्वरूप
4581,तुझा मेसेज वाचून मला खूप आनंदी वाटत आहे.,Positive,भावना
4582,"कालची मिसळ लाजवाब लागली, पुन्हा खावीशी वाटते.",Positive,अन्न
4583,कालचा हिरवा ड्रेस तुझ्यावर चुकीचा दिसत नाहीये.,Negative,स्वरूप
4584,कालचा हिरवा कुर्ता तुझ्यावर विचित्र दिसत नाहीये.,Negative,स्वरूप
4585,माझा मित्र त्याचा रेझ्युमे सॉफ्टवेअर इंजिनिअर साठी एचआरला दिला आहे.,Neutral,नोकरी
4586,तू या निळ्या कुर्त्यामध्ये एकदम गोड दिसतेय.,Positive,स्वरूप
4587,दुकानातला काळा टी-शर्ट तुझ्यावर चुकीचा दिसत आहे.,Negative,स्वरूप
4588,"डब्यातील पोळी एकदम खराब लागली, पैसे वाया गेले.",Negative,अन्न
4589,मी आज लाल शर्ट घेतला होता.,Neutral,स्वरूप
4590,"कॅन्टीनमधली डाळ अजिबात चांगली लागली, पैसे वाया गेले.",Negative,अन्न
4591,मी आज निळा टी-शर्ट खरेदी केला.,Neutral,स्वरूप
4592,मी उद्या पांढरा कुर्ता घेतला होता.,Neutral,स्वरूप
4593,तुझा मित्र या काळ्या शर्टमध्ये एकदम छान दिसतोय.,Positive,स्वरूप
4594,तो लाल ड्रेस तुझ्यावर निस्तेज दिसत आहे.,Negative,स्वरूप
4595,तुझा भाऊ त्या पिवळ्या साडीमध्ये एकदम छान दिसतोय.,Positive,स्वरूप
4596,माझी बहीण या निळ्या साडीमध्ये खूप हँडसम दिसतेय.,Positive,स्वरूप
4597,हा हिरवा कुर्ता तुझ्यावर अजिबात चांगला वाटतोय.,Negative,स्वरूप
4598,"आजची मटण एकदम मस्त लागली, एकदम भारी.",Positive,अन्न
4599,तू या काळ्या टी-शर्टमध्ये खूप सुंदर दिसत आहे.,Positive,स्वरूप
4600,"डब्यातील खिचडी खूपच बेचव होती, अजिबात आवडली नाही.",Negative,अन्न
4601,तुझा मित्र या पिवळ्या शर्टमध्ये खूप हँडसम दिसतेय.,Positive,स्वरूप
4602,माझी बहीण या लाल शर्टमध्ये एकदम छान दिसतोय.,Positive,स्वरूप
4603,आपली कंपनी तुला डेटा अ‍ॅनालिस्ट साठी चांगला पगार देईल.,Positive,नोकरी
4604,"आजची भाजी एकदम खराब होती, पोट खराब झालं.",Negative,अन्न
4605,मी उद्या निळा कोट घेतला होता.,Neutral,स्वरूप
4606,"पार्टीतील बिर्याणी अप्रतिम लागली, पुन्हा खावीशी वाटते.",Positive,अन्न
4607,"आजची थाळी अप्रतिम होती, पोट भरलं.",Positive,अन्न
4608,मी आज काळा कोट खरेदी केला.,Neutral,स्वरूप
4609,"हॉटेलमधली भाजी अजिबात चांगली होती, अजिबात आवडली नाही.",Negative,अन्न
4610,माझ्या मित्राने काळा कुर्ता घालणार आहे.,Neutral,स्वरूप
4611,हा हिरवा टी-शर्ट तुझ्यावर खूपच खराब दिसत नाहीये.,Negative,स्वरूप
4612,"तो आत्ता स्टेशनवर पोहोचलो, नंतर कॉल करतो.",Neutral,संभाषण
4613,दुकानातला काळा ड्रेस तुझ्यावर चुकीचा वाटतोय.,Negative,स्वरूप
4614,तुझा मित्र या गुलाबी साडीमध्ये खूपच आकर्षक दिसत आहे.,Positive,स्वरूप
4615,माझी बहीण या निळ्या टी-शर्टमध्ये खूप सुंदर दिसत आहेस.,Positive,स्वरूप
4616,"माझा भाऊ घरी आलो आहे, मेसेज चेक कर.",Neutral,संभाषण
4617,तू या लाल शर्टमध्ये खूप हँडसम दिसत आहे.,Positive,स्वरूप
4618,माझी बहीण या पिवळ्या टी-शर्टमध्ये खूपच आकर्षक दिसतोय.,Positive,स्वरूप
4619,तुला भेटून मला खूप छान वाटलं.,Positive,भावना
4620,मी माझा पोर्टफोलिओ डेटा अ‍ॅनालिस्ट साठी एचआरला दिला आहे.,Neutral,नोकरी
4621,तो हिरवा टी-शर्ट तुझ्यावर अजिबात चांगला दिसत आहे.,Negative,स्वरूप
4622,तो लाल टी-शर्ट तुझ्यावर निस्तेज वाटतोय.,Negative,स्वरूप
4623,"माझ्या टीममध्ये खूप राजकारण सुरू आहे, अजिबात आवडत नाही.",Negative,नोकरी
4624,तू या पिवळ्या साडीमध्ये एकदम गोड दिसतोय.,Positive,स्वरूप
4625,कालचा निळा शर्ट तुझ्यावर निस्तेज वाटतोय.,Negative,स्वरूप
4626,तो पिवळा ड्रेस तुझ्यावर चुकीचा दिसत आहे.,Negative,स्वरूप
4627,माझी बहीण या पांढऱ्या शर्टमध्ये खूपच आकर्षक दिसत आहे.,Positive,स्वरूप
4628,त्याने काल काळा टी-शर्ट घालणार आहे.,Neutral,स्वरूप
4629,तुझा भाऊ त्या गुलाबी शर्टमध्ये एकदम गोड दिसतेय.,Positive,स्वरूप
4630,"डब्यातील बिर्याणी अजिबात चांगली लागली, मूड खराब झाला.",Negative,अन्न
4631,हा काळा टी-शर्ट तुझ्यावर निस्तेज वाटतोय.,Negative,स्वरूप
4632,"आजची पुरणपोळी खूपच चविष्ट होती, मजा आली!",Positive,अन्न
4633,माझ्या मित्राने पांढरा कोट घेतला होता.,Neutral,स्वरूप
4634,मी रात्री नाश्त्याला पोहे घेतो.,Neutral,अन्न
4635,"कालची पुरणपोळी अप्रतिम होती, मजा आली!",Positive,अन्न
4636,तू या लाल शर्टमध्ये एकदम गोड दिसतेय.,Positive,स्वरूप
4637,हा पिवळा कुर्ता तुझ्यावर निस्तेज वाटतोय.,Negative,स्वरूप
4638,"आजची थाळी एकदम मस्त होती, मजा आली!",Positive,अन्न
4639,"मी १० मिनिटांत ऑफिसला पोहोचलो, नंतर कॉल करतो.",Neutral,संभाषण
4640,"कालची भाजी खूप तिखट लागली, पैसे वाया गेले.",Negative,अन्न
4641,मी संध्याकाळी चहा आणि बिस्किटं खातो.,Neutral,अन्न
4642,माझ्या मित्राने निळा कोट घातला आहे.,Neutral,स्वरूप
4643,तो निळा टी-शर्ट तुझ्यावर चुकीचा दिसतोय.,Negative,स्वरूप
4644,मी माझा रेझ्युमे डेटा अ‍ॅनालिस्ट साठी अपलोड केला অফিসে.,Neutral,नोकरी
4645,कालचा काळा ड्रेस तुझ्यावर खूपच खराब दिसत नाहीये.,Negative,स्वरूप
4646,कालचा निळा कुर्ता तुझ्यावर निस्तेज वाटतोय.,Negative,स्वरूप
4647,मी रोज सकाळी नाश्त्याला पोहे खातो.,Neutral,अन्न
4648,मी आज लाल कोट घेतला होता.,Neutral,स्वरूप
4649,माझी बहीण या लाल साडीमध्ये एकदम गोड दिसतोय.,Positive,स्वरूप
4650,"हॉटेलमधली पुरणपोळी खूपच चविष्ट लागली, पुन्हा खावीशी वाटते.",Positive,अन्न
4651,"लग्नातली मिसळ खूपच चविष्ट लागली, पुन्हा खावीशी वाटते.",Positive,अन्न
4652,"माझा भाऊ बाहेर निघालो आहे, थोड्या वेळाने बोलू.",Neutral,संभाषण
4653,त्याने काल निळा शर्ट घालणार आहे.,Neutral,स्वरूप
4654,मी आज राखाडी शर्ट खरेदी केला.,Neutral,स्वरूप
4655,तो हिरवा कुर्ता तुझ्यावर खूपच खराब दिसत आहे.,Negative,स्वरूप
4656,त्याने काल पांढरा कुर्ता खरेदी केला.,Neutral,स्वरूप
4657,"आज ऑफिसमध्ये खूप ताणतणाव वाढलाय, काम करणं कठीण झालंय.",Negative,नोकरी
4658,तू या निळ्या शर्टमध्ये खूपच आकर्षक दिसतेय.,Positive,स्वरूप
4659,तो पिवळा शर्ट तुझ्यावर अजिबात चांगला दिसत आहे.,Negative,स्वरूप
4660,कालचा काळा टी-शर्ट तुझ्यावर चुकीचा दिसत नाहीये.,Negative,स्वरूप
4661,त्याने त्याचा सीव्ही अकाऊंटंट साठी अपलोड केला অফিসে.,Neutral,नोकरी
4662,तुझा मित्र या निळ्या ड्रेसमध्ये खूप हँडसम दिसत आहे.,Positive,स्वरूप
4663,तो काळा कुर्ता तुझ्यावर चुकीचा दिसतोय.,Negative,स्वरूप
4664,मी उद्या राखाडी शर्ट खरेदी केला.,Neutral,स्वरूप
4665,हा हिरवा ड्रेस तुझ्यावर अजिबात चांगला दिसत आहे.,Negative,स्वरूप
4666,मी आज पांढरा टी-शर्ट खरेदी केला.,Neutral,स्वरूप
4667,"आजची खिचडी अजिबात चांगली होती, अजिबात आवडली नाही.",Negative,अन्न
4668,त्याने काल पांढरा टी-शर्ट घालणार आहे.,Neutral,स्वरूप
4669,तुला भेटून मला एकदम वाईट वाटत आहे.,Negative,भावना
4670,"या मीटिंगमध्ये खूप ताणतणाव होता, मी वैतागलोय.",Negative,नोकरी
4671,माझी बहीण या लाल ड्रेसमध्ये खूपच आकर्षक दिसतोय.,Positive,स्वरूप
4672,तुझा भाऊ त्या लाल शर्टमध्ये एकदम गोड दिसतोय.,Positive,स्वरूप
4673,तुझा भाऊ त्या गुलाबी कुर्त्यामध्ये खूप सुंदर दिसत आहे.,Positive,स्वरूप
4674,तू या पिवळ्या साडीमध्ये खूपच आकर्षक दिसत आहेस.,Positive,स्वरूप
4675,मी उद्या पांढरा शर्ट घातला आहे.,Neutral,स्वरूप
4676,"मी आत्ताच दुकानात निघालो आहे, थोड्या वेळाने बोलू.",Neutral,संभाषण
4677,माझी बहीण या पांढऱ्या कुर्त्यामध्ये एकदम छान दिसत आहे.,Positive,स्वरूप
4678,तू या पांढऱ्या ड्रेसमध्ये एकदम छान दिसत आहेस.,Positive,स्वरूप
4679,मी माझा रेझ्युमे सॉफ्टवेअर इंजिनिअर साठी एचआरला दिला आहे.,Neutral,नोकरी
4680,त्याने त्याचा सीव्ही सॉफ्टवेअर इंजिनिअर साठी एचआरला दिला आहे.,Neutral,नोकरी
4681,तो निळा ड्रेस तुझ्यावर निस्तेज दिसत आहे.,Negative,स्वरूप
4682,तुझा भाऊ त्या लाल कुर्त्यामध्ये खूप सुंदर दिसत आहे.,Positive,स्वरूप
4683,तू या काळ्या शर्टमध्ये खूप हँडसम दिसत आहेस.,Positive,स्वरूप
4684,"कॅन्टीनमधली डाळ खूपच बेचव लागली, मूड खराब झाला.",Negative,अन्न
4685,"कालची चिकन अप्रतिम लागली, पुन्हा खावीशी वाटते.",Positive,अन्न
4686,मी आज लाल शर्ट घालणार आहे.,Neutral,स्वरूप
4687,माझ्या मित्राने काळा कुर्ता घातला आहे.,Neutral,स्वरूप
4688,हा निळा कुर्ता तुझ्यावर निस्तेज दिसत आहे.,Negative,स्वरूप
4689,माझ्या मित्राने राखाडी टी-शर्ट घेतला होता.,Neutral,स्वरूप
4690,तो पिवळा ड्रेस तुझ्यावर चुकीचा वाटतोय.,Negative,स्वरूप
4691,तुझा मित्र या निळ्या कुर्त्यामध्ये एकदम छान दिसत आहे.,Positive,स्वरूप
4692,तू या पांढऱ्या कुर्त्यामध्ये खूप सुंदर दिसत आहे.,Positive,स्वरूप
4693,दुकानातला लाल ड्रेस तुझ्यावर खूपच खराब दिसतोय.,Negative,स्वरूप
4694,माझी बहीण या निळ्या साडीमध्ये खूप हँडसम दिसत आहे.,Positive,स्वरूप
4695,मी रोज सकाळी वरण भात बनवतो.,Neutral,अन्न
4696,तुला भेटून मला सकारात्मक वाटत आहे.,Positive,भावना
4697,"आईच्या हातची मटण खूप भारी होती, पोट भरलं.",Positive,अन्न
4698,हा लाल टी-शर्ट तुझ्यावर विचित्र दिसत आहे.,Negative,स्वरूप
4699,"लग्नातली थाळी खूपच चविष्ट होती, मजा आली!",Positive,अन्न
4700,तुझा मित्र या पिवळ्या साडीमध्ये खूप सुंदर दिसतेय.,Positive,स्वरूप
4701,दुकानातला पिवळा टी-शर्ट तुझ्यावर निस्तेज दिसतोय.,Negative,स्वरूप
4702,कालचा पिवळा ड्रेस तुझ्यावर निस्तेज वाटतोय.,Negative,स्वरूप
4703,मी आज निळा कुर्ता घातला आहे.,Neutral,स्वरूप
4704,"मी १० मिनिटांत ऑफिसला गेलोय, नंतर अपडेट देतो.",Neutral,संभाषण
4705,मी उद्या काळा शर्ट खरेदी केला.,Neutral,स्वरूप
4706,त्याने काल काळा टी-शर्ट घातला आहे.,Neutral,स्वरूप
4707,तो हिरवा ड्रेस तुझ्यावर चुकीचा दिसत आहे.,Negative,स्वरूप
4708,माझ्या मित्राने निळा शर्ट खरेदी केला.,Neutral,स्वरूप
4709,"आजची पुरणपोळी खूप भारी होती, पोट भरलं.",Positive,अन्न
4710,मी रोज सकाळी कॉफी ऑर्डर करतो.,Neutral,अन्न
4711,दुकानातला पिवळा ड्रेस तुझ्यावर अजिबात चांगला वाटतोय.,Negative,स्वरूप
4712,मी आज पांढरा टी-शर्ट घेतला होता.,Neutral,स्वरूप
4713,"हॉटेलमधली पावभाजी खूप भारी लागली, एकदम भारी.",Positive,अन्न
4714,तुझा भाऊ त्या पांढऱ्या शर्टमध्ये खूप सुंदर दिसतोय.,Positive,स्वरूप
4715,"कालची चिकन एकदम मस्त लागली, एकदम भारी.",Positive,अन्न
4716,माझ्या मित्राने निळा कुर्ता घातला आहे.,Neutral,स्वरूप
4717,तो निळा कुर्ता तुझ्यावर अजिबात चांगला दिसतोय.,Negative,स्वरूप
4718,माझ्या मित्राने काळा टी-शर्ट खरेदी केला.,Neutral,स्वरूप
4719,तुझा भाऊ त्या गुलाबी कुर्त्यामध्ये एकदम छान दिसतोय.,Positive,स्वरूप
4720,तुझा भाऊ त्या काळ्या साडीमध्ये खूप हँडसम दिसत आहेस.,Positive,स्वरूप
4721,"लग्नातली मटण लाजवाब होती, मजा आली!",Positive,अन्न
4722,"हॉटेलमधली बिर्याणी खूप खारट होती, पोट खराब झालं.",Negative,अन्न
4723,"कॅन्टीनमधली पोळी एकदम खराब होती, अजिबात आवडली नाही.",Negative,अन्न
4724,"मी १० मिनिटांत स्टेशनवर आलो आहे, मेसेज चेक कर.",Neutral,संभाषण
4725,"हॉटेलमधली मिसळ खूपच चविष्ट होती, मजा आली!",Positive,अन्न
4726,दुकानातला हिरवा कुर्ता तुझ्यावर अजिबात चांगला दिसत नाहीये.,Negative,स्वरूप
4727,मी आज राखाडी कुर्ता घातला आहे.,Neutral,स्वरूप
4728,मी आज काळा कुर्ता खरेदी केला.,Neutral,स्वरूप
4729,दुकानातला हिरवा ड्रेस तुझ्यावर विचित्र वाटतोय.,Negative,स्वरूप
4730,तुझा मित्र या निळ्या ड्रेसमध्ये खूप हँडसम दिसतेय.,Positive,स्वरूप
4731,मी रात्री वरण भात ऑर्डर करतो.,Neutral,अन्न
4732,मी रोज सकाळी चहा आणि बिस्किटं खाणार आहे.,Neutral,अन्न
4733,"कालची बिर्याणी खूपच चविष्ट होती, पोट भरलं.",Positive,अन्न
4734,"मी १० मिनिटांत दुकानात पोहोचलो, नंतर कॉल करतो.",Neutral,संभाषण
4735,आम्ही दुपारी कॉफी ऑर्डर करतो.,Neutral,अन्न
4736,त्याने काल पांढरा शर्ट घालणार आहे.,Neutral,स्वरूप
4737,"आज ऑफिसमध्ये खूप राजकारण आहे, मला नोकरी सोडायची आहे.",Negative,नोकरी
4738,मी आज राखाडी कोट घातला आहे.,Neutral,स्वरूप
4739,त्याने काल लाल कोट खरेदी केला.,Neutral,स्वरूप
4740,मी माझा पोर्टफोलिओ डिझायनर साठी मेल केला आहे.,Neutral,नोकरी
4741,मी संध्याकाळी वरण भात बनवतो.,Neutral,अन्न
4742,मी आज राखाडी कुर्ता घेतला होता.,Neutral,स्वरूप
4743,तो हिरवा कुर्ता तुझ्यावर निस्तेज दिसत नाहीये.,Negative,स्वरूप
4744,माझी बहीण या लाल टी-शर्टमध्ये एकदम छान दिसतेय.,Positive,स्वरूप
4745,"डब्यातील बिर्याणी एकदम खराब होती, अजिबात आवडली नाही.",Negative,अन्न
4746,"मी १० मिनिटांत बाहेर पोहोचलो, नंतर कॉल करतो.",Neutral,संभाषण
4747,"लग्नातली पुरणपोळी एकदम मस्त लागली, पुन्हा खावीशी वाटते.",Positive,अन्न
4748,मी रात्री कॉफी खाणार आहे.,Neutral,अन्न
4749,दुकानातला निळा ड्रेस तुझ्यावर खूपच खराब दिसत आहे.,Negative,स्वरूप
4750,मी माझा रेझ्युमे मॅनेजर साठी मेल केला आहे.,Neutral,नोकरी
4751,त्याने त्याचा सीव्ही मॅनेजर साठी अपलोड केला অফিসে.,Neutral,नोकरी
4752,त्याने त्याचा सीव्ही अकाऊंटंट पदासाठी पाठवला आहे.,Neutral,नोकरी
4753,माझ्या मित्राने निळा कुर्ता घेतला होता.,Neutral,स्वरूप
4754,त्याने काल निळा कुर्ता घालणार आहे.,Neutral,स्वरूप
4755,तू या पांढऱ्या टी-शर्टमध्ये एकदम छान दिसत आहे.,Positive,स्वरूप
4756,मी आज पांढरा शर्ट घालणार आहे.,Neutral,स्वरूप
4757,"मी १० मिनिटांत स्टेशनवर पोहोचलो, नंतर कॉल करतो.",Neutral,संभाषण
4758,तो लाल ड्रेस तुझ्यावर खूपच खराब वाटतोय.,Negative,स्वरूप
4759,तुझा मित्र या पांढऱ्या ड्रेसमध्ये खूप सुंदर दिसत आहे.,Positive,स्वरूप
4760,तुझा मित्र या गुलाबी कुर्त्यामध्ये खूप सुंदर दिसतेय.,Positive,स्वरूप
4761,मी उद्या निळा कुर्ता घालणार आहे.,Neutral,स्वरूप
4762,"माझा भाऊ घरी निघालो आहे, थोड्या वेळाने बोलू.",Neutral,संभाषण
4763,तुझा मित्र या गुलाबी शर्टमध्ये खूप हँडसम दिसत आहे.,Positive,स्वरूप
4764,कालचा हिरवा टी-शर्ट तुझ्यावर खूपच खराब दिसत आहे.,Negative,स्वरूप
4765,हा पिवळा कुर्ता तुझ्यावर निस्तेज दिसतोय.,Negative,स्वरूप
4766,तो हिरवा शर्ट तुझ्यावर अजिबात चांगला दिसत नाहीये.,Negative,स्वरूप
4767,"आज ऑफिसमध्ये खूप राजकारण सुरू आहे, अजिबात आवडत नाही.",Negative,नोकरी
4768,मी उद्या राखाडी शर्ट घालणार आहे.,Neutral,स्वरूप
4769,मी उद्या पांढरा टी-शर्ट खरेदी केला.,Neutral,स्वरूप
4770,कालचा निळा कुर्ता तुझ्यावर चुकीचा वाटतोय.,Negative,स्वरूप
4771,"पार्टीतील बिर्याणी खूप भारी होती, मजा आली!",Positive,अन्न
4772,तुझा मित्र या काळ्या कुर्त्यामध्ये खूप सुंदर दिसत आहेस.,Positive,स्वरूप
4773,तू या लाल शर्टमध्ये खूप सुंदर दिसत आहे.,Positive,स्वरूप
4774,तो हिरवा कुर्ता तुझ्यावर विचित्र वाटतोय.,Negative,स्वरूप
4775,"तो आत्ता स्टेशनवर निघालो आहे, थोड्या वेळाने बोलू.",Neutral,संभाषण
4776,तुझा भाऊ त्या पांढऱ्या ड्रेसमध्ये एकदम गोड दिसतोय.,Positive,स्वरूप
4777,"मी १० मिनिटांत स्टेशनवर निघालो आहे, थोड्या वेळाने बोलू.",Neutral,संभाषण
4778,दुकानातला काळा टी-शर्ट तुझ्यावर विचित्र दिसतोय.,Negative,स्वरूप
4779,माझा मित्र त्याचा रेझ्युमे डिझायनर साठी एचआरला दिला आहे.,Neutral,नोकरी
4780,माझी बहीण या निळ्या शर्टमध्ये एकदम छान दिसत आहेस.,Positive,स्वरूप
4781,"कालची थाळी अप्रतिम होती, पोट भरलं.",Positive,अन्न
4782,तू या निळ्या टी-शर्टमध्ये खूप सुंदर दिसत आहे.,Positive,स्वरूप
4783,तुझा भाऊ त्या निळ्या कुर्त्यामध्ये एकदम गोड दिसत आहेस.,Positive,स्वरूप
4784,"डब्यातील बिर्याणी एकदम खराब लागली, पैसे वाया गेले.",Negative,अन्न
4785,कालचा काळा ड्रेस तुझ्यावर विचित्र दिसत आहे.,Negative,स्वरूप
4786,माझी बहीण या लाल साडीमध्ये खूपच आकर्षक दिसतेय.,Positive,स्वरूप
4787,तुझा मित्र या काळ्या साडीमध्ये खूप हँडसम दिसत आहेस.,Positive,स्वरूप
4788,मी संध्याकाळी कॉफी ऑर्डर करतो.,Neutral,अन्न
4789,"माझा भाऊ बाहेर पोहोचलो, नंतर कॉल करतो.",Neutral,संभाषण
4790,त्याने काल लाल कुर्ता घालणार आहे.,Neutral,स्वरूप
4791,"कालची डाळ खूप खारट लागली, पैसे वाया गेले.",Negative,अन्न
4792,कालचा लाल कुर्ता तुझ्यावर खूपच खराब वाटतोय.,Negative,स्वरूप
4793,त्याने काल पांढरा शर्ट घेतला होता.,Neutral,स्वरूप
4794,मी आज राखाडी टी-शर्ट खरेदी केला.,Neutral,स्वरूप
4795,मी आज काळा टी-शर्ट घेतला होता.,Neutral,स्वरूप
4796,तुझा भाऊ त्या निळ्या कुर्त्यामध्ये खूपच आकर्षक दिसतोय.,Positive,स्वरूप
4797,दुकानातला काळा कुर्ता तुझ्यावर निस्तेज दिसत आहे.,Negative,स्वरूप
4798,तू या पांढऱ्या ड्रेसमध्ये एकदम छान दिसत आहे.,Positive,स्वरूप
4799,मी उद्या काळा टी-शर्ट घालणार आहे.,Neutral,स्वरूप
4800,हा हिरवा शर्ट तुझ्यावर विचित्र दिसतोय.,Negative,स्वरूप
4801,माझी बहीण या काळ्या साडीमध्ये एकदम गोड दिसत आहेस.,Positive,स्वरूप
4802,त्याने काल लाल कुर्ता घातला आहे.,Neutral,स्वरूप
4803,"हॉटेलमधली बिर्याणी खूप तिखट लागली, पैसे वाया गेले.",Negative,अन्न
4804,मी माझा रेझ्युमे डेटा अ‍ॅनालिस्ट पदासाठी पाठवला आहे.,Neutral,नोकरी
4805,मी आज लाल कुर्ता घालणार आहे.,Neutral,स्वरूप
4806,कालचा पिवळा शर्ट तुझ्यावर विचित्र दिसतोय.,Negative,स्वरूप
4807,हा पिवळा ड्रेस तुझ्यावर खूपच खराब दिसत नाहीये.,Negative,स्वरूप
4808,त्याने काल काळा कोट घातला आहे.,Neutral,स्वरूप
4809,मी उद्या लाल कुर्ता घातला आहे.,Neutral,स्वरूप
4810,दुकानातला पिवळा ड्रेस तुझ्यावर चुकीचा दिसत नाहीये.,Negative,स्वरूप
4811,कालचा काळा शर्ट तुझ्यावर निस्तेज वाटतोय.,Negative,स्वरूप
4812,"मी आत्ताच दुकानात आलो आहे, मेसेज चेक कर.",Neutral,संभाषण
4813,मी उद्या राखाडी कुर्ता घालणार आहे.,Neutral,स्वरूप
4814,तो निळा कुर्ता तुझ्यावर निस्तेज दिसत नाहीये.,Negative,स्वरूप
4815,आम्ही दुपारी चहा आणि बिस्किटं बनवतो.,Neutral,अन्न
4816,तुझा मेसेज वाचून मला एकदम वाईट फील होत आहे.,Negative,भावना
4817,माझ्या मित्राने निळा शर्ट घेतला होता.,Neutral,स्वरूप
4818,"आईच्या हातची पुरणपोळी खूप भारी होती, पोट भरलं.",Positive,अन्न
4819,"कालची पुरणपोळी खूपच चविष्ट लागली, एकदम भारी.",Positive,अन्न
4820,मी रात्री नाश्त्याला पोहे बनवतो.,Neutral,अन्न
4821,मी रोज सकाळी नाश्त्याला पोहे ऑर्डर करतो.,Neutral,अन्न
4822,तुझा भाऊ त्या पिवळ्या शर्टमध्ये खूपच आकर्षक दिसत आहेस.,Positive,स्वरूप
4823,कालचा हिरवा टी-शर्ट तुझ्यावर खूपच खराब वाटतोय.,Negative,स्वरूप
4824,त्याने काल राखाडी कोट घातला आहे.,Neutral,स्वरूप
4825,मी उद्या राखाडी टी-शर्ट खरेदी केला.,Neutral,स्वरूप
4826,मी आज काळा कोट घेतला होता.,Neutral,स्वरूप
4827,"हॉटेलमधली चटणी खूपच बेचव लागली, पैसे वाया गेले.",Negative,अन्न
4828,दुकानातला निळा ड्रेस तुझ्यावर चुकीचा दिसतोय.,Negative,स्वरूप
4829,"कालची पावभाजी अप्रतिम होती, पोट भरलं.",Positive,अन्न
4830,तो काळा ड्रेस तुझ्यावर विचित्र दिसत आहे.,Negative,स्वरूप
4831,तू या पिवळ्या शर्टमध्ये खूप हँडसम दिसत आहे.,Positive,स्वरूप
4832,"डब्यातील पोळी खूप तिखट लागली, मूड खराब झाला.",Negative,अन्न
4833,माझ्या मित्राने पांढरा कुर्ता खरेदी केला.,Neutral,स्वरूप
4834,तुझा भाऊ त्या पांढऱ्या कुर्त्यामध्ये एकदम छान दिसत आहेस.,Positive,स्वरूप
4835,मी उद्या राखाडी कुर्ता घेतला होता.,Neutral,स्वरूप
4836,तू या काळ्या ड्रेसमध्ये एकदम गोड दिसतेय.,Positive,स्वरूप
4837,माझी बहीण या गुलाबी टी-शर्टमध्ये खूपच आकर्षक दिसत आहेस.,Positive,स्वरूप
4838,आम्ही दुपारी नाश्त्याला पोहे खातो.,Neutral,अन्न
4839,"कालची बिर्याणी अजिबात चांगली लागली, मूड खराब झाला.",Negative,अन्न
4840,तुझा भाऊ त्या पांढऱ्या टी-शर्टमध्ये खूप हँडसम दिसतोय.,Positive,स्वरूप
4841,तुझा भाऊ त्या लाल ड्रेसमध्ये खूपच आकर्षक दिसत आहेस.,Positive,स्वरूप
4842,आम्ही दुपारी कॉफी खाणार आहे.,Neutral,अन्न
4843,तू या पिवळ्या ड्रेसमध्ये एकदम छान दिसत आहेस.,Positive,स्वरूप
4844,मी उद्या पांढरा शर्ट खरेदी केला.,Neutral,स्वरूप
4845,तू या पिवळ्या ड्रेसमध्ये खूप हँडसम दिसतोय.,Positive,स्वरूप
4846,माझा मित्र त्याचा रेझ्युमे मॅनेजर साठी मेल केला आहे.,Neutral,नोकरी
4847,माझी बहीण या गुलाबी टी-शर्टमध्ये एकदम गोड दिसतोय.,Positive,स्वरूप
4848,"हॉटेलमधली बिर्याणी खूप तिखट लागली, मूड खराब झाला.",Negative,अन्न
4849,"आजची चिकन लाजवाब होती, पोट भरलं.",Positive,अन्न
4850,तू या लाल ड्रेसमध्ये एकदम गोड दिसत आहे.,Positive,स्वरूप
4851,"कॅन्टीनमधली बिर्याणी अजिबात चांगली लागली, मूड खराब झाला.",Negative,अन्न
4852,मी माझा पोर्टफोलिओ मॅनेजर साठी मेल केला आहे.,Neutral,नोकरी
4853,आम्ही दुपारी चहा आणि बिस्किटं खातो.,Neutral,अन्न
4854,हा निळा शर्ट तुझ्यावर चुकीचा वाटतोय.,Negative,स्वरूप
4855,"डब्यातील बिर्याणी खूपच बेचव लागली, पैसे वाया गेले.",Negative,अन्न
4856,"माझा भाऊ बाहेर आलो आहे, मेसेज चेक कर.",Neutral,संभाषण
4857,तुझा भाऊ त्या पिवळ्या कुर्त्यामध्ये एकदम छान दिसतोय.,Positive,स्वरूप
4858,दुकानातला काळा ड्रेस तुझ्यावर निस्तेज दिसत आहे.,Negative,स्वरूप
4859,तो पिवळा ड्रेस तुझ्यावर निस्तेज दिसत आहे.,Negative,स्वरूप
4860,मी आज पांढरा शर्ट घातला आहे.,Neutral,स्वरूप
4861,तुला भेटून मला खूप निराश झालो मी.,Negative,भावना
4862,कालचा लाल शर्ट तुझ्यावर निस्तेज वाटतोय.,Negative,स्वरूप
4863,मी आज लाल टी-शर्ट घातला आहे.,Neutral,स्वरूप
4864,"माझा भाऊ ऑफिसला आलो आहे, मेसेज चेक कर.",Neutral,संभाषण
4865,कालचा पिवळा ड्रेस तुझ्यावर अजिबात चांगला वाटतोय.,Negative,स्वरूप
4866,कालचा हिरवा ड्रेस तुझ्यावर विचित्र दिसत नाहीये.,Negative,स्वरूप
4867,मी संध्याकाळी वरण भात ऑर्डर करतो.,Neutral,अन्न
4868,"कालची भाजी खूप खारट लागली, पैसे वाया गेले.",Negative,अन्न
4869,हा निळा कुर्ता तुझ्यावर खूपच खराब वाटतोय.,Negative,स्वरूप
4870,"कॅन्टीनमधली पोळी खूप तिखट होती, पोट खराब झालं.",Negative,अन्न
4871,कालचा हिरवा ड्रेस तुझ्यावर निस्तेज दिसतोय.,Negative,स्वरूप
4872,मी आज पांढरा कुर्ता घातला आहे.,Neutral,स्वरूप
4873,कालचा लाल ड्रेस तुझ्यावर अजिबात चांगला वाटतोय.,Negative,स्वरूप
4874,हा हिरवा ड्रेस तुझ्यावर निस्तेज दिसतोय.,Negative,स्वरूप
4875,"तो आत्ता दुकानात निघालो आहे, थोड्या वेळाने बोलू.",Neutral,संभाषण
4876,"हॉटेलमधली बिर्याणी अजिबात चांगली लागली, पैसे वाया गेले.",Negative,अन्न
4877,माझी बहीण या काळ्या साडीमध्ये खूप सुंदर दिसत आहेस.,Positive,स्वरूप
4878,मी उद्या काळा कुर्ता खरेदी केला.,Neutral,स्वरूप
4879,तो लाल टी-शर्ट तुझ्यावर अजिबात चांगला दिसत नाहीये.,Negative,स्वरूप
4880,कालचा हिरवा टी-शर्ट तुझ्यावर निस्तेज दिसत नाहीये.,Negative,स्वरूप
4881,माझ्या मित्राने काळा कोट खरेदी केला.,Neutral,स्वरूप
4882,मी रोज सकाळी चहा आणि बिस्किटं ऑर्डर करतो.,Neutral,अन्न
4883,मी आज निळा टी-शर्ट घातला आहे.,Neutral,स्वरूप
4884,तुझा भाऊ त्या गुलाबी शर्टमध्ये खूप हँडसम दिसत आहेस.,Positive,स्वरूप
4885,"आईच्या हातची पावभाजी एकदम मस्त लागली, पुन्हा खावीशी वाटते.",Positive,अन्न
4886,हा काळा कुर्ता तुझ्यावर चुकीचा दिसत आहे.,Negative,स्वरूप
4887,माझ्या मित्राने लाल कुर्ता घेतला होता.,Neutral,स्वरूप
4888,तू या काळ्या कुर्त्यामध्ये एकदम छान दिसत आहे.,Positive,स्वरूप
4889,"कॅन्टीनमधली चटणी अजिबात चांगली होती, अजिबात आवडली नाही.",Negative,अन्न
4890,माझ्या मित्राने राखाडी कुर्ता घालणार आहे.,Neutral,स्वरूप
4891,माझ्या मित्राने राखाडी कुर्ता घातला आहे.,Neutral,स्वरूप
4892,"कालची पोळी खूपच बेचव लागली, पैसे वाया गेले.",Negative,अन्न
4893,"हॉटेलमधली डाळ अजिबात चांगली लागली, मूड खराब झाला.",Negative,अन्न
4894,"माझा भाऊ स्टेशनवर आलो आहे, मेसेज चेक कर.",Neutral,संभाषण
4895,दुकानातला लाल ड्रेस तुझ्यावर निस्तेज दिसतोय.,Negative,स्वरूप
4896,कालचा हिरवा शर्ट तुझ्यावर अजिबात चांगला दिसत नाहीये.,Negative,स्वरूप
4897,तुला भेटून मला खूप आनंदी वाटलं.,Positive,भावना
4898,त्याने त्याचा सीव्ही डिझायनर साठी मेल केला आहे.,Neutral,नोकरी
4899,दुकानातला लाल टी-शर्ट तुझ्यावर अजिबात चांगला वाटतोय.,Negative,स्वरूप
4900,तो हिरवा टी-शर्ट तुझ्यावर चुकीचा दिसत आहे.,Negative,स्वरूप
4901,मी उद्या लाल कोट घातला आहे.,Neutral,स्वरूप
4902,"माझा भाऊ दुकानात पोहोचलो, नंतर कॉल करतो.",Neutral,संभाषण
4903,त्याने काल निळा कोट घेतला होता.,Neutral,स्वरूप
4904,हा लाल ड्रेस तुझ्यावर चुकीचा दिसत नाहीये.,Negative,स्वरूप
4905,आमचा एचआर तुला डेटा अ‍ॅनालिस्ट साठी नक्की रेफरल देईल.,Positive,नोकरी
4906,तुझा मित्र या पिवळ्या शर्टमध्ये खूपच आकर्षक दिसतेय.,Positive,स्वरूप
4907,मी माझा रेझ्युमे डिझायनर पदासाठी पाठवला आहे.,Neutral,नोकरी
4908,माझी बहीण या पांढऱ्या कुर्त्यामध्ये खूप सुंदर दिसत आहेस.,Positive,स्वरूप
4909,माझ्या मित्राने काळा टी-शर्ट घेतला होता.,Neutral,स्वरूप
4910,"लग्नातली पुरणपोळी एकदम मस्त होती, पोट भरलं.",Positive,अन्न
4911,"हॉटेलमधली थाळी अप्रतिम होती, पोट भरलं.",Positive,अन्न
4912,माझी बहीण या काळ्या शर्टमध्ये खूपच आकर्षक दिसत आहे.,Positive,स्वरूप
4913,दुकानातला काळा शर्ट तुझ्यावर निस्तेज दिसत नाहीये.,Negative,स्वरूप
4914,तू या लाल ड्रेसमध्ये एकदम गोड दिसत आहेस.,Positive,स्वरूप
4915,हा हिरवा कुर्ता तुझ्यावर खूपच खराब दिसत आहे.,Negative,स्वरूप
4916,मी आज पांढरा कुर्ता खरेदी केला.,Neutral,स्वरूप
4917,दुकानातला पिवळा ड्रेस तुझ्यावर खूपच खराब दिसत आहे.,Negative,स्वरूप
4918,तुला भेटून मला एकदम वाईट फील होत आहे.,Negative,भावना
4919,तू या पिवळ्या कुर्त्यामध्ये एकदम छान दिसत आहे.,Positive,स्वरूप
4920,"लग्नातली थाळी लाजवाब लागली, पुन्हा खावीशी वाटते.",Positive,अन्न
4921,आम्ही दुपारी चहा आणि बिस्किटं घेतो.,Neutral,अन्न
4922,"कॅन्टीनमधली डाळ खूपच बेचव लागली, पैसे वाया गेले.",Negative,अन्न
4923,"आईच्या हातची मिसळ अप्रतिम होती, मजा आली!",Positive,अन्न
4924,"आजची बिर्याणी लाजवाब लागली, पुन्हा खावीशी वाटते.",Positive,अन्न
4925,दुकानातला निळा ड्रेस तुझ्यावर विचित्र दिसत नाहीये.,Negative,स्वरूप
4926,"आईच्या हातची चिकन लाजवाब होती, मजा आली!",Positive,अन्न
4927,तो निळा कुर्ता तुझ्यावर निस्तेज दिसतोय.,Negative,स्वरूप
4928,माझ्या मित्राने पांढरा शर्ट घेतला होता.,Neutral,स्वरूप
4929,त्याने त्याचा सीव्ही डेटा अ‍ॅनालिस्ट पदासाठी पाठवला आहे.,Neutral,नोकरी
4930,माझी बहीण या पांढऱ्या साडीमध्ये खूप हँडसम दिसतोय.,Positive,स्वरूप
4931,हा पिवळा ड्रेस तुझ्यावर चुकीचा दिसत आहे.,Negative,स्वरूप
4932,तुझा भाऊ त्या निळ्या टी-शर्टमध्ये खूप सुंदर दिसत आहेस.,Positive,स्वरूप
4933,माझ्या मित्राने लाल कोट खरेदी केला.,Neutral,स्वरूप
4934,कालचा काळा शर्ट तुझ्यावर खूपच खराब दिसत नाहीये.,Negative,स्वरूप
4935,माझा मित्र त्याचा रेझ्युमे डेटा अ‍ॅनालिस्ट पदासाठी पाठवला आहे.,Neutral,नोकरी
4936,"लग्नातली पुरणपोळी अप्रतिम लागली, एकदम भारी.",Positive,अन्न
4937,त्याने काल राखाडी टी-शर्ट घातला आहे.,Neutral,स्वरूप
4938,तुझा मित्र या काळ्या ड्रेसमध्ये खूप सुंदर दिसतेय.,Positive,स्वरूप
4939,तुझा मित्र या पांढऱ्या साडीमध्ये एकदम गोड दिसत आहेस.,Positive,स्वरूप
4940,कालचा हिरवा ड्रेस तुझ्यावर अजिबात चांगला दिसत आहे.,Negative,स्वरूप
4941,हा पिवळा शर्ट तुझ्यावर चुकीचा दिसत आहे.,Negative,स्वरूप
4942,तो हिरवा टी-शर्ट तुझ्यावर अजिबात चांगला वाटतोय.,Negative,स्वरूप
4943,माझ्या मित्राने पांढरा कुर्ता घातला आहे.,Neutral,स्वरूप
4944,"हॉटेलमधली भाजी अजिबात चांगली लागली, पैसे वाया गेले.",Negative,अन्न
4945,मी संध्याकाळी जेवणात भाजी-पोळी बनवतो.,Neutral,अन्न
4946,"माझा भाऊ दुकानात निघालो आहे, थोड्या वेळाने बोलू.",Neutral,संभाषण
4947,त्याने काल लाल कोट घालणार आहे.,Neutral,स्वरूप
4948,तुझा मित्र या निळ्या शर्टमध्ये एकदम छान दिसत आहे.,Positive,स्वरूप
4949,तुझा मेसेज वाचून मला खूप भारी वाटलं मला.,Positive,भावना
4950,"डब्यातील डाळ एकदम खराब लागली, मूड खराब झाला.",Negative,अन्न
4951,तो लाल कुर्ता तुझ्यावर खूपच खराब दिसत नाहीये.,Negative,स्वरूप
4952,मी उद्या काळा कोट घातला आहे.,Neutral,स्वरूप
4953,माझी बहीण या काळ्या शर्टमध्ये खूप सुंदर दिसत आहेस.,Positive,स्वरूप
4954,मी माझा पोर्टफोलिओ सॉफ्टवेअर इंजिनिअर पदासाठी पाठवला आहे.,Neutral,नोकरी
4955,हा निळा कुर्ता तुझ्यावर विचित्र दिसतोय.,Negative,स्वरूप
4956,तुला भेटून मला एकदम वाईट झालो मी.,Negative,भावना
4957,तू या निळ्या कुर्त्यामध्ये एकदम छान दिसत आहेस.,Positive,स्वरूप
4958,तुझा भाऊ त्या काळ्या शर्टमध्ये एकदम गोड दिसत आहेस.,Positive,स्वरूप
4959,तुझा मित्र या गुलाबी शर्टमध्ये खूप सुंदर दिसतोय.,Positive,स्वरूप
4960,कालचा हिरवा टी-शर्ट तुझ्यावर निस्तेज दिसतोय.,Negative,स्वरूप
4961,तुझा मित्र या गुलाबी कुर्त्यामध्ये एकदम छान दिसतोय.,Positive,स्वरूप
4962,"हॉटेलमधली चिकन खूपच चविष्ट लागली, एकदम भारी.",Positive,अन्न
4963,आम्ही दुपारी जेवणात भाजी-पोळी घेतो.,Neutral,अन्न
4964,मी माझ्या मित्राला डेव्हलपर साठी चांगला पगार देईल.,Positive,नोकरी
4965,हा काळा शर्ट तुझ्यावर खूपच खराब वाटतोय.,Negative,स्वरूप
4966,मी उद्या राखाडी कोट खरेदी केला.,Neutral,स्वरूप
4967,त्याने त्याचा सीव्ही डिझायनर साठी अपलोड केला অফিসে.,Neutral,नोकरी
4968,कालचा पिवळा टी-शर्ट तुझ्यावर विचित्र दिसत आहे.,Negative,स्वरूप
4969,मी आज राखाडी कोट घालणार आहे.,Neutral,स्वरूप
4970,दुकानातला हिरवा कुर्ता तुझ्यावर चुकीचा वाटतोय.,Negative,स्वरूप
4971,"मी १० मिनिटांत घरी गेलोय, नंतर अपडेट देतो.",Neutral,संभाषण
4972,तुझा मित्र या गुलाबी साडीमध्ये खूपच आकर्षक दिसतेय.,Positive,स्वरूप
4973,माझ्या मित्राने निळा कोट घालणार आहे.,Neutral,स्वरूप
4974,"हॉटेलमधली पोळी खूप तिखट होती, अजिबात आवडली नाही.",Negative,अन्न
4975,तो पिवळा शर्ट तुझ्यावर निस्तेज दिसत नाहीये.,Negative,स्वरूप
4976,त्याने काल राखाडी कोट घेतला होता.,Neutral,स्वरूप
4977,हा निळा टी-शर्ट तुझ्यावर विचित्र दिसत नाहीये.,Negative,स्वरूप
4978,आम्ही दुपारी नाश्त्याला पोहे ऑर्डर करतो.,Neutral,अन्न
4979,"आजची चटणी अजिबात चांगली होती, पोट खराब झालं.",Negative,अन्न
4980,माझी बहीण या पिवळ्या शर्टमध्ये खूपच आकर्षक दिसत आहेस.,Positive,स्वरूप
4981,तुझा भाऊ त्या निळ्या साडीमध्ये एकदम गोड दिसत आहे.,Positive,स्वरूप
4982,तो काळा ड्रेस तुझ्यावर अजिबात चांगला दिसत नाहीये.,Negative,स्वरूप
4983,तू या लाल ड्रेसमध्ये खूप हँडसम दिसत आहे.,Positive,स्वरूप
4984,मी माझा पोर्टफोलिओ अकाऊंटंट साठी अपलोड केला অফিসে.,Neutral,नोकरी
4985,तू या काळ्या टी-शर्टमध्ये खूपच आकर्षक दिसतेय.,Positive,स्वरूप
4986,त्याने काल काळा कोट घेतला होता.,Neutral,स्वरूप
4987,मी तुला डेव्हलपर साठी नक्की रेफरल देईल.,Positive,नोकरी
4988,कालचा काळा टी-शर्ट तुझ्यावर खूपच खराब वाटतोय.,Negative,स्वरूप
4989,"आईच्या हातची पुरणपोळी लाजवाब होती, मजा आली!",Positive,अन्न
4990,"तो आत्ता दुकानात आलो आहे, मेसेज चेक कर.",Neutral,संभाषण
4991,त्याने काल राखाडी कुर्ता घातला आहे.,Neutral,स्वरूप
4992,"कालची थाळी खूप भारी लागली, पुन्हा खावीशी वाटते.",Positive,अन्न
4993,तुझा आवाज ऐकून मला खूप छान झालो मी.,Positive,भावना
4994,"कालची खिचडी खूप तिखट लागली, मूड खराब झाला.",Negative,अन्न
4995,माझी बहीण या काळ्या ड्रेसमध्ये एकदम गोड दिसत आहेस.,Positive,स्वरूप
4996,त्याने काल पांढरा कोट घालणार आहे.,Neutral,स्वरूप
4997,मी आज पांढरा कुर्ता घालणार आहे.,Neutral,स्वरूप
4998,मी उद्या लाल शर्ट घेतला होता.,Neutral,स्वरूप
4999,मी रात्री कॉफी बनवतो.,Neutral,अन्न
5000,त्याने त्याचा सीव्ही अकाऊंटंट साठी एचआरला दिला आहे.,Neutral,नोकरी
